-- MySQL dump 10.13  Distrib 5.7.12, for osx10.9 (x86_64)
--
-- Host: 192.168.99.100    Database: salon_app
-- ------------------------------------------------------
-- Server version	5.6.30

/*!40101 SET @OLD_CHARACTER_SET_CLIENT=@@CHARACTER_SET_CLIENT */;
/*!40101 SET @OLD_CHARACTER_SET_RESULTS=@@CHARACTER_SET_RESULTS */;
/*!40101 SET @OLD_COLLATION_CONNECTION=@@COLLATION_CONNECTION */;
/*!40101 SET NAMES utf8 */;
/*!40103 SET @OLD_TIME_ZONE=@@TIME_ZONE */;
/*!40103 SET TIME_ZONE='+00:00' */;
/*!40014 SET @OLD_UNIQUE_CHECKS=@@UNIQUE_CHECKS, UNIQUE_CHECKS=0 */;
/*!40014 SET @OLD_FOREIGN_KEY_CHECKS=@@FOREIGN_KEY_CHECKS, FOREIGN_KEY_CHECKS=0 */;
/*!40101 SET @OLD_SQL_MODE=@@SQL_MODE, SQL_MODE='NO_AUTO_VALUE_ON_ZERO' */;
/*!40111 SET @OLD_SQL_NOTES=@@SQL_NOTES, SQL_NOTES=0 */;

--
-- Table structure for table `access_logs`
--

DROP TABLE IF EXISTS `access_logs`;
/*!40101 SET @saved_cs_client     = @@character_set_client */;
/*!40101 SET character_set_client = utf8 */;
CREATE TABLE `access_logs` (
  `id` int(11) NOT NULL AUTO_INCREMENT,
  `start_datetime` datetime DEFAULT NULL COMMENT '処理開始時間',
  `end_datetime` datetime DEFAULT NULL COMMENT '処理終了時間',
  `try_login_id` varchar(200) DEFAULT NULL COMMENT 'ログインユーザーID',
  `success_flg` tinyint(2) unsigned DEFAULT '0',
  `session_id` varchar(255) DEFAULT NULL COMMENT 'セッションID',
  `client_ip` varchar(15) DEFAULT NULL COMMENT 'クライアントIPアドレス',
  `server_ip` varchar(15) DEFAULT NULL COMMENT 'サーバーIPアドレス',
  `agent` text COMMENT 'USER_AGENT',
  `method` varchar(10) DEFAULT NULL COMMENT 'リクエストメソッド',
  `url` varchar(100) DEFAULT NULL COMMENT 'ドキュメントルート以下URL',
  `referer` text COMMENT 'リファラー',
  `http_status` varchar(3) DEFAULT NULL COMMENT 'HTTPステータス',
  PRIMARY KEY (`id`)
) ENGINE=InnoDB DEFAULT CHARSET=utf8;
/*!40101 SET character_set_client = @saved_cs_client */;

--
-- Dumping data for table `access_logs`
--

LOCK TABLES `access_logs` WRITE;
/*!40000 ALTER TABLE `access_logs` DISABLE KEYS */;
/*!40000 ALTER TABLE `access_logs` ENABLE KEYS */;
UNLOCK TABLES;

--
-- Table structure for table `account_receivers`
--

DROP TABLE IF EXISTS `account_receivers`;
/*!40101 SET @saved_cs_client     = @@character_set_client */;
/*!40101 SET character_set_client = utf8 */;
CREATE TABLE `account_receivers` (
  `id` int(11) NOT NULL AUTO_INCREMENT,
  `del_flg` tinyint(1) unsigned NOT NULL DEFAULT '0',
  `created` datetime NOT NULL,
  `modified` datetime NOT NULL,
  `shops_id` int(11) NOT NULL,
  `contractor_account_receivers_id` int(11) NOT NULL,
  `contractor_payment_methods_id` int(11) DEFAULT NULL,
  `specific_code` varchar(50) DEFAULT NULL COMMENT '特殊コード\nオーナーが自身の影響範囲下にある要素に対して、定義できるコード',
  `payment_type` char(1) NOT NULL DEFAULT 'A' COMMENT '支払い方法\nA : 現金\nB : クレジット\nC : その他',
  `credit_card_type` char(1) DEFAULT NULL COMMENT 'クレジットカードタイプ\nA : VISA\nB : JCB\nC : Master\nD : AMEX\nE : Diners\nF : 銀聯',
  `apply_period_from` datetime NOT NULL DEFAULT '1970-01-01 00:00:00' COMMENT '適用期間（開始）',
  `apply_period_to` datetime NOT NULL DEFAULT '9999-12-31 23:59:59' COMMENT '適用期間（終了）',
  PRIMARY KEY (`id`),
  KEY `fk_account_receivers_shops1_idx` (`shops_id`),
  KEY `fk_account_receivers_contractor_payment_methods1_idx` (`contractor_payment_methods_id`),
  KEY `fk_account_receivers_contractor_account_receivers1_idx` (`contractor_account_receivers_id`),
  CONSTRAINT `fk_account_receivers_contractor_account_receivers1` FOREIGN KEY (`contractor_account_receivers_id`) REFERENCES `contractor_account_receivers` (`id`) ON DELETE NO ACTION ON UPDATE NO ACTION,
  CONSTRAINT `fk_account_receivers_contractor_payment_methods1` FOREIGN KEY (`contractor_payment_methods_id`) REFERENCES `contractor_payment_methods` (`id`) ON DELETE NO ACTION ON UPDATE NO ACTION,
  CONSTRAINT `fk_account_receivers_shops1` FOREIGN KEY (`shops_id`) REFERENCES `shops` (`id`) ON DELETE NO ACTION ON UPDATE NO ACTION
) ENGINE=InnoDB AUTO_INCREMENT=6 DEFAULT CHARSET=utf8;
/*!40101 SET character_set_client = @saved_cs_client */;

--
-- Dumping data for table `account_receivers`
--

LOCK TABLES `account_receivers` WRITE;
/*!40000 ALTER TABLE `account_receivers` DISABLE KEYS */;
INSERT INTO `account_receivers` VALUES (1,0,'2016-09-01 00:00:00','2016-09-01 00:00:00',1,1,NULL,NULL,'A',NULL,'2016-09-10 00:00:00','9999-12-31 00:00:00'),(2,0,'2016-09-01 00:00:00','2016-09-01 00:00:00',1,2,NULL,NULL,'B','A','2016-09-10 00:00:00','9999-12-31 00:00:00'),(3,0,'2016-09-01 00:00:00','2016-09-01 00:00:00',1,3,2,NULL,'C',NULL,'2016-09-10 00:00:00','9999-12-31 00:00:00'),(4,0,'2016-09-01 00:00:00','2016-09-01 00:00:00',1,4,1,NULL,'C',NULL,'2016-09-10 00:00:00','9999-12-31 00:00:00'),(5,0,'2016-09-01 00:00:00','2016-09-01 00:00:00',1,5,3,NULL,'C',NULL,'2016-09-10 00:00:00','9999-12-31 00:00:00');
/*!40000 ALTER TABLE `account_receivers` ENABLE KEYS */;
UNLOCK TABLES;

--
-- Table structure for table `bf_access_logs`
--

DROP TABLE IF EXISTS `bf_access_logs`;
/*!40101 SET @saved_cs_client     = @@character_set_client */;
/*!40101 SET character_set_client = utf8 */;
CREATE TABLE `bf_access_logs` (
  `id` int(11) NOT NULL AUTO_INCREMENT,
  `start_datetime` datetime DEFAULT NULL COMMENT '処理開始時間',
  `end_datetime` datetime DEFAULT NULL COMMENT '処理終了時間',
  `try_login_id` varchar(200) DEFAULT NULL COMMENT 'ログインユーザーID',
  `success_flg` tinyint(2) unsigned DEFAULT '0',
  `session_id` varchar(255) DEFAULT NULL COMMENT 'セッションID',
  `client_ip` varchar(15) DEFAULT NULL COMMENT 'クライアントIPアドレス',
  `server_ip` varchar(15) DEFAULT NULL COMMENT 'サーバーIPアドレス',
  `agent` text COMMENT 'USER_AGENT',
  `method` varchar(10) DEFAULT NULL COMMENT 'リクエストメソッド',
  `url` varchar(100) DEFAULT NULL COMMENT 'ドキュメントルート以下URL',
  `referer` text COMMENT 'リファラー',
  `http_status` varchar(3) DEFAULT NULL COMMENT 'HTTPステータス',
  PRIMARY KEY (`id`)
) ENGINE=InnoDB DEFAULT CHARSET=utf8;
/*!40101 SET character_set_client = @saved_cs_client */;

--
-- Dumping data for table `bf_access_logs`
--

LOCK TABLES `bf_access_logs` WRITE;
/*!40000 ALTER TABLE `bf_access_logs` DISABLE KEYS */;
/*!40000 ALTER TABLE `bf_access_logs` ENABLE KEYS */;
UNLOCK TABLES;

--
-- Table structure for table `bf_user4shops`
--

DROP TABLE IF EXISTS `bf_user4shops`;
/*!40101 SET @saved_cs_client     = @@character_set_client */;
/*!40101 SET character_set_client = utf8 */;
CREATE TABLE `bf_user4shops` (
  `id` int(11) NOT NULL AUTO_INCREMENT,
  `del_flg` tinyint(1) unsigned NOT NULL DEFAULT '0',
  `created` datetime NOT NULL,
  `modified` datetime NOT NULL,
  `users_id` int(11) NOT NULL,
  `shops_id` int(11) NOT NULL,
  PRIMARY KEY (`id`),
  KEY `fk_bf_user4shops_users1_idx` (`users_id`),
  KEY `fk_bf_user4shops_shops1_idx` (`shops_id`),
  CONSTRAINT `fk_bf_user4shops_shops1` FOREIGN KEY (`shops_id`) REFERENCES `shops` (`id`) ON DELETE NO ACTION ON UPDATE NO ACTION,
  CONSTRAINT `fk_bf_user4shops_users1` FOREIGN KEY (`users_id`) REFERENCES `users` (`id`) ON DELETE NO ACTION ON UPDATE NO ACTION
) ENGINE=InnoDB AUTO_INCREMENT=3 DEFAULT CHARSET=utf8;
/*!40101 SET character_set_client = @saved_cs_client */;

--
-- Dumping data for table `bf_user4shops`
--

LOCK TABLES `bf_user4shops` WRITE;
/*!40000 ALTER TABLE `bf_user4shops` DISABLE KEYS */;
INSERT INTO `bf_user4shops` VALUES (1,0,'2016-09-01 00:00:00','2016-09-01 00:00:00',1,1),(2,1,'2016-09-01 00:00:00','2016-09-01 00:00:00',2,2);
/*!40000 ALTER TABLE `bf_user4shops` ENABLE KEYS */;
UNLOCK TABLES;

--
-- Table structure for table `categories`
--

DROP TABLE IF EXISTS `categories`;
/*!40101 SET @saved_cs_client     = @@character_set_client */;
/*!40101 SET character_set_client = utf8 */;
CREATE TABLE `categories` (
  `id` int(11) NOT NULL AUTO_INCREMENT,
  `del_flg` tinyint(1) unsigned NOT NULL DEFAULT '0',
  `created` datetime NOT NULL,
  `modified` datetime NOT NULL,
  `industry_type` char(1) NOT NULL COMMENT '業種タイプ\nA : 美容\nB : 理容\nC : ネイル\nD : アイ\nY : 店販商品\nZ : その他',
  `category_lcd` char(4) NOT NULL COMMENT 'カテゴリコード\n※詳細はInsertsを参照\n(A : 美容)\nA001 : カット...\n(B : 理容)\n(C : ネイル)\nC001 : デジタル...\n(D : アイ)\nD001 : エクステ...\n(Y : 店販商品)\nY001 : 消耗品...\n(Z : その他)\nZ001 : 施術指名...',
  `category_name` varchar(50) NOT NULL,
  `menu_type` char(1) NOT NULL DEFAULT 'A' COMMENT 'メニュータイプ\nA : サービス\nB : 店販商品\nC : 施術指名\nD : 特殊調整\nE : 一時メニュー',
  `seq` int(11) NOT NULL,
  PRIMARY KEY (`id`)
) ENGINE=InnoDB AUTO_INCREMENT=44 DEFAULT CHARSET=utf8;
/*!40101 SET character_set_client = @saved_cs_client */;

--
-- Dumping data for table `categories`
--

LOCK TABLES `categories` WRITE;
/*!40000 ALTER TABLE `categories` DISABLE KEYS */;
INSERT INTO `categories` VALUES (1,0,'1970-01-01 00:00:00','1970-01-01 00:00:00','A','A001','カット','A',1),(2,0,'1970-01-01 00:00:00','1970-01-01 00:00:00','A','A002','カラー','A',2),(3,0,'1970-01-01 00:00:00','1970-01-01 00:00:00','A','A003','パーマ','A',3),(4,0,'1970-01-01 00:00:00','1970-01-01 00:00:00','A','A004','ストレート','A',4),(5,0,'1970-01-01 00:00:00','1970-01-01 00:00:00','A','A005','トリートメント','A',5),(6,0,'1970-01-01 00:00:00','1970-01-01 00:00:00','A','A006','セット','A',6),(7,0,'1970-01-01 00:00:00','1970-01-01 00:00:00','A','A901','サービス付加情報','A',7),(8,0,'1970-01-01 00:00:00','1970-01-01 00:00:00','A','A902','顧客付加情報','A',8),(9,0,'1970-01-01 00:00:00','1970-01-01 00:00:00','A','A903','時間付加情報','A',9),(10,0,'1970-01-01 00:00:00','1970-01-01 00:00:00','A','A904','数量付加情報','A',10),(11,0,'1970-01-01 00:00:00','1970-01-01 00:00:00','A','A905','金額付加情報','A',11),(12,0,'1970-01-01 00:00:00','1970-01-01 00:00:00','C','C001','デジタル','A',1),(13,0,'1970-01-01 00:00:00','1970-01-01 00:00:00','C','C002','ジェル','A',2),(14,0,'1970-01-01 00:00:00','1970-01-01 00:00:00','C','C003','パラフィンパック','A',3),(15,0,'1970-01-01 00:00:00','1970-01-01 00:00:00','C','C004','スカルプチュア','A',4),(16,0,'1970-01-01 00:00:00','1970-01-01 00:00:00','C','C901','サービス付加情報','A',5),(17,0,'1970-01-01 00:00:00','1970-01-01 00:00:00','C','C902','顧客付加情報','A',6),(18,0,'1970-01-01 00:00:00','1970-01-01 00:00:00','C','C903','時間付加情報','A',7),(19,0,'1970-01-01 00:00:00','1970-01-01 00:00:00','C','C904','数量付加情報','A',8),(20,0,'1970-01-01 00:00:00','1970-01-01 00:00:00','C','C905','金額付加情報','A',9),(21,0,'1970-01-01 00:00:00','1970-01-01 00:00:00','D','D001','エクステ','A',1),(22,0,'1970-01-01 00:00:00','1970-01-01 00:00:00','D','D002','リムーブ','A',2),(23,0,'1970-01-01 00:00:00','1970-01-01 00:00:00','D','D003','アイメイク','A',3),(24,0,'1970-01-01 00:00:00','1970-01-01 00:00:00','D','D004','その他技術サービス','A',4),(25,0,'1970-01-01 00:00:00','1970-01-01 00:00:00','D','D901','サービス付加情報','A',5),(26,0,'1970-01-01 00:00:00','1970-01-01 00:00:00','D','D902','顧客付加情報','A',6),(27,0,'1970-01-01 00:00:00','1970-01-01 00:00:00','D','D903','時間付加情報','A',7),(28,0,'1970-01-01 00:00:00','1970-01-01 00:00:00','D','D904','数量付加情報','A',8),(29,0,'1970-01-01 00:00:00','1970-01-01 00:00:00','D','D905','金額付加情報','A',9),(30,0,'1970-01-01 00:00:00','1970-01-01 00:00:00','Y','Y001','消耗品','B',1),(31,0,'1970-01-01 00:00:00','1970-01-01 00:00:00','Y','Y002','食品','B',2),(32,0,'1970-01-01 00:00:00','1970-01-01 00:00:00','Y','Y003','美容器具','B',3),(33,0,'1970-01-01 00:00:00','1970-01-01 00:00:00','Y','Y004','アクセサリー','B',4),(34,0,'1970-01-01 00:00:00','1970-01-01 00:00:00','Y','Y901','店販付加情報','B',5),(35,0,'1970-01-01 00:00:00','1970-01-01 00:00:00','Y','Y902','顧客付加情報','B',6),(36,0,'1970-01-01 00:00:00','1970-01-01 00:00:00','Y','Y903','時間付加情報','B',7),(37,0,'1970-01-01 00:00:00','1970-01-01 00:00:00','Y','Y904','数量付加情報','B',8),(38,0,'1970-01-01 00:00:00','1970-01-01 00:00:00','Y','Y905','金額付加情報','B',9),(39,0,'1970-01-01 00:00:00','1970-01-01 00:00:00','Z','Z001','施術指名','C',1),(40,0,'1970-01-01 00:00:00','1970-01-01 00:00:00','Z','Z002','特殊調整','D',2),(41,0,'1970-01-01 00:00:00','1970-01-01 00:00:00','Z','Z003','一時メニュー','E',3),(42,0,'1970-01-01 00:00:00','1970-01-01 00:00:00','Z','Z901','施術指名付加情報','C',4),(43,0,'1970-01-01 00:00:00','1970-01-01 00:00:00','Z','Z902','特殊調整付加情報','D',5);
/*!40000 ALTER TABLE `categories` ENABLE KEYS */;
UNLOCK TABLES;

--
-- Table structure for table `contractor_account_receivers`
--

DROP TABLE IF EXISTS `contractor_account_receivers`;
/*!40101 SET @saved_cs_client     = @@character_set_client */;
/*!40101 SET character_set_client = utf8 */;
CREATE TABLE `contractor_account_receivers` (
  `id` int(11) NOT NULL AUTO_INCREMENT,
  `del_flg` tinyint(1) unsigned NOT NULL DEFAULT '0',
  `created` datetime NOT NULL,
  `modified` datetime NOT NULL,
  `contractors_id` int(11) NOT NULL,
  `specific_code` varchar(50) DEFAULT NULL COMMENT '特殊コード\nオーナーが自身の影響範囲下にある要素に対して、定義できるコード',
  `name` varchar(200) NOT NULL DEFAULT '' COMMENT '売掛先名',
  `seq` int(11) NOT NULL COMMENT '表示順',
  PRIMARY KEY (`id`),
  KEY `fk_contractor_account_receivers_contractors1_idx` (`contractors_id`),
  CONSTRAINT `fk_contractor_account_receivers_contractors1` FOREIGN KEY (`contractors_id`) REFERENCES `contractors` (`id`) ON DELETE NO ACTION ON UPDATE NO ACTION
) ENGINE=InnoDB AUTO_INCREMENT=6 DEFAULT CHARSET=utf8;
/*!40101 SET character_set_client = @saved_cs_client */;

--
-- Dumping data for table `contractor_account_receivers`
--

LOCK TABLES `contractor_account_receivers` WRITE;
/*!40000 ALTER TABLE `contractor_account_receivers` DISABLE KEYS */;
INSERT INTO `contractor_account_receivers` VALUES (1,0,'2016-09-01 00:00:00','2016-09-01 00:00:00',1,NULL,'ゆいちょ銀行',1),(2,0,'2016-09-01 00:00:00','2016-09-01 00:00:00',1,NULL,'（株）ハルコ',2),(3,0,'2016-09-01 00:00:00','2016-09-01 00:00:00',1,NULL,'(株)リーグルトホールディングス',3),(4,0,'2016-09-01 00:00:00','2016-09-01 00:00:00',1,NULL,'(株)ラジカルオプティ',4),(5,0,'2016-09-01 00:00:00','2016-09-01 00:00:00',1,NULL,'滋賀県◯◯課',5);
/*!40000 ALTER TABLE `contractor_account_receivers` ENABLE KEYS */;
UNLOCK TABLES;

--
-- Table structure for table `contractor_categories`
--

DROP TABLE IF EXISTS `contractor_categories`;
/*!40101 SET @saved_cs_client     = @@character_set_client */;
/*!40101 SET character_set_client = utf8 */;
CREATE TABLE `contractor_categories` (
  `id` int(11) NOT NULL AUTO_INCREMENT,
  `del_flg` tinyint(1) unsigned NOT NULL DEFAULT '0',
  `created` datetime NOT NULL,
  `modified` datetime NOT NULL,
  `contractors_id` int(11) NOT NULL,
  `specific_code` varchar(50) DEFAULT NULL COMMENT '特殊コード\nオーナーが自身の影響範囲下にある要素に対して、定義できるコード',
  `menu_type` char(1) NOT NULL DEFAULT 'A' COMMENT 'メニュータイプ\nA : サービス\nB : 店販商品\nC : 施術指名\nD : 特殊調整\nE : 一時メニュー',
  `name` varchar(100) NOT NULL DEFAULT '' COMMENT 'カテゴリ名',
  `description` text NOT NULL COMMENT 'カテゴリ詳細',
  `service_display_bitmask` varchar(16) NOT NULL DEFAULT '0000000000000000' COMMENT '各サービスの表示ステータス\n第15bit : 予備\n第14bit : 予備\n第13bit : 予備\n第12bit : 予備\n第11bit : 予備\n第10bit : 予備\n第9bit : 予備\n第8bit : 予備\n第7bit : 予備\n第6bit : 予備\n第5bit : 管理システム\n第4bit : POSレジ\n第3bit : Beautefolio\n第2bit : Belle-Calla API\n第1bit : Belle-Calla\n第0bit : LisaVation',
  `seq` int(11) NOT NULL COMMENT '表示順',
  PRIMARY KEY (`id`),
  KEY `fk_contractor_categories_contractors1_idx` (`contractors_id`),
  CONSTRAINT `fk_contractor_categories_contractors1` FOREIGN KEY (`contractors_id`) REFERENCES `contractors` (`id`) ON DELETE NO ACTION ON UPDATE NO ACTION
) ENGINE=InnoDB AUTO_INCREMENT=22 DEFAULT CHARSET=utf8;
/*!40101 SET character_set_client = @saved_cs_client */;

--
-- Dumping data for table `contractor_categories`
--

LOCK TABLES `contractor_categories` WRITE;
/*!40000 ALTER TABLE `contractor_categories` DISABLE KEYS */;
INSERT INTO `contractor_categories` VALUES (1,0,'2016-09-01 00:00:00','2016-09-01 00:00:00',1,NULL,'A','新規','','0000000000111001',1),(2,0,'2016-09-01 00:00:00','2016-09-01 00:00:00',1,NULL,'A','顧客','','0000000000111001',2),(3,0,'2016-09-01 00:00:00','2016-09-01 00:00:00',1,NULL,'D','クーポン','','0000000000111101',3),(4,0,'2016-09-01 00:00:00','2016-09-01 00:00:00',1,NULL,'A','オプション','','0000000000111001',4),(5,0,'2016-09-01 00:00:00','2016-09-01 00:00:00',1,NULL,'D','割引','','0000000000111001',5),(6,0,'2016-09-01 00:00:00','2016-09-01 00:00:00',1,NULL,'A','広報クーポン','','0000000000111001',6),(7,0,'2016-09-01 00:00:00','2016-09-01 00:00:00',1,NULL,'D','その他クーポン','','0000000000111001',7),(8,0,'2016-09-01 00:00:00','2016-09-01 00:00:00',1,NULL,'A','お直し','','0000000000111001',8),(9,0,'2016-09-01 00:00:00','2016-09-01 00:00:00',1,NULL,'A','その他','','0000000000111001',9),(10,0,'2016-09-01 00:00:00','2016-09-01 00:00:00',1,NULL,'B','商品','','0000000000111001',10),(11,0,'2016-09-01 00:00:00','2016-09-01 00:00:00',1,NULL,'A','プレゼント本数','','0000000000111001',11),(12,0,'2016-09-01 00:00:00','2016-09-01 00:00:00',1,NULL,'B','フェース商品','','0000000000111001',12),(13,0,'2016-09-01 00:00:00','2016-09-01 00:00:00',1,NULL,'A','アイブロウ','','0000000000111001',13),(14,0,'2016-08-19 19:43:00','2016-09-01 00:00:00',1,NULL,'A','オフ','','0000000000111001',14),(15,0,'2016-09-01 00:00:00','2016-09-01 00:00:00',1,NULL,'A','優待','','0000000000111001',15),(16,0,'2016-09-01 00:00:00','2016-09-01 00:00:00',1,NULL,'A','レギュラーメニュー','','0000000000111111',16),(17,0,'2016-09-01 00:00:00','2016-09-01 00:00:00',1,NULL,'C','指名','','0000000000111001',17),(18,0,'2016-09-01 00:00:00','2016-09-01 00:00:00',1,NULL,'A','OPTION','','0000000000000001',18),(19,0,'2016-09-01 00:00:00','2016-09-01 00:00:00',1,NULL,'A','COMBO','','0000000000000000',19),(20,0,'2016-09-01 00:00:00','2016-09-01 00:00:00',1,NULL,'D','ADJUST','','0000000000000000',20),(21,0,'2016-09-01 00:00:00','2016-09-01 00:00:00',1,NULL,'E','TMP','','0000000000000000',21);
/*!40000 ALTER TABLE `contractor_categories` ENABLE KEYS */;
UNLOCK TABLES;

--
-- Table structure for table `contractor_category4menu_entities`
--

DROP TABLE IF EXISTS `contractor_category4menu_entities`;
/*!40101 SET @saved_cs_client     = @@character_set_client */;
/*!40101 SET character_set_client = utf8 */;
CREATE TABLE `contractor_category4menu_entities` (
  `id` int(11) NOT NULL AUTO_INCREMENT,
  `del_flg` tinyint(1) unsigned NOT NULL DEFAULT '0',
  `created` datetime NOT NULL,
  `modified` datetime NOT NULL,
  `contractor_categories_id` int(11) NOT NULL,
  `menu_entities_id` int(11) NOT NULL,
  `service_display_bitmask` varchar(16) NOT NULL DEFAULT '0000000000000000' COMMENT '※現在未使用（2016年9月1日時点）\n各サービスの表示ステータス\n第15bit : 予備\n第14bit : 予備\n第13bit : 予備\n第12bit : 予備\n第11bit : 予備\n第10bit : 予備\n第9bit : 予備\n第8bit : 予備\n第7bit : 予備\n第6bit : 予備\n第5bit : 管理システム\n第4bit : POSレジ\n第3bit : Beautefolio\n第2bit : Belle-Calla API\n第1bit : Belle-Calla\n第0bit : LisaVation',
  PRIMARY KEY (`id`),
  KEY `fk_contractor_category4menu_entities_contractor_categories1_idx` (`contractor_categories_id`),
  KEY `fk_contractor_category4menu_entities_menu_entities1_idx` (`menu_entities_id`),
  CONSTRAINT `fk_contractor_category4menu_entities_contractor_categories1` FOREIGN KEY (`contractor_categories_id`) REFERENCES `contractor_categories` (`id`) ON DELETE NO ACTION ON UPDATE NO ACTION,
  CONSTRAINT `fk_contractor_category4menu_entities_menu_entities1` FOREIGN KEY (`menu_entities_id`) REFERENCES `menu_entities` (`id`) ON DELETE NO ACTION ON UPDATE NO ACTION
) ENGINE=InnoDB AUTO_INCREMENT=381 DEFAULT CHARSET=utf8;
/*!40101 SET character_set_client = @saved_cs_client */;

--
-- Dumping data for table `contractor_category4menu_entities`
--

LOCK TABLES `contractor_category4menu_entities` WRITE;
/*!40000 ALTER TABLE `contractor_category4menu_entities` DISABLE KEYS */;
INSERT INTO `contractor_category4menu_entities` VALUES (1,0,'2016-09-01 00:00:00','2016-09-01 00:00:00',1,1,'0000000000000000'),(2,0,'2016-09-01 00:00:00','2016-09-01 00:00:00',1,2,'0000000000000000'),(3,0,'2016-09-01 00:00:00','2016-09-01 00:00:00',1,3,'0000000000000000'),(4,0,'2016-09-01 00:00:00','2016-09-01 00:00:00',1,4,'0000000000000000'),(5,0,'2016-09-01 00:00:00','2016-09-01 00:00:00',1,5,'0000000000000000'),(6,0,'2016-09-01 00:00:00','2016-09-01 00:00:00',1,6,'0000000000000000'),(7,0,'2016-09-01 00:00:00','2016-09-01 00:00:00',1,7,'0000000000000000'),(8,0,'2016-09-01 00:00:00','2016-09-01 00:00:00',1,8,'0000000000000000'),(9,0,'2016-09-01 00:00:00','2016-09-01 00:00:00',1,9,'0000000000000000'),(10,0,'2016-09-01 00:00:00','2016-09-01 00:00:00',1,10,'0000000000000000'),(11,0,'2016-09-01 00:00:00','2016-09-01 00:00:00',1,11,'0000000000000000'),(12,0,'2016-09-01 00:00:00','2016-09-01 00:00:00',1,12,'0000000000000000'),(13,0,'2016-09-01 00:00:00','2016-09-01 00:00:00',1,13,'0000000000000000'),(14,0,'2016-09-01 00:00:00','2016-09-01 00:00:00',1,14,'0000000000000000'),(15,0,'2016-09-01 00:00:00','2016-09-01 00:00:00',1,62,'0000000000000000'),(16,0,'2016-09-01 00:00:00','2016-09-01 00:00:00',1,90,'0000000000000000'),(17,0,'2016-09-01 00:00:00','2016-09-01 00:00:00',1,112,'0000000000000000'),(18,0,'2016-09-01 00:00:00','2016-09-01 00:00:00',1,114,'0000000000000000'),(19,0,'2016-09-01 00:00:00','2016-09-01 00:00:00',1,115,'0000000000000000'),(20,0,'2016-09-01 00:00:00','2016-09-01 00:00:00',2,15,'0000000000000000'),(21,0,'2016-09-01 00:00:00','2016-09-01 00:00:00',2,16,'0000000000000000'),(22,0,'2016-09-01 00:00:00','2016-09-01 00:00:00',2,17,'0000000000000000'),(23,0,'2016-09-01 00:00:00','2016-09-01 00:00:00',2,18,'0000000000000000'),(24,0,'2016-09-01 00:00:00','2016-09-01 00:00:00',2,19,'0000000000000000'),(25,0,'2016-09-01 00:00:00','2016-09-01 00:00:00',2,20,'0000000000000000'),(26,0,'2016-09-01 00:00:00','2016-09-01 00:00:00',2,21,'0000000000000000'),(27,0,'2016-09-01 00:00:00','2016-09-01 00:00:00',2,22,'0000000000000000'),(28,0,'2016-09-01 00:00:00','2016-09-01 00:00:00',2,23,'0000000000000000'),(29,0,'2016-09-01 00:00:00','2016-09-01 00:00:00',2,24,'0000000000000000'),(30,0,'2016-09-01 00:00:00','2016-09-01 00:00:00',2,25,'0000000000000000'),(31,0,'2016-09-01 00:00:00','2016-09-01 00:00:00',2,26,'0000000000000000'),(32,0,'2016-09-01 00:00:00','2016-09-01 00:00:00',2,27,'0000000000000000'),(33,0,'2016-09-01 00:00:00','2016-09-01 00:00:00',2,28,'0000000000000000'),(34,0,'2016-09-01 00:00:00','2016-09-01 00:00:00',2,29,'0000000000000000'),(35,0,'2016-09-01 00:00:00','2016-09-01 00:00:00',2,30,'0000000000000000'),(36,0,'2016-09-01 00:00:00','2016-09-01 00:00:00',2,31,'0000000000000000'),(37,0,'2016-09-01 00:00:00','2016-09-01 00:00:00',2,32,'0000000000000000'),(38,0,'2016-09-01 00:00:00','2016-09-01 00:00:00',2,33,'0000000000000000'),(39,0,'2016-09-01 00:00:00','2016-09-01 00:00:00',2,34,'0000000000000000'),(40,0,'2016-09-01 00:00:00','2016-09-01 00:00:00',2,35,'0000000000000000'),(41,0,'2016-09-01 00:00:00','2016-09-01 00:00:00',2,36,'0000000000000000'),(42,0,'2016-09-01 00:00:00','2016-09-01 00:00:00',2,37,'0000000000000000'),(43,0,'2016-09-01 00:00:00','2016-09-01 00:00:00',2,38,'0000000000000000'),(44,0,'2016-09-01 00:00:00','2016-09-01 00:00:00',2,39,'0000000000000000'),(45,0,'2016-09-01 00:00:00','2016-09-01 00:00:00',2,40,'0000000000000000'),(46,0,'2016-09-01 00:00:00','2016-09-01 00:00:00',2,41,'0000000000000000'),(47,0,'2016-09-01 00:00:00','2016-09-01 00:00:00',2,42,'0000000000000000'),(48,0,'2016-09-01 00:00:00','2016-09-01 00:00:00',2,43,'0000000000000000'),(49,0,'2016-09-01 00:00:00','2016-09-01 00:00:00',2,44,'0000000000000000'),(50,0,'2016-09-01 00:00:00','2016-09-01 00:00:00',2,45,'0000000000000000'),(51,0,'2016-09-01 00:00:00','2016-09-01 00:00:00',2,46,'0000000000000000'),(52,0,'2016-09-01 00:00:00','2016-09-01 00:00:00',2,47,'0000000000000000'),(53,0,'2016-09-01 00:00:00','2016-09-01 00:00:00',2,48,'0000000000000000'),(54,0,'2016-09-01 00:00:00','2016-09-01 00:00:00',2,49,'0000000000000000'),(55,0,'2016-09-01 00:00:00','2016-09-01 00:00:00',2,50,'0000000000000000'),(56,0,'2016-09-01 00:00:00','2016-09-01 00:00:00',2,51,'0000000000000000'),(57,0,'2016-09-01 00:00:00','2016-09-01 00:00:00',2,52,'0000000000000000'),(58,0,'2016-09-01 00:00:00','2016-09-01 00:00:00',2,53,'0000000000000000'),(59,0,'2016-09-01 00:00:00','2016-09-01 00:00:00',2,54,'0000000000000000'),(60,0,'2016-09-01 00:00:00','2016-09-01 00:00:00',2,55,'0000000000000000'),(61,0,'2016-09-01 00:00:00','2016-09-01 00:00:00',2,56,'0000000000000000'),(62,0,'2016-09-01 00:00:00','2016-09-01 00:00:00',2,57,'0000000000000000'),(63,0,'2016-09-01 00:00:00','2016-09-01 00:00:00',2,58,'0000000000000000'),(64,0,'2016-09-01 00:00:00','2016-09-01 00:00:00',2,59,'0000000000000000'),(65,0,'2016-09-01 00:00:00','2016-09-01 00:00:00',2,60,'0000000000000000'),(66,0,'2016-09-01 00:00:00','2016-09-01 00:00:00',2,61,'0000000000000000'),(67,0,'2016-09-01 00:00:00','2016-09-01 00:00:00',2,63,'0000000000000000'),(68,0,'2016-09-01 00:00:00','2016-09-01 00:00:00',2,64,'0000000000000000'),(69,0,'2016-09-01 00:00:00','2016-09-01 00:00:00',2,65,'0000000000000000'),(70,0,'2016-09-01 00:00:00','2016-09-01 00:00:00',2,66,'0000000000000000'),(71,0,'2016-09-01 00:00:00','2016-09-01 00:00:00',2,67,'0000000000000000'),(72,0,'2016-09-01 00:00:00','2016-09-01 00:00:00',2,68,'0000000000000000'),(73,0,'2016-09-01 00:00:00','2016-09-01 00:00:00',2,69,'0000000000000000'),(74,0,'2016-09-01 00:00:00','2016-09-01 00:00:00',2,70,'0000000000000000'),(75,0,'2016-09-01 00:00:00','2016-09-01 00:00:00',2,71,'0000000000000000'),(76,0,'2016-09-01 00:00:00','2016-09-01 00:00:00',2,72,'0000000000000000'),(77,0,'2016-09-01 00:00:00','2016-09-01 00:00:00',2,73,'0000000000000000'),(78,0,'2016-09-01 00:00:00','2016-09-01 00:00:00',2,74,'0000000000000000'),(79,0,'2016-09-01 00:00:00','2016-09-01 00:00:00',2,75,'0000000000000000'),(80,0,'2016-09-01 00:00:00','2016-09-01 00:00:00',2,76,'0000000000000000'),(81,0,'2016-09-01 00:00:00','2016-09-01 00:00:00',2,77,'0000000000000000'),(82,0,'2016-09-01 00:00:00','2016-09-01 00:00:00',2,78,'0000000000000000'),(83,0,'2016-09-01 00:00:00','2016-09-01 00:00:00',2,79,'0000000000000000'),(84,0,'2016-09-01 00:00:00','2016-09-01 00:00:00',2,80,'0000000000000000'),(85,0,'2016-09-01 00:00:00','2016-09-01 00:00:00',2,81,'0000000000000000'),(86,0,'2016-09-01 00:00:00','2016-09-01 00:00:00',2,82,'0000000000000000'),(87,0,'2016-09-01 00:00:00','2016-09-01 00:00:00',2,83,'0000000000000000'),(88,0,'2016-09-01 00:00:00','2016-09-01 00:00:00',2,113,'0000000000000000'),(89,0,'2016-09-01 00:00:00','2016-09-01 00:00:00',2,114,'0000000000000000'),(90,0,'2016-09-01 00:00:00','2016-09-01 00:00:00',2,115,'0000000000000000'),(91,0,'2016-09-01 00:00:00','2016-09-01 00:00:00',3,1,'0000000000000000'),(92,0,'2016-09-01 00:00:00','2016-09-01 00:00:00',3,5,'0000000000000000'),(93,0,'2016-09-01 00:00:00','2016-09-01 00:00:00',3,152,'0000000000000000'),(94,0,'2016-09-01 00:00:00','2016-09-01 00:00:00',3,153,'0000000000000000'),(95,0,'2016-09-01 00:00:00','2016-09-01 00:00:00',3,154,'0000000000000000'),(96,0,'2016-09-01 00:00:00','2016-09-01 00:00:00',3,155,'0000000000000000'),(97,0,'2016-09-01 00:00:00','2016-09-01 00:00:00',3,156,'0000000000000000'),(98,0,'2016-09-01 00:00:00','2016-09-01 00:00:00',3,157,'0000000000000000'),(99,0,'2016-09-01 00:00:00','2016-09-01 00:00:00',3,158,'0000000000000000'),(100,0,'2016-09-01 00:00:00','2016-09-01 00:00:00',3,159,'0000000000000000'),(101,0,'2016-09-01 00:00:00','2016-09-01 00:00:00',3,160,'0000000000000000'),(102,0,'2016-09-01 00:00:00','2016-09-01 00:00:00',3,161,'0000000000000000'),(103,0,'2016-09-01 00:00:00','2016-09-01 00:00:00',3,162,'0000000000000000'),(104,0,'2016-09-01 00:00:00','2016-09-01 00:00:00',3,163,'0000000000000000'),(105,0,'2016-09-01 00:00:00','2016-09-01 00:00:00',3,164,'0000000000000000'),(106,0,'2016-09-01 00:00:00','2016-09-01 00:00:00',3,165,'0000000000000000'),(107,0,'2016-09-01 00:00:00','2016-09-01 00:00:00',3,166,'0000000000000000'),(108,0,'2016-09-01 00:00:00','2016-09-01 00:00:00',3,167,'0000000000000000'),(109,0,'2016-09-01 00:00:00','2016-09-01 00:00:00',3,168,'0000000000000000'),(110,0,'2016-09-01 00:00:00','2016-09-01 00:00:00',3,169,'0000000000000000'),(111,0,'2016-09-01 00:00:00','2016-09-01 00:00:00',3,170,'0000000000000000'),(112,0,'2016-09-01 00:00:00','2016-09-01 00:00:00',3,171,'0000000000000000'),(113,0,'2016-09-01 00:00:00','2016-09-01 00:00:00',3,172,'0000000000000000'),(114,0,'2016-09-01 00:00:00','2016-09-01 00:00:00',3,173,'0000000000000000'),(115,0,'2016-09-01 00:00:00','2016-09-01 00:00:00',3,174,'0000000000000000'),(116,0,'2016-09-01 00:00:00','2016-09-01 00:00:00',3,175,'0000000000000000'),(117,0,'2016-09-01 00:00:00','2016-09-01 00:00:00',3,176,'0000000000000000'),(118,0,'2016-09-01 00:00:00','2016-09-01 00:00:00',3,177,'0000000000000000'),(119,0,'2016-09-01 00:00:00','2016-09-01 00:00:00',3,178,'0000000000000000'),(120,0,'2016-09-01 00:00:00','2016-09-01 00:00:00',3,179,'0000000000000000'),(121,0,'2016-09-01 00:00:00','2016-09-01 00:00:00',3,180,'0000000000000000'),(122,0,'2016-09-01 00:00:00','2016-09-01 00:00:00',3,181,'0000000000000000'),(123,0,'2016-09-01 00:00:00','2016-09-01 00:00:00',3,182,'0000000000000000'),(124,0,'2016-09-01 00:00:00','2016-09-01 00:00:00',3,183,'0000000000000000'),(125,0,'2016-09-01 00:00:00','2016-09-01 00:00:00',3,184,'0000000000000000'),(126,0,'2016-09-01 00:00:00','2016-09-01 00:00:00',3,185,'0000000000000000'),(127,0,'2016-09-01 00:00:00','2016-09-01 00:00:00',3,186,'0000000000000000'),(128,0,'2016-09-01 00:00:00','2016-09-01 00:00:00',3,187,'0000000000000000'),(129,0,'2016-09-01 00:00:00','2016-09-01 00:00:00',3,188,'0000000000000000'),(130,0,'2016-09-01 00:00:00','2016-09-01 00:00:00',3,189,'0000000000000000'),(131,0,'2016-09-01 00:00:00','2016-09-01 00:00:00',4,84,'0000000000000000'),(132,0,'2016-09-01 00:00:00','2016-09-01 00:00:00',4,85,'0000000000000000'),(133,0,'2016-09-01 00:00:00','2016-09-01 00:00:00',4,86,'0000000000000000'),(134,0,'2016-09-01 00:00:00','2016-09-01 00:00:00',4,91,'0000000000000000'),(135,0,'2016-09-01 00:00:00','2016-09-01 00:00:00',4,92,'0000000000000000'),(136,0,'2016-09-01 00:00:00','2016-09-01 00:00:00',4,93,'0000000000000000'),(137,0,'2016-09-01 00:00:00','2016-09-01 00:00:00',4,94,'0000000000000000'),(138,0,'2016-09-01 00:00:00','2016-09-01 00:00:00',4,95,'0000000000000000'),(139,0,'2016-09-01 00:00:00','2016-09-01 00:00:00',4,96,'0000000000000000'),(140,0,'2016-09-01 00:00:00','2016-09-01 00:00:00',4,97,'0000000000000000'),(141,0,'2016-09-01 00:00:00','2016-09-01 00:00:00',4,98,'0000000000000000'),(142,0,'2016-09-01 00:00:00','2016-09-01 00:00:00',4,99,'0000000000000000'),(143,0,'2016-09-01 00:00:00','2016-09-01 00:00:00',4,100,'0000000000000000'),(144,0,'2016-09-01 00:00:00','2016-09-01 00:00:00',4,101,'0000000000000000'),(145,0,'2016-09-01 00:00:00','2016-09-01 00:00:00',4,102,'0000000000000000'),(146,0,'2016-09-01 00:00:00','2016-09-01 00:00:00',4,103,'0000000000000000'),(147,0,'2016-09-01 00:00:00','2016-09-01 00:00:00',4,104,'0000000000000000'),(148,0,'2016-09-01 00:00:00','2016-09-01 00:00:00',4,105,'0000000000000000'),(149,0,'2016-09-01 00:00:00','2016-09-01 00:00:00',4,106,'0000000000000000'),(150,0,'2016-09-01 00:00:00','2016-09-01 00:00:00',4,107,'0000000000000000'),(151,0,'2016-09-01 00:00:00','2016-09-01 00:00:00',4,108,'0000000000000000'),(152,0,'2016-09-01 00:00:00','2016-09-01 00:00:00',4,109,'0000000000000000'),(153,0,'2016-09-01 00:00:00','2016-09-01 00:00:00',4,126,'0000000000000000'),(154,0,'2016-09-01 00:00:00','2016-09-01 00:00:00',4,127,'0000000000000000'),(155,0,'2016-09-01 00:00:00','2016-09-01 00:00:00',4,128,'0000000000000000'),(156,0,'2016-09-01 00:00:00','2016-09-01 00:00:00',4,129,'0000000000000000'),(157,0,'2016-09-01 00:00:00','2016-09-01 00:00:00',4,130,'0000000000000000'),(158,0,'2016-09-01 00:00:00','2016-09-01 00:00:00',4,131,'0000000000000000'),(159,0,'2016-09-01 00:00:00','2016-09-01 00:00:00',4,132,'0000000000000000'),(160,0,'2016-09-01 00:00:00','2016-09-01 00:00:00',4,133,'0000000000000000'),(161,0,'2016-09-01 00:00:00','2016-09-01 00:00:00',4,134,'0000000000000000'),(162,0,'2016-09-01 00:00:00','2016-09-01 00:00:00',4,135,'0000000000000000'),(163,0,'2016-09-01 00:00:00','2016-09-01 00:00:00',4,147,'0000000000000000'),(164,0,'2016-09-01 00:00:00','2016-09-01 00:00:00',4,148,'0000000000000000'),(165,0,'2016-09-01 00:00:00','2016-09-01 00:00:00',4,149,'0000000000000000'),(166,0,'2016-09-01 00:00:00','2016-09-01 00:00:00',4,150,'0000000000000000'),(167,0,'2016-09-01 00:00:00','2016-09-01 00:00:00',4,151,'0000000000000000'),(168,0,'2016-09-01 00:00:00','2016-09-01 00:00:00',5,111,'0000000000000000'),(169,0,'2016-09-01 00:00:00','2016-09-01 00:00:00',8,119,'0000000000000000'),(170,0,'2016-09-01 00:00:00','2016-09-01 00:00:00',10,136,'0000000000000000'),(171,0,'2016-09-01 00:00:00','2016-09-01 00:00:00',10,137,'0000000000000000'),(172,0,'2016-09-01 00:00:00','2016-09-01 00:00:00',10,138,'0000000000000000'),(173,0,'2016-09-01 00:00:00','2016-09-01 00:00:00',10,139,'0000000000000000'),(174,0,'2016-09-01 00:00:00','2016-09-01 00:00:00',10,140,'0000000000000000'),(175,0,'2016-09-01 00:00:00','2016-09-01 00:00:00',10,141,'0000000000000000'),(176,0,'2016-09-01 00:00:00','2016-09-01 00:00:00',10,142,'0000000000000000'),(177,0,'2016-09-01 00:00:00','2016-09-01 00:00:00',10,143,'0000000000000000'),(178,0,'2016-09-01 00:00:00','2016-09-01 00:00:00',10,144,'0000000000000000'),(179,0,'2016-09-01 00:00:00','2016-09-01 00:00:00',10,145,'0000000000000000'),(180,0,'2016-09-01 00:00:00','2016-09-01 00:00:00',10,146,'0000000000000000'),(181,0,'2016-09-01 00:00:00','2016-09-01 00:00:00',11,110,'0000000000000000'),(182,0,'2016-09-01 00:00:00','2016-09-01 00:00:00',13,121,'0000000000000000'),(183,0,'2016-09-01 00:00:00','2016-09-01 00:00:00',13,122,'0000000000000000'),(184,0,'2016-09-01 00:00:00','2016-09-01 00:00:00',13,123,'0000000000000000'),(185,0,'2016-09-01 00:00:00','2016-09-01 00:00:00',13,124,'0000000000000000'),(186,0,'2016-09-01 00:00:00','2016-09-01 00:00:00',13,125,'0000000000000000'),(187,0,'2016-09-01 00:00:00','2016-09-01 00:00:00',14,88,'0000000000000000'),(188,0,'2016-09-01 00:00:00','2016-09-01 00:00:00',14,89,'0000000000000000'),(189,0,'2016-09-01 00:00:00','2016-09-01 00:00:00',14,90,'0000000000000000'),(190,0,'2016-09-01 00:00:00','2016-09-01 00:00:00',14,120,'0000000000000000'),(191,0,'2016-09-01 00:00:00','2016-09-01 00:00:00',15,116,'0000000000000000'),(192,0,'2016-09-01 00:00:00','2016-09-01 00:00:00',15,117,'0000000000000000'),(193,0,'2016-09-01 00:00:00','2016-09-01 00:00:00',15,118,'0000000000000000'),(194,0,'2016-09-01 00:00:00','2016-09-01 00:00:00',16,2,'0000000000000000'),(195,0,'2016-09-01 00:00:00','2016-09-01 00:00:00',16,3,'0000000000000000'),(196,0,'2016-09-01 00:00:00','2016-09-01 00:00:00',16,4,'0000000000000000'),(197,0,'2016-09-01 00:00:00','2016-09-01 00:00:00',16,6,'0000000000000000'),(198,0,'2016-09-01 00:00:00','2016-09-01 00:00:00',16,7,'0000000000000000'),(199,0,'2016-09-01 00:00:00','2016-09-01 00:00:00',16,8,'0000000000000000'),(200,0,'2016-09-01 00:00:00','2016-09-01 00:00:00',16,9,'0000000000000000'),(201,0,'2016-09-01 00:00:00','2016-09-01 00:00:00',16,10,'0000000000000000'),(202,0,'2016-09-01 00:00:00','2016-09-01 00:00:00',16,11,'0000000000000000'),(203,0,'2016-09-01 00:00:00','2016-09-01 00:00:00',16,12,'0000000000000000'),(204,0,'2016-09-01 00:00:00','2016-09-01 00:00:00',16,13,'0000000000000000'),(205,0,'2016-09-01 00:00:00','2016-09-01 00:00:00',16,14,'0000000000000000'),(206,0,'2016-09-01 00:00:00','2016-09-01 00:00:00',16,15,'0000000000000000'),(207,0,'2016-09-01 00:00:00','2016-09-01 00:00:00',16,16,'0000000000000000'),(208,0,'2016-09-01 00:00:00','2016-09-01 00:00:00',16,17,'0000000000000000'),(209,0,'2016-09-01 00:00:00','2016-09-01 00:00:00',16,18,'0000000000000000'),(210,0,'2016-09-01 00:00:00','2016-09-01 00:00:00',16,19,'0000000000000000'),(211,0,'2016-09-01 00:00:00','2016-09-01 00:00:00',16,20,'0000000000000000'),(212,0,'2016-09-01 00:00:00','2016-09-01 00:00:00',16,21,'0000000000000000'),(213,0,'2016-09-01 00:00:00','2016-09-01 00:00:00',16,22,'0000000000000000'),(214,0,'2016-09-01 00:00:00','2016-09-01 00:00:00',16,23,'0000000000000000'),(215,0,'2016-09-01 00:00:00','2016-09-01 00:00:00',16,24,'0000000000000000'),(216,0,'2016-09-01 00:00:00','2016-09-01 00:00:00',16,25,'0000000000000000'),(217,0,'2016-09-01 00:00:00','2016-09-01 00:00:00',16,26,'0000000000000000'),(218,0,'2016-09-01 00:00:00','2016-09-01 00:00:00',16,27,'0000000000000000'),(219,0,'2016-09-01 00:00:00','2016-09-01 00:00:00',16,28,'0000000000000000'),(220,0,'2016-09-01 00:00:00','2016-09-01 00:00:00',16,29,'0000000000000000'),(221,0,'2016-09-01 00:00:00','2016-09-01 00:00:00',16,30,'0000000000000000'),(222,0,'2016-09-01 00:00:00','2016-09-01 00:00:00',16,31,'0000000000000000'),(223,0,'2016-09-01 00:00:00','2016-09-01 00:00:00',16,32,'0000000000000000'),(224,0,'2016-09-01 00:00:00','2016-09-01 00:00:00',16,33,'0000000000000000'),(225,0,'2016-09-01 00:00:00','2016-09-01 00:00:00',16,34,'0000000000000000'),(226,0,'2016-09-01 00:00:00','2016-09-01 00:00:00',16,35,'0000000000000000'),(227,0,'2016-09-01 00:00:00','2016-09-01 00:00:00',16,36,'0000000000000000'),(228,0,'2016-09-01 00:00:00','2016-09-01 00:00:00',16,37,'0000000000000000'),(229,0,'2016-09-01 00:00:00','2016-09-01 00:00:00',16,38,'0000000000000000'),(230,0,'2016-09-01 00:00:00','2016-09-01 00:00:00',16,39,'0000000000000000'),(231,0,'2016-09-01 00:00:00','2016-09-01 00:00:00',16,40,'0000000000000000'),(232,0,'2016-09-01 00:00:00','2016-09-01 00:00:00',16,41,'0000000000000000'),(233,0,'2016-09-01 00:00:00','2016-09-01 00:00:00',16,42,'0000000000000000'),(234,0,'2016-09-01 00:00:00','2016-09-01 00:00:00',16,43,'0000000000000000'),(235,0,'2016-09-01 00:00:00','2016-09-01 00:00:00',16,44,'0000000000000000'),(236,0,'2016-09-01 00:00:00','2016-09-01 00:00:00',16,45,'0000000000000000'),(237,0,'2016-09-01 00:00:00','2016-09-01 00:00:00',16,46,'0000000000000000'),(238,0,'2016-09-01 00:00:00','2016-09-01 00:00:00',16,47,'0000000000000000'),(239,0,'2016-09-01 00:00:00','2016-09-01 00:00:00',16,48,'0000000000000000'),(240,0,'2016-09-01 00:00:00','2016-09-01 00:00:00',16,49,'0000000000000000'),(241,0,'2016-09-01 00:00:00','2016-09-01 00:00:00',16,50,'0000000000000000'),(242,0,'2016-09-01 00:00:00','2016-09-01 00:00:00',16,51,'0000000000000000'),(243,0,'2016-09-01 00:00:00','2016-09-01 00:00:00',16,52,'0000000000000000'),(244,0,'2016-09-01 00:00:00','2016-09-01 00:00:00',16,53,'0000000000000000'),(245,0,'2016-09-01 00:00:00','2016-09-01 00:00:00',16,54,'0000000000000000'),(246,0,'2016-09-01 00:00:00','2016-09-01 00:00:00',16,55,'0000000000000000'),(247,0,'2016-09-01 00:00:00','2016-09-01 00:00:00',16,56,'0000000000000000'),(248,0,'2016-09-01 00:00:00','2016-09-01 00:00:00',16,57,'0000000000000000'),(249,0,'2016-09-01 00:00:00','2016-09-01 00:00:00',16,58,'0000000000000000'),(250,0,'2016-09-01 00:00:00','2016-09-01 00:00:00',16,59,'0000000000000000'),(251,0,'2016-09-01 00:00:00','2016-09-01 00:00:00',16,60,'0000000000000000'),(252,0,'2016-09-01 00:00:00','2016-09-01 00:00:00',16,61,'0000000000000000'),(253,0,'2016-09-01 00:00:00','2016-09-01 00:00:00',16,62,'0000000000000000'),(254,0,'2016-09-01 00:00:00','2016-09-01 00:00:00',16,63,'0000000000000000'),(255,0,'2016-09-01 00:00:00','2016-09-01 00:00:00',16,64,'0000000000000000'),(256,0,'2016-09-01 00:00:00','2016-09-01 00:00:00',16,65,'0000000000000000'),(257,0,'2016-09-01 00:00:00','2016-09-01 00:00:00',16,66,'0000000000000000'),(258,0,'2016-09-01 00:00:00','2016-09-01 00:00:00',16,67,'0000000000000000'),(259,0,'2016-09-01 00:00:00','2016-09-01 00:00:00',16,68,'0000000000000000'),(260,0,'2016-09-01 00:00:00','2016-09-01 00:00:00',16,69,'0000000000000000'),(261,0,'2016-09-01 00:00:00','2016-09-01 00:00:00',16,70,'0000000000000000'),(262,0,'2016-09-01 00:00:00','2016-09-01 00:00:00',16,71,'0000000000000000'),(263,0,'2016-09-01 00:00:00','2016-09-01 00:00:00',16,72,'0000000000000000'),(264,0,'2016-09-01 00:00:00','2016-09-01 00:00:00',16,73,'0000000000000000'),(265,0,'2016-09-01 00:00:00','2016-09-01 00:00:00',16,74,'0000000000000000'),(266,0,'2016-09-01 00:00:00','2016-09-01 00:00:00',16,75,'0000000000000000'),(267,0,'2016-09-01 00:00:00','2016-09-01 00:00:00',16,76,'0000000000000000'),(268,0,'2016-09-01 00:00:00','2016-09-01 00:00:00',16,77,'0000000000000000'),(269,0,'2016-09-01 00:00:00','2016-09-01 00:00:00',16,78,'0000000000000000'),(270,0,'2016-09-01 00:00:00','2016-09-01 00:00:00',16,79,'0000000000000000'),(271,0,'2016-09-01 00:00:00','2016-09-01 00:00:00',16,80,'0000000000000000'),(272,0,'2016-09-01 00:00:00','2016-09-01 00:00:00',16,81,'0000000000000000'),(273,0,'2016-09-01 00:00:00','2016-09-01 00:00:00',16,82,'0000000000000000'),(274,0,'2016-09-01 00:00:00','2016-09-01 00:00:00',16,83,'0000000000000000'),(275,0,'2016-09-01 00:00:00','2016-09-01 00:00:00',16,84,'0000000000000000'),(276,0,'2016-09-01 00:00:00','2016-09-01 00:00:00',16,85,'0000000000000000'),(277,0,'2016-09-01 00:00:00','2016-09-01 00:00:00',16,86,'0000000000000000'),(278,0,'2016-09-01 00:00:00','2016-09-01 00:00:00',16,88,'0000000000000000'),(279,0,'2016-09-01 00:00:00','2016-09-01 00:00:00',16,89,'0000000000000000'),(280,0,'2016-09-01 00:00:00','2016-09-01 00:00:00',16,90,'0000000000000000'),(281,0,'2016-09-01 00:00:00','2016-09-01 00:00:00',16,91,'0000000000000000'),(282,0,'2016-09-01 00:00:00','2016-09-01 00:00:00',16,92,'0000000000000000'),(283,0,'2016-09-01 00:00:00','2016-09-01 00:00:00',16,93,'0000000000000000'),(284,0,'2016-09-01 00:00:00','2016-09-01 00:00:00',16,94,'0000000000000000'),(285,0,'2016-09-01 00:00:00','2016-09-01 00:00:00',16,95,'0000000000000000'),(286,0,'2016-09-01 00:00:00','2016-09-01 00:00:00',16,96,'0000000000000000'),(287,0,'2016-09-01 00:00:00','2016-09-01 00:00:00',16,97,'0000000000000000'),(288,0,'2016-09-01 00:00:00','2016-09-01 00:00:00',16,98,'0000000000000000'),(289,0,'2016-09-01 00:00:00','2016-09-01 00:00:00',16,99,'0000000000000000'),(290,0,'2016-09-01 00:00:00','2016-09-01 00:00:00',16,100,'0000000000000000'),(291,0,'2016-09-01 00:00:00','2016-09-01 00:00:00',16,101,'0000000000000000'),(292,0,'2016-09-01 00:00:00','2016-09-01 00:00:00',16,102,'0000000000000000'),(293,0,'2016-09-01 00:00:00','2016-09-01 00:00:00',16,103,'0000000000000000'),(294,0,'2016-09-01 00:00:00','2016-09-01 00:00:00',16,104,'0000000000000000'),(295,0,'2016-09-01 00:00:00','2016-09-01 00:00:00',16,105,'0000000000000000'),(296,0,'2016-09-01 00:00:00','2016-09-01 00:00:00',16,106,'0000000000000000'),(297,0,'2016-09-01 00:00:00','2016-09-01 00:00:00',16,107,'0000000000000000'),(298,0,'2016-09-01 00:00:00','2016-09-01 00:00:00',16,108,'0000000000000000'),(299,0,'2016-09-01 00:00:00','2016-09-01 00:00:00',16,109,'0000000000000000'),(300,0,'2016-09-01 00:00:00','2016-09-01 00:00:00',16,116,'0000000000000000'),(301,0,'2016-09-01 00:00:00','2016-09-01 00:00:00',16,117,'0000000000000000'),(302,0,'2016-09-01 00:00:00','2016-09-01 00:00:00',16,118,'0000000000000000'),(303,0,'2016-09-01 00:00:00','2016-09-01 00:00:00',16,120,'0000000000000000'),(304,0,'2016-09-01 00:00:00','2016-09-01 00:00:00',16,121,'0000000000000000'),(305,0,'2016-09-01 00:00:00','2016-09-01 00:00:00',16,122,'0000000000000000'),(306,0,'2016-09-01 00:00:00','2016-09-01 00:00:00',16,123,'0000000000000000'),(307,0,'2016-09-01 00:00:00','2016-09-01 00:00:00',16,124,'0000000000000000'),(308,0,'2016-09-01 00:00:00','2016-09-01 00:00:00',16,125,'0000000000000000'),(309,0,'2016-09-01 00:00:00','2016-09-01 00:00:00',16,126,'0000000000000000'),(310,0,'2016-09-01 00:00:00','2016-09-01 00:00:00',16,127,'0000000000000000'),(311,0,'2016-09-01 00:00:00','2016-09-01 00:00:00',16,128,'0000000000000000'),(312,0,'2016-09-01 00:00:00','2016-09-01 00:00:00',16,129,'0000000000000000'),(313,0,'2016-09-01 00:00:00','2016-09-01 00:00:00',16,130,'0000000000000000'),(314,0,'2016-09-01 00:00:00','2016-09-01 00:00:00',16,131,'0000000000000000'),(315,0,'2016-09-01 00:00:00','2016-09-01 00:00:00',16,132,'0000000000000000'),(316,0,'2016-09-01 00:00:00','2016-09-01 00:00:00',16,133,'0000000000000000'),(317,0,'2016-09-01 00:00:00','2016-09-01 00:00:00',16,134,'0000000000000000'),(318,0,'2016-09-01 00:00:00','2016-09-01 00:00:00',16,135,'0000000000000000'),(319,0,'2016-09-01 00:00:00','2016-09-01 00:00:00',16,148,'0000000000000000'),(320,0,'2016-09-01 00:00:00','2016-09-01 00:00:00',16,149,'0000000000000000'),(321,0,'2016-09-01 00:00:00','2016-09-01 00:00:00',16,150,'0000000000000000'),(322,0,'2016-09-01 00:00:00','2016-09-01 00:00:00',16,151,'0000000000000000'),(323,0,'2016-09-01 00:00:00','2016-09-01 00:00:00',16,164,'0000000000000000'),(324,0,'2016-09-01 00:00:00','2016-09-01 00:00:00',16,165,'0000000000000000'),(325,0,'2016-09-01 00:00:00','2016-09-01 00:00:00',16,166,'0000000000000000'),(326,0,'2016-09-01 00:00:00','2016-09-01 00:00:00',16,167,'0000000000000000'),(327,0,'2016-09-01 00:00:00','2016-09-01 00:00:00',17,87,'0000000000000000'),(328,0,'2016-09-01 00:00:00','2016-09-01 00:00:00',18,88,'0000000000000000'),(329,0,'2016-09-01 00:00:00','2016-09-01 00:00:00',18,89,'0000000000000000'),(330,0,'2016-09-01 00:00:00','2016-09-01 00:00:00',18,90,'0000000000000000'),(331,0,'2016-09-01 00:00:00','2016-09-01 00:00:00',19,1,'0000000000000000'),(332,0,'2016-09-01 00:00:00','2016-09-01 00:00:00',19,2,'0000000000000000'),(333,0,'2016-09-01 00:00:00','2016-09-01 00:00:00',19,3,'0000000000000000'),(334,0,'2016-09-01 00:00:00','2016-09-01 00:00:00',19,4,'0000000000000000'),(335,0,'2016-09-01 00:00:00','2016-09-01 00:00:00',19,5,'0000000000000000'),(336,0,'2016-09-01 00:00:00','2016-09-01 00:00:00',19,6,'0000000000000000'),(337,0,'2016-09-01 00:00:00','2016-09-01 00:00:00',19,7,'0000000000000000'),(338,0,'2016-09-01 00:00:00','2016-09-01 00:00:00',19,8,'0000000000000000'),(339,0,'2016-09-01 00:00:00','2016-09-01 00:00:00',19,9,'0000000000000000'),(340,0,'2016-09-01 00:00:00','2016-09-01 00:00:00',19,10,'0000000000000000'),(341,0,'2016-09-01 00:00:00','2016-09-01 00:00:00',19,11,'0000000000000000'),(342,0,'2016-09-01 00:00:00','2016-09-01 00:00:00',19,12,'0000000000000000'),(343,0,'2016-09-01 00:00:00','2016-09-01 00:00:00',19,13,'0000000000000000'),(344,0,'2016-09-01 00:00:00','2016-09-01 00:00:00',19,14,'0000000000000000'),(345,0,'2016-09-01 00:00:00','2016-09-01 00:00:00',19,15,'0000000000000000'),(346,0,'2016-09-01 00:00:00','2016-09-01 00:00:00',19,16,'0000000000000000'),(347,0,'2016-09-01 00:00:00','2016-09-01 00:00:00',19,17,'0000000000000000'),(348,0,'2016-09-01 00:00:00','2016-09-01 00:00:00',19,18,'0000000000000000'),(349,0,'2016-09-01 00:00:00','2016-09-01 00:00:00',19,19,'0000000000000000'),(350,0,'2016-09-01 00:00:00','2016-09-01 00:00:00',19,20,'0000000000000000'),(351,0,'2016-09-01 00:00:00','2016-09-01 00:00:00',19,21,'0000000000000000'),(352,0,'2016-09-01 00:00:00','2016-09-01 00:00:00',19,22,'0000000000000000'),(353,0,'2016-09-01 00:00:00','2016-09-01 00:00:00',19,23,'0000000000000000'),(354,0,'2016-09-01 00:00:00','2016-09-01 00:00:00',19,24,'0000000000000000'),(355,0,'2016-09-01 00:00:00','2016-09-01 00:00:00',19,25,'0000000000000000'),(356,0,'2016-09-01 00:00:00','2016-09-01 00:00:00',19,26,'0000000000000000'),(357,0,'2016-09-01 00:00:00','2016-09-01 00:00:00',19,27,'0000000000000000'),(358,0,'2016-09-01 00:00:00','2016-09-01 00:00:00',19,28,'0000000000000000'),(359,0,'2016-09-01 00:00:00','2016-09-01 00:00:00',19,29,'0000000000000000'),(360,0,'2016-09-01 00:00:00','2016-09-01 00:00:00',19,30,'0000000000000000'),(361,0,'2016-09-01 00:00:00','2016-09-01 00:00:00',19,31,'0000000000000000'),(362,0,'2016-09-01 00:00:00','2016-09-01 00:00:00',19,32,'0000000000000000'),(363,0,'2016-09-01 00:00:00','2016-09-01 00:00:00',19,33,'0000000000000000'),(364,0,'2016-09-01 00:00:00','2016-09-01 00:00:00',19,34,'0000000000000000'),(365,0,'2016-09-01 00:00:00','2016-09-01 00:00:00',19,35,'0000000000000000'),(366,0,'2016-09-01 00:00:00','2016-09-01 00:00:00',19,36,'0000000000000000'),(367,0,'2016-09-01 00:00:00','2016-09-01 00:00:00',19,37,'0000000000000000'),(368,0,'2016-09-01 00:00:00','2016-09-01 00:00:00',19,38,'0000000000000000'),(369,0,'2016-09-01 00:00:00','2016-09-01 00:00:00',19,39,'0000000000000000'),(370,0,'2016-09-01 00:00:00','2016-09-01 00:00:00',19,40,'0000000000000000'),(371,0,'2016-09-01 00:00:00','2016-09-01 00:00:00',19,41,'0000000000000000'),(372,0,'2016-09-01 00:00:00','2016-09-01 00:00:00',19,42,'0000000000000000'),(373,0,'2016-09-01 00:00:00','2016-09-01 00:00:00',19,43,'0000000000000000'),(374,0,'2016-09-01 00:00:00','2016-09-01 00:00:00',19,44,'0000000000000000'),(375,0,'2016-09-01 00:00:00','2016-09-01 00:00:00',19,45,'0000000000000000'),(376,0,'2016-09-01 00:00:00','2016-09-01 00:00:00',19,46,'0000000000000000'),(377,0,'2016-09-01 00:00:00','2016-09-01 00:00:00',19,47,'0000000000000000'),(378,0,'2016-09-01 00:00:00','2016-09-01 00:00:00',19,61,'0000000000000000'),(379,0,'2016-09-01 00:00:00','2016-09-01 00:00:00',20,191,'0000000000000000'),(380,0,'2016-09-01 00:00:00','2016-09-01 00:00:00',21,190,'0000000000000000');
/*!40000 ALTER TABLE `contractor_category4menu_entities` ENABLE KEYS */;
UNLOCK TABLES;

--
-- Table structure for table `contractor_devices`
--

DROP TABLE IF EXISTS `contractor_devices`;
/*!40101 SET @saved_cs_client     = @@character_set_client */;
/*!40101 SET character_set_client = utf8 */;
CREATE TABLE `contractor_devices` (
  `id` int(11) NOT NULL AUTO_INCREMENT,
  `del_flg` tinyint(1) unsigned NOT NULL DEFAULT '0',
  `created` datetime NOT NULL,
  `modified` datetime NOT NULL,
  `contractors_id` int(11) NOT NULL,
  `specific_code` varchar(50) DEFAULT NULL COMMENT '特殊コード\nオーナーが自身の影響範囲下にある要素に対して、定義できるコード',
  `device_id` varchar(255) NOT NULL COMMENT 'デバイスID',
  `device_condition_type` char(1) NOT NULL DEFAULT 'A' COMMENT 'デバイスの状態\nA : 承認待ち\nB : 使用中\nC : 紛失\nD : 拒否',
  `name` varchar(100) NOT NULL DEFAULT '' COMMENT 'カテゴリ名',
  `notes` text NOT NULL COMMENT '備考',
  `seq` int(11) NOT NULL COMMENT '表示順',
  PRIMARY KEY (`id`),
  KEY `fk_contractor_devices_contractors1_idx` (`contractors_id`),
  CONSTRAINT `fk_contractor_devices_contractors1` FOREIGN KEY (`contractors_id`) REFERENCES `contractors` (`id`) ON DELETE NO ACTION ON UPDATE NO ACTION
) ENGINE=InnoDB DEFAULT CHARSET=utf8;
/*!40101 SET character_set_client = @saved_cs_client */;

--
-- Dumping data for table `contractor_devices`
--

LOCK TABLES `contractor_devices` WRITE;
/*!40000 ALTER TABLE `contractor_devices` DISABLE KEYS */;
/*!40000 ALTER TABLE `contractor_devices` ENABLE KEYS */;
UNLOCK TABLES;

--
-- Table structure for table `contractor_payment_method4shops`
--

DROP TABLE IF EXISTS `contractor_payment_method4shops`;
/*!40101 SET @saved_cs_client     = @@character_set_client */;
/*!40101 SET character_set_client = utf8 */;
CREATE TABLE `contractor_payment_method4shops` (
  `id` int(11) NOT NULL AUTO_INCREMENT COMMENT '※削除予定テーブル',
  `del_flg` tinyint(1) unsigned NOT NULL DEFAULT '0',
  `created` datetime NOT NULL,
  `modified` datetime NOT NULL,
  `contractor_payment_methods_id` int(11) NOT NULL,
  `shops_id` int(11) NOT NULL,
  PRIMARY KEY (`id`),
  KEY `fk_contractor_payment_method4shops_contractor_payment_metho_idx` (`contractor_payment_methods_id`),
  KEY `fk_contractor_payment_method4shops_shops1_idx` (`shops_id`),
  CONSTRAINT `fk_contractor_payment_method4shops_contractor_payment_methods1` FOREIGN KEY (`contractor_payment_methods_id`) REFERENCES `contractor_payment_methods` (`id`) ON DELETE NO ACTION ON UPDATE NO ACTION,
  CONSTRAINT `fk_contractor_payment_method4shops_shops1` FOREIGN KEY (`shops_id`) REFERENCES `shops` (`id`) ON DELETE NO ACTION ON UPDATE NO ACTION
) ENGINE=InnoDB AUTO_INCREMENT=4 DEFAULT CHARSET=utf8;
/*!40101 SET character_set_client = @saved_cs_client */;

--
-- Dumping data for table `contractor_payment_method4shops`
--

LOCK TABLES `contractor_payment_method4shops` WRITE;
/*!40000 ALTER TABLE `contractor_payment_method4shops` DISABLE KEYS */;
INSERT INTO `contractor_payment_method4shops` VALUES (1,0,'2016-09-01 00:00:00','2016-09-01 00:00:00',1,1),(2,0,'2016-09-01 00:00:00','2016-09-01 00:00:00',2,1),(3,0,'2016-09-01 00:00:00','2016-09-01 00:00:00',3,1);
/*!40000 ALTER TABLE `contractor_payment_method4shops` ENABLE KEYS */;
UNLOCK TABLES;

--
-- Table structure for table `contractor_payment_methods`
--

DROP TABLE IF EXISTS `contractor_payment_methods`;
/*!40101 SET @saved_cs_client     = @@character_set_client */;
/*!40101 SET character_set_client = utf8 */;
CREATE TABLE `contractor_payment_methods` (
  `id` int(11) NOT NULL AUTO_INCREMENT,
  `del_flg` tinyint(1) unsigned NOT NULL DEFAULT '0',
  `created` datetime NOT NULL,
  `modified` datetime NOT NULL,
  `contractors_id` int(11) NOT NULL,
  `specific_code` varchar(50) DEFAULT NULL COMMENT '特殊コード\nオーナーが自身の影響範囲下にある要素に対して、定義できるコード',
  `misc_payment_type` char(1) NOT NULL COMMENT 'その他の支払い区分\nA : ポイントプログラム\nB : プリペイド式\nC : ポストペイ式',
  `name` varchar(100) NOT NULL,
  `seq` int(11) NOT NULL COMMENT '表示順',
  PRIMARY KEY (`id`),
  KEY `fk_contractor_payment_methods_contractors1_idx` (`contractors_id`),
  CONSTRAINT `fk_contractor_payment_methods_contractors1` FOREIGN KEY (`contractors_id`) REFERENCES `contractors` (`id`) ON DELETE NO ACTION ON UPDATE NO ACTION
) ENGINE=InnoDB AUTO_INCREMENT=4 DEFAULT CHARSET=utf8;
/*!40101 SET character_set_client = @saved_cs_client */;

--
-- Dumping data for table `contractor_payment_methods`
--

LOCK TABLES `contractor_payment_methods` WRITE;
/*!40000 ALTER TABLE `contractor_payment_methods` DISABLE KEYS */;
INSERT INTO `contractor_payment_methods` VALUES (1,0,'2016-09-01 00:00:00','2016-09-01 00:00:00',1,NULL,'A','自社ポイント',1),(2,0,'2016-09-01 00:00:00','2016-09-01 00:00:00',1,NULL,'A','HPBポイント',2),(3,0,'2016-09-01 00:00:00','2016-09-01 00:00:00',1,NULL,'B','金券A',3);
/*!40000 ALTER TABLE `contractor_payment_methods` ENABLE KEYS */;
UNLOCK TABLES;

--
-- Table structure for table `contractors`
--

DROP TABLE IF EXISTS `contractors`;
/*!40101 SET @saved_cs_client     = @@character_set_client */;
/*!40101 SET character_set_client = utf8 */;
CREATE TABLE `contractors` (
  `id` int(11) NOT NULL AUTO_INCREMENT,
  `del_flg` tinyint(1) unsigned NOT NULL DEFAULT '0',
  `created` datetime NOT NULL,
  `modified` datetime NOT NULL,
  `contractor_name` varchar(100) NOT NULL COMMENT '契約者名',
  `tax_rounding_type` varchar(2) NOT NULL DEFAULT '01' COMMENT '消費税の端数処理方法\n01: 四捨五入\n02: 切り上げ\n03: 切り捨て',
  `account_closing_month` int(11) NOT NULL COMMENT '決算月\n1〜12で表現',
  `mail_address` varchar(300) NOT NULL COMMENT 'メールアドレス\nカンマ区切りで複数アドレスの入力が可能',
  PRIMARY KEY (`id`)
) ENGINE=InnoDB AUTO_INCREMENT=2 DEFAULT CHARSET=utf8;
/*!40101 SET character_set_client = @saved_cs_client */;

--
-- Dumping data for table `contractors`
--

LOCK TABLES `contractors` WRITE;
/*!40000 ALTER TABLE `contractors` DISABLE KEYS */;
INSERT INTO `contractors` VALUES (1,0,'2016-09-01 00:00:00','2016-09-01 00:00:00','ダミーオーナー1','01',12,'contracors@rdcl-opti.co.jp,crony-pos.dev@rdcl-opti.co.jp');
/*!40000 ALTER TABLE `contractors` ENABLE KEYS */;
UNLOCK TABLES;

--
-- Table structure for table `counselingform_files`
--

DROP TABLE IF EXISTS `counselingform_files`;
/*!40101 SET @saved_cs_client     = @@character_set_client */;
/*!40101 SET character_set_client = utf8 */;
CREATE TABLE `counselingform_files` (
  `id` int(11) NOT NULL AUTO_INCREMENT,
  `del_flg` tinyint(1) unsigned NOT NULL DEFAULT '0',
  `created` datetime NOT NULL,
  `modified` datetime NOT NULL,
  `shops_id` int(11) NOT NULL,
  `filename` varchar(64) NOT NULL,
  PRIMARY KEY (`id`),
  KEY `fk_counselingform_files_shops1_idx` (`shops_id`),
  CONSTRAINT `fk_counselingform_files_shops1` FOREIGN KEY (`shops_id`) REFERENCES `shops` (`id`) ON DELETE NO ACTION ON UPDATE NO ACTION
) ENGINE=InnoDB AUTO_INCREMENT=3 DEFAULT CHARSET=utf8;
/*!40101 SET character_set_client = @saved_cs_client */;

--
-- Dumping data for table `counselingform_files`
--

LOCK TABLES `counselingform_files` WRITE;
/*!40000 ALTER TABLE `counselingform_files` DISABLE KEYS */;
INSERT INTO `counselingform_files` VALUES (1,0,'2016-09-01 00:00:00','2016-09-01 00:00:00',1,'eyeonly.json'),(2,1,'2016-09-01 00:00:00','2016-09-01 00:00:00',2,'haironly.json');
/*!40000 ALTER TABLE `counselingform_files` ENABLE KEYS */;
UNLOCK TABLES;

--
-- Table structure for table `crony_access_logs`
--

DROP TABLE IF EXISTS `crony_access_logs`;
/*!40101 SET @saved_cs_client     = @@character_set_client */;
/*!40101 SET character_set_client = utf8 */;
CREATE TABLE `crony_access_logs` (
  `id` bigint(20) NOT NULL AUTO_INCREMENT,
  `del_flg` tinyint(1) unsigned NOT NULL DEFAULT '0',
  `created` datetime NOT NULL,
  `modified` datetime NOT NULL,
  `crony_sessions_id` varchar(255) DEFAULT NULL,
  `web_cus_users_id` int(11) DEFAULT NULL,
  `fb_users_id` int(11) DEFAULT NULL,
  `client_ip` varchar(15) NOT NULL COMMENT 'クライアントIPアドレス',
  `server_ip` varchar(15) NOT NULL COMMENT 'サーバーIPアドレス',
  `crony_service_type` char(1) NOT NULL COMMENT 'Cronyサービスタイプ\nA : Belle-Calla\nB : Belle-Calla API\nC : EC\nD : APP',
  `try_login_id` varchar(200) DEFAULT NULL COMMENT 'ログイン試行ユーザーID\nweb_cus_usersのみ設定',
  `success_flg` tinyint(1) unsigned NOT NULL DEFAULT '0' COMMENT 'ログイン成否フラグ',
  `user_agent` text COMMENT 'ユーザーエージェント',
  `access_url` text COMMENT 'アクセスURL\nドキュメントルート以下URL',
  `referer` text COMMENT 'リファラー',
  `http_status` char(3) DEFAULT NULL COMMENT 'HTTPステータス',
  PRIMARY KEY (`id`),
  KEY `fk_crony_access_logs_crony_sessions1_idx` (`crony_sessions_id`),
  KEY `fk_crony_access_logs_web_cus_users1_idx` (`web_cus_users_id`),
  KEY `fk_crony_access_logs_fb_users1_idx` (`fb_users_id`),
  CONSTRAINT `fk_crony_access_logs_crony_sessions1` FOREIGN KEY (`crony_sessions_id`) REFERENCES `crony_sessions` (`id`) ON DELETE NO ACTION ON UPDATE NO ACTION,
  CONSTRAINT `fk_crony_access_logs_fb_users1` FOREIGN KEY (`fb_users_id`) REFERENCES `fb_users` (`id`) ON DELETE NO ACTION ON UPDATE NO ACTION,
  CONSTRAINT `fk_crony_access_logs_web_cus_users1` FOREIGN KEY (`web_cus_users_id`) REFERENCES `web_cus_users` (`id`) ON DELETE NO ACTION ON UPDATE NO ACTION
) ENGINE=InnoDB AUTO_INCREMENT=3 DEFAULT CHARSET=utf8;
/*!40101 SET character_set_client = @saved_cs_client */;

--
-- Dumping data for table `crony_access_logs`
--

LOCK TABLES `crony_access_logs` WRITE;
/*!40000 ALTER TABLE `crony_access_logs` DISABLE KEYS */;
INSERT INTO `crony_access_logs` VALUES (2,0,'2016-10-19 00:00:00','2016-10-19 00:00:00','4816374kgm9pvgl9pqqp8bi7p6',1,NULL,'','','D','maika_oikawa',1,'Mozilla/5.0 (Macintosh; Intel Mac OS X 10_11_5) AppleWebKit/537.36 (KHTML, like Gecko) Chrome/53.0.2785.143 Safari/537.36','https://local.docker.salon/crony/','https://local.docker.salon/lisavation/',NULL);
/*!40000 ALTER TABLE `crony_access_logs` ENABLE KEYS */;
UNLOCK TABLES;

--
-- Table structure for table `crony_access_tokens`
--

DROP TABLE IF EXISTS `crony_access_tokens`;
/*!40101 SET @saved_cs_client     = @@character_set_client */;
/*!40101 SET character_set_client = utf8 */;
CREATE TABLE `crony_access_tokens` (
  `id` int(11) NOT NULL AUTO_INCREMENT,
  `del_flg` tinyint(1) unsigned NOT NULL DEFAULT '0',
  `created` datetime NOT NULL,
  `modified` datetime NOT NULL,
  `web_customers_id` int(11) NOT NULL,
  `access_token` varchar(255) NOT NULL COMMENT 'アクセストークン',
  `device_id` varchar(255) NOT NULL COMMENT 'デバイスID',
  `loginned_time` datetime NOT NULL COMMENT 'ログイン時間',
  PRIMARY KEY (`id`),
  KEY `fk_crony_access_tokens_web_customers1_idx` (`web_customers_id`),
  CONSTRAINT `fk_crony_access_tokens_web_customers1` FOREIGN KEY (`web_customers_id`) REFERENCES `web_customers` (`id`) ON DELETE NO ACTION ON UPDATE NO ACTION
) ENGINE=InnoDB DEFAULT CHARSET=utf8;
/*!40101 SET character_set_client = @saved_cs_client */;

--
-- Dumping data for table `crony_access_tokens`
--

LOCK TABLES `crony_access_tokens` WRITE;
/*!40000 ALTER TABLE `crony_access_tokens` DISABLE KEYS */;
/*!40000 ALTER TABLE `crony_access_tokens` ENABLE KEYS */;
UNLOCK TABLES;

--
-- Table structure for table `crony_cus_covers`
--

DROP TABLE IF EXISTS `crony_cus_covers`;
/*!40101 SET @saved_cs_client     = @@character_set_client */;
/*!40101 SET character_set_client = utf8 */;
CREATE TABLE `crony_cus_covers` (
  `id` int(11) NOT NULL AUTO_INCREMENT,
  `del_flg` tinyint(1) unsigned NOT NULL DEFAULT '0',
  `created` datetime NOT NULL,
  `modified` datetime NOT NULL,
  `customers_id` int(11) NOT NULL,
  `pathname` varchar(200) NOT NULL COMMENT 'ファイルパス',
  `verification_cd` varchar(20) NOT NULL,
  `seq` int(11) NOT NULL,
  PRIMARY KEY (`id`),
  KEY `fk_crony_cus_cover_images_customers1_idx` (`customers_id`),
  CONSTRAINT `fk_crony_cus_cover_images_customers1` FOREIGN KEY (`customers_id`) REFERENCES `customers` (`id`) ON DELETE NO ACTION ON UPDATE NO ACTION
) ENGINE=InnoDB DEFAULT CHARSET=utf8;
/*!40101 SET character_set_client = @saved_cs_client */;

--
-- Dumping data for table `crony_cus_covers`
--

LOCK TABLES `crony_cus_covers` WRITE;
/*!40000 ALTER TABLE `crony_cus_covers` DISABLE KEYS */;
/*!40000 ALTER TABLE `crony_cus_covers` ENABLE KEYS */;
UNLOCK TABLES;

--
-- Table structure for table `crony_cus_icons`
--

DROP TABLE IF EXISTS `crony_cus_icons`;
/*!40101 SET @saved_cs_client     = @@character_set_client */;
/*!40101 SET character_set_client = utf8 */;
CREATE TABLE `crony_cus_icons` (
  `id` int(11) NOT NULL AUTO_INCREMENT,
  `del_flg` tinyint(1) unsigned NOT NULL DEFAULT '0',
  `created` datetime NOT NULL,
  `modified` datetime NOT NULL,
  `customers_id` int(11) NOT NULL,
  `pathname` varchar(200) NOT NULL COMMENT 'ファイルパス',
  `verification_cd` varchar(20) NOT NULL,
  `seq` int(11) NOT NULL,
  PRIMARY KEY (`id`),
  KEY `fk_crony_cus_icon_images_customers1_idx` (`customers_id`),
  CONSTRAINT `fk_crony_cus_icon_images_customers1` FOREIGN KEY (`customers_id`) REFERENCES `customers` (`id`) ON DELETE NO ACTION ON UPDATE NO ACTION
) ENGINE=InnoDB DEFAULT CHARSET=utf8;
/*!40101 SET character_set_client = @saved_cs_client */;

--
-- Dumping data for table `crony_cus_icons`
--

LOCK TABLES `crony_cus_icons` WRITE;
/*!40000 ALTER TABLE `crony_cus_icons` DISABLE KEYS */;
/*!40000 ALTER TABLE `crony_cus_icons` ENABLE KEYS */;
UNLOCK TABLES;

--
-- Table structure for table `crony_onetime_keys`
--

DROP TABLE IF EXISTS `crony_onetime_keys`;
/*!40101 SET @saved_cs_client     = @@character_set_client */;
/*!40101 SET character_set_client = utf8 */;
CREATE TABLE `crony_onetime_keys` (
  `id` int(11) NOT NULL AUTO_INCREMENT,
  `del_flg` tinyint(1) unsigned NOT NULL DEFAULT '0',
  `created` datetime NOT NULL,
  `modified` datetime NOT NULL,
  `web_customers_id` int(11) NOT NULL,
  `key` varchar(10) NOT NULL COMMENT 'ワンタイムキー（パスワード）',
  `valid_limit` datetime NOT NULL DEFAULT '9999-12-31 23:59:59' COMMENT '有効期限',
  PRIMARY KEY (`id`),
  KEY `fk_crony_onetime_keys_web_customers1_idx` (`web_customers_id`),
  CONSTRAINT `fk_crony_onetime_keys_web_customers1` FOREIGN KEY (`web_customers_id`) REFERENCES `web_customers` (`id`) ON DELETE NO ACTION ON UPDATE NO ACTION
) ENGINE=InnoDB DEFAULT CHARSET=utf8;
/*!40101 SET character_set_client = @saved_cs_client */;

--
-- Dumping data for table `crony_onetime_keys`
--

LOCK TABLES `crony_onetime_keys` WRITE;
/*!40000 ALTER TABLE `crony_onetime_keys` DISABLE KEYS */;
/*!40000 ALTER TABLE `crony_onetime_keys` ENABLE KEYS */;
UNLOCK TABLES;

--
-- Table structure for table `crony_sessions`
--

DROP TABLE IF EXISTS `crony_sessions`;
/*!40101 SET @saved_cs_client     = @@character_set_client */;
/*!40101 SET character_set_client = utf8 */;
CREATE TABLE `crony_sessions` (
  `id` varchar(255) NOT NULL DEFAULT '',
  `data` text NOT NULL,
  `expires` int(11) DEFAULT NULL,
  PRIMARY KEY (`id`)
) ENGINE=InnoDB DEFAULT CHARSET=utf8;
/*!40101 SET character_set_client = @saved_cs_client */;

--
-- Dumping data for table `crony_sessions`
--

LOCK TABLES `crony_sessions` WRITE;
/*!40000 ALTER TABLE `crony_sessions` DISABLE KEYS */;
INSERT INTO `crony_sessions` VALUES ('4816374kgm9pvgl9pqqp8bi7p6','Config|a:3:{s:9:\"userAgent\";s:32:\"a8b762e206746b7020e41045f4ebeeb7\";s:4:\"time\";i:1476848115;s:9:\"countdown\";i:10;}_Token|a:5:{s:3:\"key\";s:128:\"2f974f7f917c84958e1545d8486daa970e6ddea33dd802ac4e68211da94dd26e26148e31adb60427c961eaf24c171389a53c5a13bdfdb6da28e1f66a56697bf4\";s:18:\"allowedControllers\";a:0:{}s:14:\"allowedActions\";a:0:{}s:14:\"unlockedFields\";a:0:{}s:10:\"csrfTokens\";a:13:{s:128:\"9622bdbc4ca57afcdc436acd015dd5703a988b91e00405846100871daec29e601e2e80cfaa8095b6d9184bc27e60320f9ee8f70a744df757d91c9a56ed62b22b\";i:1476846707;s:128:\"f1359ccfb67e173fe39478878dfaaa09d221f5fe1c48f7babe413873ef9b6d2ef063d18908ada227a1162640bac083b446e8316f2866a13ca4fc31dd995e2ac9\";i:1476846719;s:128:\"236f40e984974727b7734ad82513b95b75dfb47b4764c44f5b3ec3f7d6eb21667668fc4bbbda6de9259c66f7141ece7fe67b10b02b2c6ab98c6a819378cc730c\";i:1476846719;s:128:\"58bb4f75f625162c440d89b21784aed2e5582d4265d108d78984f86ea4e89a8dd04f75e6d5dbb0bd1a4773d3d78982e88235a857ff677e805102a6607d2172bb\";i:1476846720;s:128:\"87a2daf88cdc3625a1dd086fd2a584209ce0d73fe81c41103ae6dc631ce07b99f3a4b3fe9e0760aa8894d0518149b867f9ffb2f79e44e613beae07d97c6fc572\";i:1476846721;s:128:\"1621f3cf23b949d7428cca69ddab7b2b05434b206bdd00fada6768e5b68b7414b00324e3eb74df905de87725a044ed8237c3693f6342c9ce1e10e103ba53e7ec\";i:1476846721;s:128:\"69a09fb02a1d720681c48f0e6a4dd751480a1a6a82d5be9bf10de24a824e2639d3225ff50ae287fbb680b8560b2898cfc8879b1a7fa5aae0eb1b5c9a0a574262\";i:1476846726;s:128:\"d654b83d7cf59a548e9fd77fbb9119e268f5c0672ee6afd82bd9d6cdf7fbad2341b51d6717a92fe7167b56e045d8f96cdaaa301d73ab566c5c20d4ad7dd8075f\";i:1476846726;s:128:\"9f970b9092b7c655b371ab4ee41adb38a331bdfc4c0d62d29d43701ab8057eef637fb66dac8268ca608c59a5c6be2c5b51fc2ed334fc278e2feaf63678e40b76\";i:1476846729;s:128:\"812b482a09169d92f8087d30e9776d2d0ff05bb48ab69afb14341e3360063daded3d1b2d75bb095d49d557d4349f04e23369162ef7452d63288d20d86056da30\";i:1476846729;s:128:\"e1cef5700adf5f4a7908646d89b5adee691cada1bf8619e895f3ed49238a8767d33f3a21606aa09616a2560d49f2d3967fad1a82781fd221c235ab301c975316\";i:1476847206;s:128:\"2d0abaef87209528b068f0b955704177df160863362c5d5262176345167aaca153455ba4409a92c766e8cd3f6067b57c161e4b97e2caff4e10b55f7d57f6ad1e\";i:1476848115;s:128:\"2f974f7f917c84958e1545d8486daa970e6ddea33dd802ac4e68211da94dd26e26148e31adb60427c961eaf24c171389a53c5a13bdfdb6da28e1f66a56697bf4\";i:1476848115;}}Auth|a:1:{s:6:\"LvUser\";a:9:{s:2:\"id\";s:1:\"1\";s:7:\"del_flg\";s:1:\"0\";s:7:\"created\";s:19:\"2016-09-01 00:00:00\";s:8:\"modified\";s:19:\"2016-09-01 00:00:00\";s:13:\"specific_code\";N;s:7:\"user_id\";s:6:\"dummy1\";s:9:\"user_name\";s:22:\"ダミーユーザー1\";s:14:\"contractors_id\";s:1:\"1\";s:9:\"mail_addr\";s:22:\"sample@rdcl-opti.co.jp\";}}LvUser|a:1:{s:12:\"reminder_flg\";s:1:\"0\";}pagingSupport_customer_managecustomer_list|a:3:{s:11:\"search_name\";s:0:\"\";s:20:\"search_member_number\";s:0:\"\";s:10:\"search_tel\";s:0:\"\";}',1476848115);
/*!40000 ALTER TABLE `crony_sessions` ENABLE KEYS */;
UNLOCK TABLES;

--
-- Table structure for table `customer4shops`
--

DROP TABLE IF EXISTS `customer4shops`;
/*!40101 SET @saved_cs_client     = @@character_set_client */;
/*!40101 SET character_set_client = utf8 */;
CREATE TABLE `customer4shops` (
  `id` int(11) NOT NULL AUTO_INCREMENT,
  `del_flg` tinyint(1) unsigned NOT NULL DEFAULT '0',
  `created` datetime NOT NULL,
  `modified` datetime NOT NULL,
  `customers_id` int(11) NOT NULL,
  `shops_id` int(11) NOT NULL,
  `disclosure_type` char(1) NOT NULL DEFAULT 'A' COMMENT '情報の開示タイプ\nA : すべて開示',
  PRIMARY KEY (`id`),
  KEY `fk_customer4shops_customers1_idx` (`customers_id`),
  KEY `fk_customer4shops_shops1_idx` (`shops_id`),
  CONSTRAINT `fk_customer4shops_customers1` FOREIGN KEY (`customers_id`) REFERENCES `customers` (`id`) ON DELETE NO ACTION ON UPDATE NO ACTION,
  CONSTRAINT `fk_customer4shops_shops1` FOREIGN KEY (`shops_id`) REFERENCES `shops` (`id`) ON DELETE NO ACTION ON UPDATE NO ACTION
) ENGINE=InnoDB AUTO_INCREMENT=27 DEFAULT CHARSET=utf8;
/*!40101 SET character_set_client = @saved_cs_client */;

--
-- Dumping data for table `customer4shops`
--

LOCK TABLES `customer4shops` WRITE;
/*!40000 ALTER TABLE `customer4shops` DISABLE KEYS */;
INSERT INTO `customer4shops` VALUES (1,0,'2016-09-01 00:00:00','2016-09-01 00:00:00',1,1,'A'),(2,0,'2016-09-01 00:00:00','2016-09-01 00:00:00',2,1,'A'),(3,0,'2016-09-01 00:00:00','2016-09-01 00:00:00',3,1,'A'),(4,0,'2016-09-01 00:00:00','2016-09-01 00:00:00',4,1,'A'),(5,0,'2016-09-01 00:00:00','2016-09-01 00:00:00',5,1,'A'),(6,0,'2016-09-01 00:00:00','2016-09-01 00:00:00',6,1,'A'),(7,0,'2016-09-01 00:00:00','2016-09-01 00:00:00',7,1,'A'),(8,0,'2016-09-01 00:00:00','2016-09-01 00:00:00',8,1,'A'),(9,0,'2016-09-01 00:00:00','2016-09-01 00:00:00',9,1,'A'),(10,0,'2016-09-01 00:00:00','2016-09-01 00:00:00',10,1,'A'),(11,0,'2016-09-01 00:00:00','2016-09-01 00:00:00',11,1,'A'),(12,0,'2016-09-01 00:00:00','2016-09-01 00:00:00',12,1,'A'),(13,0,'2016-09-01 00:00:00','2016-09-01 00:00:00',13,1,'A'),(14,0,'2016-09-01 00:00:00','2016-09-01 00:00:00',14,1,'A'),(15,0,'2016-09-01 00:00:00','2016-09-01 00:00:00',15,1,'A'),(16,0,'2016-09-01 00:00:00','2016-09-01 00:00:00',16,1,'A'),(17,0,'2016-09-01 00:00:00','2016-09-01 00:00:00',17,1,'A'),(18,0,'2016-09-01 00:00:00','2016-09-01 00:00:00',18,1,'A'),(19,0,'2016-09-01 00:00:00','2016-09-01 00:00:00',19,1,'A'),(20,0,'2016-09-01 00:00:00','2016-09-01 00:00:00',20,1,'A'),(21,0,'2016-09-01 00:00:00','2016-09-01 00:00:00',21,1,'A'),(22,0,'2016-09-01 00:00:00','2016-09-01 00:00:00',22,1,'A'),(23,0,'2016-09-01 00:00:00','2016-09-01 00:00:00',23,1,'A'),(24,0,'2016-09-01 00:00:00','2016-09-01 00:00:00',24,1,'A'),(25,0,'2016-09-01 00:00:00','2016-09-01 00:00:00',25,1,'A'),(26,0,'2016-09-01 00:00:00','2016-09-01 00:00:00',26,1,'A');
/*!40000 ALTER TABLE `customer4shops` ENABLE KEYS */;
UNLOCK TABLES;

--
-- Table structure for table `customers`
--

DROP TABLE IF EXISTS `customers`;
/*!40101 SET @saved_cs_client     = @@character_set_client */;
/*!40101 SET character_set_client = utf8 */;
CREATE TABLE `customers` (
  `id` int(11) NOT NULL AUTO_INCREMENT,
  `del_flg` tinyint(2) unsigned NOT NULL DEFAULT '0',
  `created` datetime NOT NULL,
  `modified` datetime NOT NULL,
  `contractors_id` int(11) NOT NULL,
  `identification_num` char(16) DEFAULT NULL COMMENT '顧客識別番号\nシステムを通しての番号\n第16桁 : 予備\n第15桁 : 予備\n第14桁 : 予備\n第13桁 : 予備\n第3〜12桁 : customers_id\n第2桁 : 生成顧客種別（0 : 店舗側で生成、1 : Webからの生成、2：HPB用のダミーデータ）\n第1桁 : チェックデジット',
  `cus_name` varchar(50) NOT NULL COMMENT '顧客名（姓）',
  `cus_name_mei` varchar(50) DEFAULT NULL COMMENT '顧客名（名）',
  `cus_kana` varchar(50) NOT NULL COMMENT '顧客名かな（せい）',
  `cus_kana_mei` varchar(50) DEFAULT NULL COMMENT '顧客名かな（めい）',
  `sex` int(10) unsigned NOT NULL COMMENT '性別\n0 : 未設定\n1 : 男性\n2 : 女性',
  `birthday` date DEFAULT '0000-00-00' COMMENT '誕生日\n年が未回答の場合は右記形式で保存する「0000-01-01」',
  `zip_no` varchar(20) NOT NULL COMMENT '郵便番号',
  `addr` varchar(255) NOT NULL COMMENT '住所',
  `tel` varchar(20) NOT NULL COMMENT '電話番号（1）',
  `cp_tel` varchar(20) DEFAULT NULL COMMENT '電話番号（2）',
  `fax` varchar(20) DEFAULT NULL COMMENT 'FAX',
  `pc_mail` varchar(100) DEFAULT NULL COMMENT 'Eメールアドレス（1）',
  `mb_mail` varchar(100) DEFAULT NULL COMMENT 'Eメールアドレス（2）',
  `note1` varchar(200) DEFAULT NULL COMMENT '予約メモ\n予約毎に上書きする可能性のある、揮発性のメモ',
  `note2` text COMMENT '顧客備考（1）',
  `note3` text COMMENT '顧客備考（2）',
  `blacklist_flg` tinyint(2) unsigned NOT NULL DEFAULT '0' COMMENT 'ブラックリストフラグ\n0 : 通常顧客\n1 : ブラックリスト顧客',
  `vip` tinyint(2) unsigned NOT NULL DEFAULT '0' COMMENT 'VIPフラグ\n0 : 通常顧客\n1 : VIP顧客',
  `introducer` varchar(50) DEFAULT NULL COMMENT 'customers_id\n※introductionsテーブルに移行する\n※今後、本カラムは使用しない方向に改修進める（2016.10.17現在）',
  `member_number` varchar(200) DEFAULT NULL COMMENT '会員番号',
  `web_customers_id` int(11) NOT NULL,
  `blood_type` char(1) DEFAULT NULL COMMENT '血液型\nA : A型\nB : B型\nC : O型\nD : AB型',
  `job_type` char(1) DEFAULT NULL COMMENT '職業タイプ\nA : 会社員\nB : 主婦\nC : アルバイト\nD : 学生\nE : 無職\nF : その他',
  `dm_send_type` char(1) NOT NULL DEFAULT 'D' COMMENT 'ダイレクトメール送信可否タイプ\nA : 郵送、メール共にOK\nB : 郵送のみOK\nC : メールのみOK\nD : 郵送、メール共にNG',
  PRIMARY KEY (`id`),
  KEY `fk_customers_contractors1_idx` (`contractors_id`),
  CONSTRAINT `fk_customers_contractors1` FOREIGN KEY (`contractors_id`) REFERENCES `contractors` (`id`) ON DELETE NO ACTION ON UPDATE NO ACTION
) ENGINE=InnoDB AUTO_INCREMENT=27 DEFAULT CHARSET=utf8;
/*!40101 SET character_set_client = @saved_cs_client */;

--
-- Dumping data for table `customers`
--

LOCK TABLES `customers` WRITE;
/*!40000 ALTER TABLE `customers` DISABLE KEYS */;
INSERT INTO `customers` VALUES (1,0,'2016-09-08 11:22:43','2016-09-08 11:22:43',1,'1010000000000000','石橋','彩芽','イシバシ','アヤメ',2,'1987-07-03','3230157','栃木県小山市中河原','0289285558','','','','rmqftxzpxmshayame6666@vdgnigjsfu.mrt','','','',0,0,'','00001',0,NULL,NULL,'D'),(2,0,'2016-09-08 11:24:06','2016-09-08 11:26:20',1,'3020000000000000','竹村','芽衣','たけむら','めい',2,'0000-00-00','','','','0242841539','','','Mei_Takemura@xagiieqa.hkz','','','',0,0,'','00002',0,NULL,NULL,'D'),(3,0,'2016-09-08 11:24:38','2016-09-08 11:24:38',1,'4030000000000000','田口','佳苗','たぐち','かなえ',0,'0000-00-00','','','','0274615054','','','','','','',0,0,'','',0,NULL,NULL,'D'),(4,0,'2016-09-08 11:25:52','2016-09-08 11:26:11',1,'3040000000000000','広田','あすか','ひろた','あすか',2,'1995-11-25','','','','','','','','','','',0,0,'','00003',0,NULL,NULL,'D'),(5,0,'2016-09-08 11:26:51','2016-09-08 11:26:51',1,'3050000000000000','ニシムラ','トモコ','にしむら','ともこ',0,'0000-00-00','','','','','','','','','','',0,0,'','',0,NULL,NULL,'D'),(6,0,'2016-09-08 11:28:13','2016-09-08 11:28:13',1,'7060000000000000','川畑','理央','かわばた','りお',2,'0000-12-12','','','','0730952003','','','riokawabata@vldcnigjx.vecp.kai','','','',0,0,'','',0,NULL,NULL,'D'),(7,0,'2016-09-08 11:29:24','2016-10-25 13:20:44',1,'1070000000000000','長岡','涼花','','',0,'0000-00-00','','','0764135657','','','','','','','',0,0,'','00004',0,NULL,NULL,'D'),(8,0,'2016-09-08 11:30:34','2016-09-08 11:30:34',1,'9080000000000000','樋口','琉菜','','',2,'1998-01-03','6408238','和歌山県和歌山市網屋町','','','','','','','','',0,0,'','00005',0,NULL,NULL,'D'),(9,0,'2016-09-08 11:32:23','2016-10-25 13:19:27',1,'3090000000000000','梅村','勝美','ウメムラ','カツミ',2,'0000-02-04','2891736','千葉県山武郡横芝光町新島','0470224075','0184949254','','','','','','',0,0,'','00006',0,NULL,NULL,'D'),(10,0,'2016-09-08 11:33:07','2016-09-08 11:33:07',1,'2010000000000000','タナカ','アスカ','たなか','あすか',0,'0000-00-00','','','','','','','','','','',0,0,'','00007',0,NULL,NULL,'D'),(11,0,'2016-09-08 11:33:26','2016-09-08 11:33:26',1,'3011000000000000','今田','翔子','いまだ','しょうこ',0,'0000-00-00','','','','','','','','','','',0,0,'','',0,NULL,NULL,'D'),(12,0,'2016-09-08 11:34:26','2016-09-08 11:35:47',1,'3012000000000000','今谷','和美','いまたに','かずみ',2,'0000-09-21','0190803','秋田県雄勝郡東成瀬村椿川','0185679851','','0185679852','','','','','',0,0,'','00008',0,NULL,NULL,'D'),(13,0,'2016-09-08 11:35:06','2016-09-08 11:35:06',1,'3013000000000000','すが','いずみ','すが','いずみ',2,'0000-00-00','','','','0936411031','','','','','','',0,0,'','',0,NULL,NULL,'D'),(14,0,'2016-09-01 00:00:00','2016-09-01 00:00:00',1,'4014000000000000','及川','舞花','オイカワ','マイカ',2,'1979-12-27','7810111','高知県高知市池3-16-8 スイート池412','','0881946035','','','maika_oikawa@hmygjferx.rkr.kj','','','',0,0,'','00009',1,'','','D'),(15,0,'2016-09-01 00:00:00','2016-09-01 00:00:00',1,'8015000000000000','早川','早苗','ハヤカワ','サナエ',2,'1957-05-29','7614403','香川県小豆郡小豆島町当浜1-8-17','','0872793996','','','sanaehayakawa@yeziasa.xi','','','',0,0,'','00010',2,'','','D'),(16,0,'2016-09-01 00:00:00','2016-09-01 00:00:00',1,'1016000000000000','藤島','飛鳥','フジシマ','アスカ',2,'1979-12-27','7984124','','0892094508','0892094508','','','asukafujishima@utcsvvhtb.ip','','','',0,0,'','00011',5,'','','D'),(17,0,'2016-09-01 00:00:00','2016-10-25 13:19:52',1,'1017000000000000','武田','江民','タケダ','エミ',2,'0000-00-00','6694253','','0796147369','0796147369','','','bwims=nnam-emi332@gwqi.ser','','','',0,0,'','00012',10,'','','D'),(18,0,'2016-09-01 00:00:00','2016-09-01 00:00:00',1,'7018000000000000','関','遥佳','カン','ハルカ',2,'0000-00-00','0120867','','0184316945','0184316945','','','harukakan@bxpwdeim.vw','','','',0,0,'','00013',11,'','','D'),(19,0,'2016-09-01 00:00:00','2016-09-01 00:00:00',1,'9019000000000000','竹村','華凛','タケムラ','カリン',2,'0000-00-00','9392721','','','0766438876','','','karin6800@rtelnzag.ujx','','','',0,0,'','00014',12,'','','D'),(20,0,'2016-09-01 00:00:00','2016-09-01 00:00:00',1,'1020000000000000','浅田','理恵子','アサダ','リエコ',2,'0000-00-00','7614305','','','0870454168','','','lelxuh=eh-tterieko26103@fkkow.pta','','','',0,0,'','00015',13,'','','D'),(21,0,'2016-09-01 00:00:00','2016-09-01 00:00:00',1,'2021000000000000','菅井','未来','スガイ','ミライ',2,'0000-00-00','2500861','','0442820699','','','','isugai@lddckyblhi.xql','','','',0,0,'','00016',15,'','','D'),(22,0,'2016-09-01 00:00:00','2016-09-01 00:00:00',1,'3022000000000000','飯野','奈々美','イイノ','ナナミ',2,'0000-00-00','9270627','','0766583052','','','','nanamiiino@clvoxulxiz.qg','','','',0,0,'','00017',16,'','','D'),(23,0,'2016-09-01 00:00:00','2016-09-01 00:00:00',1,'4023000000000000','馬場','道世','ババ','ミチヨ',2,'0000-00-00','6751368','','0766583053','','','','obaba@pzjmbleel.pu','','','',0,0,'','00018',17,'','','D'),(24,0,'2016-09-01 00:00:00','2016-09-01 00:00:00',1,'3024000000000000','松岡','晴花','マツオカ','ハルカ',2,'0000-00-00','7991333','','','','','','haruka3143@fztylyr.xep','','','',0,0,'','00019',19,'','','D'),(25,0,'2016-09-08 20:50:37','2016-09-08 20:54:10',1,'5025000000000000','123','123','','',0,'0000-00-00','','','','','','','','','','',0,0,'','123',0,NULL,NULL,'D'),(26,0,'2016-09-08 20:52:48','2016-09-08 20:52:48',1,'9026000000000000','11111','11111','',NULL,0,'0000-00-00','','','',NULL,NULL,NULL,NULL,'',NULL,NULL,0,0,NULL,NULL,0,NULL,NULL,'D');
/*!40000 ALTER TABLE `customers` ENABLE KEYS */;
UNLOCK TABLES;

--
-- Table structure for table `ecsites`
--

DROP TABLE IF EXISTS `ecsites`;
/*!40101 SET @saved_cs_client     = @@character_set_client */;
/*!40101 SET character_set_client = utf8 */;
CREATE TABLE `ecsites` (
  `id` int(11) NOT NULL AUTO_INCREMENT,
  `del_flg` tinyint(1) unsigned NOT NULL DEFAULT '0',
  `created` datetime NOT NULL,
  `modified` datetime NOT NULL,
  `contractors_id` int(11) NOT NULL,
  `url` varchar(64) NOT NULL COMMENT 'サイトURL',
  `authentication_code` varchar(64) NOT NULL COMMENT '認証コード',
  PRIMARY KEY (`id`),
  KEY `fk_ecsites_contractors1_idx` (`contractors_id`),
  CONSTRAINT `fk_ecsites_contractors1` FOREIGN KEY (`contractors_id`) REFERENCES `contractors` (`id`) ON DELETE NO ACTION ON UPDATE NO ACTION
) ENGINE=InnoDB DEFAULT CHARSET=utf8;
/*!40101 SET character_set_client = @saved_cs_client */;

--
-- Dumping data for table `ecsites`
--

LOCK TABLES `ecsites` WRITE;
/*!40000 ALTER TABLE `ecsites` DISABLE KEYS */;
/*!40000 ALTER TABLE `ecsites` ENABLE KEYS */;
UNLOCK TABLES;

--
-- Table structure for table `fb_users`
--

DROP TABLE IF EXISTS `fb_users`;
/*!40101 SET @saved_cs_client     = @@character_set_client */;
/*!40101 SET character_set_client = utf8 */;
CREATE TABLE `fb_users` (
  `id` int(11) NOT NULL AUTO_INCREMENT,
  `del_flg` tinyint(2) unsigned NOT NULL DEFAULT '0',
  `created` datetime NOT NULL,
  `modified` datetime NOT NULL,
  `facebook_id` varchar(45) NOT NULL,
  PRIMARY KEY (`id`)
) ENGINE=InnoDB AUTO_INCREMENT=2 DEFAULT CHARSET=utf8;
/*!40101 SET character_set_client = @saved_cs_client */;

--
-- Dumping data for table `fb_users`
--

LOCK TABLES `fb_users` WRITE;
/*!40000 ALTER TABLE `fb_users` DISABLE KEYS */;
INSERT INTO `fb_users` VALUES (1,0,'2016-09-01 00:00:00','2016-09-01 00:00:00','1751234578441315');
/*!40000 ALTER TABLE `fb_users` ENABLE KEYS */;
UNLOCK TABLES;

--
-- Table structure for table `industry_types`
--

DROP TABLE IF EXISTS `industry_types`;
/*!40101 SET @saved_cs_client     = @@character_set_client */;
/*!40101 SET character_set_client = utf8 */;
CREATE TABLE `industry_types` (
  `id` int(11) NOT NULL AUTO_INCREMENT,
  `del_flg` tinyint(1) unsigned NOT NULL DEFAULT '0',
  `created` datetime NOT NULL,
  `modified` datetime NOT NULL,
  `shops_id` int(11) NOT NULL,
  `industry_type` char(1) NOT NULL COMMENT '業種タイプ\nA : 美容\nB : 理容\nC : ネイル\nD : アイ\nY : 店販商品\nZ : その他',
  PRIMARY KEY (`id`),
  KEY `fk_industry_types_shops1_idx` (`shops_id`),
  CONSTRAINT `fk_industry_types_shops1` FOREIGN KEY (`shops_id`) REFERENCES `shops` (`id`) ON DELETE NO ACTION ON UPDATE NO ACTION
) ENGINE=InnoDB AUTO_INCREMENT=3 DEFAULT CHARSET=utf8;
/*!40101 SET character_set_client = @saved_cs_client */;

--
-- Dumping data for table `industry_types`
--

LOCK TABLES `industry_types` WRITE;
/*!40000 ALTER TABLE `industry_types` DISABLE KEYS */;
INSERT INTO `industry_types` VALUES (1,0,'2016-09-01 00:00:00','2016-09-01 00:00:00',1,'D'),(2,1,'2016-09-01 00:00:00','2016-09-01 00:00:00',2,'A');
/*!40000 ALTER TABLE `industry_types` ENABLE KEYS */;
UNLOCK TABLES;

--
-- Table structure for table `introductions`
--

DROP TABLE IF EXISTS `introductions`;
/*!40101 SET @saved_cs_client     = @@character_set_client */;
/*!40101 SET character_set_client = utf8 */;
CREATE TABLE `introductions` (
  `id` int(11) NOT NULL AUTO_INCREMENT,
  `del_flg` tinyint(1) unsigned NOT NULL DEFAULT '0',
  `created` datetime NOT NULL,
  `modified` datetime NOT NULL,
  `customers_from_id` int(11) NOT NULL COMMENT '紹介者の顧客id',
  `customers_to_id` int(11) NOT NULL COMMENT '被紹介者の顧客id',
  PRIMARY KEY (`id`),
  KEY `fk_introductions_customers1_idx` (`customers_from_id`),
  KEY `fk_introductions_customers2_idx` (`customers_to_id`),
  CONSTRAINT `fk_introductions_customers1` FOREIGN KEY (`customers_from_id`) REFERENCES `customers` (`id`) ON DELETE NO ACTION ON UPDATE NO ACTION,
  CONSTRAINT `fk_introductions_customers2` FOREIGN KEY (`customers_to_id`) REFERENCES `customers` (`id`) ON DELETE NO ACTION ON UPDATE NO ACTION
) ENGINE=InnoDB DEFAULT CHARSET=utf8;
/*!40101 SET character_set_client = @saved_cs_client */;

--
-- Dumping data for table `introductions`
--

LOCK TABLES `introductions` WRITE;
/*!40000 ALTER TABLE `introductions` DISABLE KEYS */;
/*!40000 ALTER TABLE `introductions` ENABLE KEYS */;
UNLOCK TABLES;

--
-- Table structure for table `inventories`
--

DROP TABLE IF EXISTS `inventories`;
/*!40101 SET @saved_cs_client     = @@character_set_client */;
/*!40101 SET character_set_client = utf8 */;
CREATE TABLE `inventories` (
  `id` int(11) NOT NULL AUTO_INCREMENT,
  `del_flg` tinyint(1) unsigned NOT NULL DEFAULT '0',
  `created` datetime NOT NULL,
  `modified` datetime NOT NULL,
  `shops_id` int(11) NOT NULL,
  `staffs_id` int(11) NOT NULL COMMENT '棚卸担当者',
  `inventories_id` int(11) DEFAULT NULL COMMENT '期末棚卸用自己参照ID\n期末棚卸レコードはNULL、\n期末棚卸に紐付く期中レコードに期末棚卸のIDが入る',
  `inventory_code` varchar(50) NOT NULL DEFAULT '' COMMENT '棚卸コード\n以下のABCを順に結合したもの\nA ＝ 棚卸登録時の西暦年下2桁をA-Jのアルファベット変換したもの\nB ＝ idを36進数変換したもの\nD ＝ 保存時点時間の分',
  `inventory_type` char(1) NOT NULL COMMENT '棚卸タイプ\nA : 部分\nB : 日次\nC : 月次\nZ : 期末',
  `inventory_condition_type` char(1) NOT NULL DEFAULT 'A' COMMENT '棚卸コンディションタイプ\nA : 棚卸作業中\nZ : 棚卸完了',
  `actual_inventory_start` datetime NOT NULL COMMENT '実地棚卸開始日',
  `actual_inventory_end` datetime NOT NULL COMMENT '実地棚卸終了日',
  `total_difference_number` int(11) NOT NULL COMMENT '合計差分個数',
  `inventory_term` varchar(20) NOT NULL DEFAULT '' COMMENT '何期決算かの文字列\n例）2016年03月期',
  `total_stock_sales` int(11) NOT NULL COMMENT '商品の総在庫高（税抜）',
  `total_stock_tax` int(11) NOT NULL COMMENT '在庫高の総税額',
  `notes` text NOT NULL COMMENT '棚卸の備考',
  PRIMARY KEY (`id`),
  KEY `fk_inventories_shops1_idx` (`shops_id`),
  KEY `fk_inventories_staffs1_idx` (`staffs_id`),
  KEY `fk_inventories_inventories1_idx` (`inventories_id`),
  CONSTRAINT `fk_inventories_inventories1` FOREIGN KEY (`inventories_id`) REFERENCES `inventories` (`id`) ON DELETE NO ACTION ON UPDATE NO ACTION,
  CONSTRAINT `fk_inventories_shops1` FOREIGN KEY (`shops_id`) REFERENCES `shops` (`id`) ON DELETE NO ACTION ON UPDATE NO ACTION,
  CONSTRAINT `fk_inventories_staffs1` FOREIGN KEY (`staffs_id`) REFERENCES `staffs` (`id`) ON DELETE NO ACTION ON UPDATE NO ACTION
) ENGINE=InnoDB DEFAULT CHARSET=utf8;
/*!40101 SET character_set_client = @saved_cs_client */;

--
-- Dumping data for table `inventories`
--

LOCK TABLES `inventories` WRITE;
/*!40000 ALTER TABLE `inventories` DISABLE KEYS */;
/*!40000 ALTER TABLE `inventories` ENABLE KEYS */;
UNLOCK TABLES;

--
-- Table structure for table `inventory_detail_evidences`
--

DROP TABLE IF EXISTS `inventory_detail_evidences`;
/*!40101 SET @saved_cs_client     = @@character_set_client */;
/*!40101 SET character_set_client = utf8 */;
CREATE TABLE `inventory_detail_evidences` (
  `id` int(11) NOT NULL AUTO_INCREMENT,
  `del_flg` tinyint(1) unsigned NOT NULL DEFAULT '0',
  `created` datetime NOT NULL,
  `modified` datetime NOT NULL,
  `inventory_details_id` int(11) NOT NULL,
  `pathname` varchar(200) NOT NULL COMMENT 'ファイルパス',
  `verification_cd` varchar(20) NOT NULL,
  `seq` int(11) NOT NULL,
  PRIMARY KEY (`id`),
  KEY `fk_inventory_detail4evidences_inventory_details1_idx` (`inventory_details_id`),
  CONSTRAINT `fk_inventory_detail4evidences_inventory_details1` FOREIGN KEY (`inventory_details_id`) REFERENCES `inventory_details` (`id`) ON DELETE NO ACTION ON UPDATE NO ACTION
) ENGINE=InnoDB DEFAULT CHARSET=utf8;
/*!40101 SET character_set_client = @saved_cs_client */;

--
-- Dumping data for table `inventory_detail_evidences`
--

LOCK TABLES `inventory_detail_evidences` WRITE;
/*!40000 ALTER TABLE `inventory_detail_evidences` DISABLE KEYS */;
/*!40000 ALTER TABLE `inventory_detail_evidences` ENABLE KEYS */;
UNLOCK TABLES;

--
-- Table structure for table `inventory_details`
--

DROP TABLE IF EXISTS `inventory_details`;
/*!40101 SET @saved_cs_client     = @@character_set_client */;
/*!40101 SET character_set_client = utf8 */;
CREATE TABLE `inventory_details` (
  `id` int(11) NOT NULL AUTO_INCREMENT,
  `del_flg` tinyint(1) unsigned NOT NULL DEFAULT '0',
  `created` datetime NOT NULL,
  `modified` datetime NOT NULL,
  `inventories_id` int(11) NOT NULL,
  `items_id` int(11) NOT NULL,
  `total_item_amount` int(11) NOT NULL COMMENT 'アイテムの総数',
  `new_item_amount` int(11) NOT NULL COMMENT '新品のアイテム数',
  `total_used_residual` int(11) NOT NULL COMMENT '使用中アイテムの残総数\nitemsテーブル内の現在のused_amount_limitと、\nitem_detailsテーブル内のused_amountから算出',
  `difference_number` int(11) NOT NULL COMMENT '在庫商品の差分個数',
  `stock_sales` int(11) NOT NULL COMMENT '商品の在庫高（税抜）',
  `stock_tax` int(11) NOT NULL COMMENT '在庫高の税額',
  `notes` text NOT NULL COMMENT '棚卸詳細の備考',
  PRIMARY KEY (`id`),
  KEY `fk_inventory_details_inventories1_idx` (`inventories_id`),
  KEY `fk_inventory_details_items1_idx` (`items_id`),
  CONSTRAINT `fk_inventory_details_inventories1` FOREIGN KEY (`inventories_id`) REFERENCES `inventories` (`id`) ON DELETE NO ACTION ON UPDATE NO ACTION,
  CONSTRAINT `fk_inventory_details_items1` FOREIGN KEY (`items_id`) REFERENCES `items` (`id`) ON DELETE NO ACTION ON UPDATE NO ACTION
) ENGINE=InnoDB DEFAULT CHARSET=utf8;
/*!40101 SET character_set_client = @saved_cs_client */;

--
-- Dumping data for table `inventory_details`
--

LOCK TABLES `inventory_details` WRITE;
/*!40000 ALTER TABLE `inventory_details` DISABLE KEYS */;
/*!40000 ALTER TABLE `inventory_details` ENABLE KEYS */;
UNLOCK TABLES;

--
-- Table structure for table `inventory_used_residuals`
--

DROP TABLE IF EXISTS `inventory_used_residuals`;
/*!40101 SET @saved_cs_client     = @@character_set_client */;
/*!40101 SET character_set_client = utf8 */;
CREATE TABLE `inventory_used_residuals` (
  `id` int(11) NOT NULL AUTO_INCREMENT,
  `del_flg` tinyint(1) unsigned NOT NULL DEFAULT '0',
  `created` datetime NOT NULL,
  `modified` datetime NOT NULL,
  `inventory_details_id` int(11) NOT NULL,
  `used_residual` int(11) NOT NULL DEFAULT '0' COMMENT '残数量',
  `unsealing_date` datetime NOT NULL DEFAULT '0000-00-00 00:00:00' COMMENT '開封日',
  PRIMARY KEY (`id`),
  KEY `fk_inventory_used_details_inventory_details1_idx` (`inventory_details_id`),
  CONSTRAINT `fk_inventory_used_details_inventory_details1` FOREIGN KEY (`inventory_details_id`) REFERENCES `inventory_details` (`id`) ON DELETE NO ACTION ON UPDATE NO ACTION
) ENGINE=InnoDB DEFAULT CHARSET=utf8;
/*!40101 SET character_set_client = @saved_cs_client */;

--
-- Dumping data for table `inventory_used_residuals`
--

LOCK TABLES `inventory_used_residuals` WRITE;
/*!40000 ALTER TABLE `inventory_used_residuals` DISABLE KEYS */;
/*!40000 ALTER TABLE `inventory_used_residuals` ENABLE KEYS */;
UNLOCK TABLES;

--
-- Table structure for table `item4menu_entities`
--

DROP TABLE IF EXISTS `item4menu_entities`;
/*!40101 SET @saved_cs_client     = @@character_set_client */;
/*!40101 SET character_set_client = utf8 */;
CREATE TABLE `item4menu_entities` (
  `id` int(11) NOT NULL AUTO_INCREMENT,
  `del_flg` tinyint(1) unsigned NOT NULL DEFAULT '0',
  `created` datetime NOT NULL,
  `modified` datetime NOT NULL,
  `items_id` int(11) NOT NULL,
  `menu_entities_id` int(11) NOT NULL,
  `item_separate_type` char(1) NOT NULL DEFAULT 'A' COMMENT 'アイテムの分類タイプ\nA : 商品として分類\nB : 消耗品として分類',
  `used_amount` int(11) NOT NULL DEFAULT '1' COMMENT '使用数',
  PRIMARY KEY (`id`),
  KEY `fk_item4origin_menus_items1_idx` (`items_id`),
  KEY `fk_item4menu_entities_menu_entities1_idx` (`menu_entities_id`),
  CONSTRAINT `fk_item4menu_entities_menu_entities1` FOREIGN KEY (`menu_entities_id`) REFERENCES `menu_entities` (`id`) ON DELETE NO ACTION ON UPDATE NO ACTION,
  CONSTRAINT `fk_item4origin_menus_items1` FOREIGN KEY (`items_id`) REFERENCES `items` (`id`) ON DELETE NO ACTION ON UPDATE NO ACTION
) ENGINE=InnoDB DEFAULT CHARSET=utf8;
/*!40101 SET character_set_client = @saved_cs_client */;

--
-- Dumping data for table `item4menu_entities`
--

LOCK TABLES `item4menu_entities` WRITE;
/*!40000 ALTER TABLE `item4menu_entities` DISABLE KEYS */;
/*!40000 ALTER TABLE `item4menu_entities` ENABLE KEYS */;
UNLOCK TABLES;

--
-- Table structure for table `item_barcodes`
--

DROP TABLE IF EXISTS `item_barcodes`;
/*!40101 SET @saved_cs_client     = @@character_set_client */;
/*!40101 SET character_set_client = utf8 */;
CREATE TABLE `item_barcodes` (
  `id` int(11) NOT NULL AUTO_INCREMENT,
  `del_flg` tinyint(1) unsigned NOT NULL DEFAULT '0',
  `created` datetime NOT NULL,
  `modified` datetime NOT NULL,
  `items_id` int(11) NOT NULL,
  `barcode` text NOT NULL COMMENT 'バーコード\n',
  PRIMARY KEY (`id`),
  KEY `fk_item_barcodes_items1_idx` (`items_id`),
  CONSTRAINT `fk_item_barcodes_items1` FOREIGN KEY (`items_id`) REFERENCES `items` (`id`) ON DELETE NO ACTION ON UPDATE NO ACTION
) ENGINE=InnoDB DEFAULT CHARSET=utf8;
/*!40101 SET character_set_client = @saved_cs_client */;

--
-- Dumping data for table `item_barcodes`
--

LOCK TABLES `item_barcodes` WRITE;
/*!40000 ALTER TABLE `item_barcodes` DISABLE KEYS */;
/*!40000 ALTER TABLE `item_barcodes` ENABLE KEYS */;
UNLOCK TABLES;

--
-- Table structure for table `item_details`
--

DROP TABLE IF EXISTS `item_details`;
/*!40101 SET @saved_cs_client     = @@character_set_client */;
/*!40101 SET character_set_client = utf8 */;
CREATE TABLE `item_details` (
  `id` int(11) NOT NULL AUTO_INCREMENT,
  `del_flg` tinyint(1) unsigned NOT NULL DEFAULT '0',
  `created` datetime NOT NULL,
  `modified` datetime NOT NULL,
  `items_id` int(11) NOT NULL,
  `shops_id` int(11) NOT NULL,
  `item_purchases_id` int(11) NOT NULL,
  `item_condition_type` char(1) NOT NULL DEFAULT '0' COMMENT 'アイテムコンディションタイプ\nA : 新品\nB : 開封済み\nC : 出荷・消費済み',
  `used_amount` int(11) NOT NULL DEFAULT '0' COMMENT '消耗品としての使用数\n負の値で表現',
  `expiry_date` datetime NOT NULL DEFAULT '9999-12-31 23:59:59' COMMENT '使用期限',
  `unsealing_date` datetime NOT NULL DEFAULT '0000-00-00 00:00:00' COMMENT '開封日',
  `consumption_date` datetime NOT NULL DEFAULT '0000-00-00 00:00:00' COMMENT '出荷・消費日時',
  PRIMARY KEY (`id`),
  KEY `fk_item_details_items1_idx` (`items_id`),
  KEY `fk_item_details_item_purchases1_idx` (`item_purchases_id`),
  KEY `fk_item_details_shops1_idx` (`shops_id`),
  CONSTRAINT `fk_item_details_item_purchases1` FOREIGN KEY (`item_purchases_id`) REFERENCES `item_purchases` (`id`) ON DELETE NO ACTION ON UPDATE NO ACTION,
  CONSTRAINT `fk_item_details_items1` FOREIGN KEY (`items_id`) REFERENCES `items` (`id`) ON DELETE NO ACTION ON UPDATE NO ACTION,
  CONSTRAINT `fk_item_details_shops1` FOREIGN KEY (`shops_id`) REFERENCES `shops` (`id`) ON DELETE NO ACTION ON UPDATE NO ACTION
) ENGINE=InnoDB DEFAULT CHARSET=utf8;
/*!40101 SET character_set_client = @saved_cs_client */;

--
-- Dumping data for table `item_details`
--

LOCK TABLES `item_details` WRITE;
/*!40000 ALTER TABLE `item_details` DISABLE KEYS */;
/*!40000 ALTER TABLE `item_details` ENABLE KEYS */;
UNLOCK TABLES;

--
-- Table structure for table `item_images`
--

DROP TABLE IF EXISTS `item_images`;
/*!40101 SET @saved_cs_client     = @@character_set_client */;
/*!40101 SET character_set_client = utf8 */;
CREATE TABLE `item_images` (
  `id` int(11) NOT NULL AUTO_INCREMENT,
  `del_flg` tinyint(1) unsigned NOT NULL DEFAULT '0',
  `created` datetime NOT NULL,
  `modified` datetime NOT NULL,
  `items_id` int(11) NOT NULL,
  `pathname` varchar(200) NOT NULL COMMENT 'ファイルパス',
  `verification_cd` varchar(20) NOT NULL,
  PRIMARY KEY (`id`),
  KEY `fk_item_images_items1_idx` (`items_id`),
  CONSTRAINT `fk_item_images_items1` FOREIGN KEY (`items_id`) REFERENCES `items` (`id`) ON DELETE NO ACTION ON UPDATE NO ACTION
) ENGINE=InnoDB DEFAULT CHARSET=utf8;
/*!40101 SET character_set_client = @saved_cs_client */;

--
-- Dumping data for table `item_images`
--

LOCK TABLES `item_images` WRITE;
/*!40000 ALTER TABLE `item_images` DISABLE KEYS */;
/*!40000 ALTER TABLE `item_images` ENABLE KEYS */;
UNLOCK TABLES;

--
-- Table structure for table `item_purchases`
--

DROP TABLE IF EXISTS `item_purchases`;
/*!40101 SET @saved_cs_client     = @@character_set_client */;
/*!40101 SET character_set_client = utf8 */;
CREATE TABLE `item_purchases` (
  `id` int(11) NOT NULL AUTO_INCREMENT,
  `del_flg` tinyint(1) unsigned NOT NULL DEFAULT '0',
  `created` datetime NOT NULL,
  `modified` datetime NOT NULL,
  `items_id` int(11) NOT NULL,
  `shops_id` int(11) NOT NULL,
  `staffs_id` int(11) NOT NULL COMMENT '担当のスタッフID',
  `suppliers_id` int(11) NOT NULL COMMENT '仕入先',
  `item_purchases_id` int(11) DEFAULT NULL COMMENT '入荷情報遷移時の自己参照用ID',
  `arrival_info_type` char(1) NOT NULL DEFAULT 'A' COMMENT '入荷情報タイプ\nA : 入荷予定\nB : 入荷予定変更\nY : 入荷キャンセル\nZ : 入荷済み',
  `purchase_date` datetime NOT NULL COMMENT '仕入（入荷予定）日',
  `purchase_num` int(11) NOT NULL COMMENT '仕入個数',
  `cost_price` int(11) NOT NULL COMMENT '仕入単価（税込）',
  `tax_amount` int(11) NOT NULL COMMENT '消費税額',
  `notes` text NOT NULL COMMENT '仕入の備考',
  PRIMARY KEY (`id`),
  KEY `fk_item_attributes_items1_idx` (`items_id`),
  KEY `fk_item_purchases_suppliers1_idx` (`suppliers_id`),
  KEY `fk_item_purchases_item_purchases1_idx` (`item_purchases_id`),
  KEY `fk_item_purchases_shops1_idx` (`shops_id`),
  KEY `fk_item_purchases_staffs1_idx` (`staffs_id`),
  CONSTRAINT `fk_item_attributes_items1` FOREIGN KEY (`items_id`) REFERENCES `items` (`id`) ON DELETE NO ACTION ON UPDATE NO ACTION,
  CONSTRAINT `fk_item_purchases_item_purchases1` FOREIGN KEY (`item_purchases_id`) REFERENCES `item_purchases` (`id`) ON DELETE NO ACTION ON UPDATE NO ACTION,
  CONSTRAINT `fk_item_purchases_shops1` FOREIGN KEY (`shops_id`) REFERENCES `shops` (`id`) ON DELETE NO ACTION ON UPDATE NO ACTION,
  CONSTRAINT `fk_item_purchases_staffs1` FOREIGN KEY (`staffs_id`) REFERENCES `staffs` (`id`) ON DELETE NO ACTION ON UPDATE NO ACTION,
  CONSTRAINT `fk_item_purchases_suppliers1` FOREIGN KEY (`suppliers_id`) REFERENCES `suppliers` (`id`) ON DELETE NO ACTION ON UPDATE NO ACTION
) ENGINE=InnoDB DEFAULT CHARSET=utf8;
/*!40101 SET character_set_client = @saved_cs_client */;

--
-- Dumping data for table `item_purchases`
--

LOCK TABLES `item_purchases` WRITE;
/*!40000 ALTER TABLE `item_purchases` DISABLE KEYS */;
/*!40000 ALTER TABLE `item_purchases` ENABLE KEYS */;
UNLOCK TABLES;

--
-- Table structure for table `items`
--

DROP TABLE IF EXISTS `items`;
/*!40101 SET @saved_cs_client     = @@character_set_client */;
/*!40101 SET character_set_client = utf8 */;
CREATE TABLE `items` (
  `id` int(11) NOT NULL AUTO_INCREMENT,
  `del_flg` tinyint(1) unsigned NOT NULL DEFAULT '0',
  `created` datetime NOT NULL,
  `modified` datetime NOT NULL,
  `contractors_id` int(11) NOT NULL,
  `specific_code` varchar(50) DEFAULT NULL COMMENT '特殊コード\nオーナーが自身の影響範囲下にある要素に対して、定義できるコード',
  `name` varchar(100) NOT NULL DEFAULT '' COMMENT '品目名',
  `name_kana` varchar(100) NOT NULL DEFAULT '' COMMENT '品目名（カナ）',
  `minimal_used_amount` int(11) NOT NULL DEFAULT '0' COMMENT '消耗品として使用する場合の最小単位\n※正の値で1以上\n※upper_limitが0なら消耗品としての使用不可',
  `used_amount_limit` int(11) NOT NULL DEFAULT '0' COMMENT '最小単位で使用した場合の下限値\n※負の値で-1以下\n※0なら消耗品としての使用不可',
  `unit_quantity` varchar(50) NOT NULL DEFAULT '' COMMENT '単位の文字列',
  `used_expiry_date` int(11) NOT NULL DEFAULT '0' COMMENT '開封後の使用期限',
  `seq` int(11) NOT NULL COMMENT '表示順',
  PRIMARY KEY (`id`),
  KEY `fk_items_contractors1_idx` (`contractors_id`),
  CONSTRAINT `fk_items_contractors1` FOREIGN KEY (`contractors_id`) REFERENCES `contractors` (`id`) ON DELETE NO ACTION ON UPDATE NO ACTION
) ENGINE=InnoDB DEFAULT CHARSET=utf8;
/*!40101 SET character_set_client = @saved_cs_client */;

--
-- Dumping data for table `items`
--

LOCK TABLES `items` WRITE;
/*!40000 ALTER TABLE `items` DISABLE KEYS */;
/*!40000 ALTER TABLE `items` ENABLE KEYS */;
UNLOCK TABLES;

--
-- Table structure for table `lv_user4shops`
--

DROP TABLE IF EXISTS `lv_user4shops`;
/*!40101 SET @saved_cs_client     = @@character_set_client */;
/*!40101 SET character_set_client = utf8 */;
CREATE TABLE `lv_user4shops` (
  `id` int(11) NOT NULL AUTO_INCREMENT,
  `del_flg` tinyint(1) unsigned NOT NULL DEFAULT '0',
  `created` datetime NOT NULL,
  `modified` datetime NOT NULL,
  `users_id` int(11) NOT NULL,
  `shops_id` int(11) NOT NULL,
  PRIMARY KEY (`id`),
  KEY `fk_lv_user4shops_users1_idx` (`users_id`),
  KEY `fk_lv_user4shops_shops1_idx` (`shops_id`),
  CONSTRAINT `fk_lv_user4shops_shops1` FOREIGN KEY (`shops_id`) REFERENCES `shops` (`id`) ON DELETE NO ACTION ON UPDATE NO ACTION,
  CONSTRAINT `fk_lv_user4shops_users1` FOREIGN KEY (`users_id`) REFERENCES `users` (`id`) ON DELETE NO ACTION ON UPDATE NO ACTION
) ENGINE=InnoDB AUTO_INCREMENT=3 DEFAULT CHARSET=utf8;
/*!40101 SET character_set_client = @saved_cs_client */;

--
-- Dumping data for table `lv_user4shops`
--

LOCK TABLES `lv_user4shops` WRITE;
/*!40000 ALTER TABLE `lv_user4shops` DISABLE KEYS */;
INSERT INTO `lv_user4shops` VALUES (1,0,'2016-09-01 00:00:00','2016-09-01 00:00:00',1,1),(2,1,'2016-09-01 00:00:00','2016-09-01 00:00:00',2,2);
/*!40000 ALTER TABLE `lv_user4shops` ENABLE KEYS */;
UNLOCK TABLES;

--
-- Table structure for table `menu_bases`
--

DROP TABLE IF EXISTS `menu_bases`;
/*!40101 SET @saved_cs_client     = @@character_set_client */;
/*!40101 SET character_set_client = utf8 */;
CREATE TABLE `menu_bases` (
  `id` int(11) NOT NULL AUTO_INCREMENT,
  `del_flg` tinyint(1) unsigned NOT NULL DEFAULT '0',
  `created` datetime NOT NULL,
  `modified` datetime NOT NULL,
  `contractors_id` int(11) NOT NULL,
  `specific_code` varchar(50) DEFAULT NULL COMMENT '特殊コード\nオーナーが自身の影響範囲下にある要素に対して、定義できるコード',
  `category_lcd` char(4) NOT NULL COMMENT 'カテゴリコード\n※詳細はcategoriesテーブルのInsertsを参照\n(A : 美容)\nA001 : カット...\n(B : 理容)\n(C : ネイル)\nC001 : デジタル...\n(D : アイ)\nD001 : エクステ...\n(Y : 店販商品)\nY001 : 消耗品...\n(Z : その他)\nZ001 : 施術指名...',
  `name` varchar(100) NOT NULL DEFAULT '' COMMENT 'メニュー名',
  `description` text NOT NULL COMMENT 'メニュー詳細',
  `seq` int(11) NOT NULL COMMENT '表示順',
  PRIMARY KEY (`id`),
  KEY `fk_menu_bases_contractors1_idx` (`contractors_id`),
  CONSTRAINT `fk_menu_bases_contractors1` FOREIGN KEY (`contractors_id`) REFERENCES `contractors` (`id`) ON DELETE NO ACTION ON UPDATE NO ACTION
) ENGINE=InnoDB AUTO_INCREMENT=163 DEFAULT CHARSET=utf8;
/*!40101 SET character_set_client = @saved_cs_client */;

--
-- Dumping data for table `menu_bases`
--

LOCK TABLES `menu_bases` WRITE;
/*!40000 ALTER TABLE `menu_bases` DISABLE KEYS */;
INSERT INTO `menu_bases` VALUES (1,0,'2016-09-01 00:00:00','2016-09-01 00:00:00',1,NULL,'D001','【ご新規様】上まつげ　80本','',1),(2,0,'2016-09-01 00:00:00','2016-09-01 00:00:00',1,NULL,'D001','【ご新規様】上まつげ　90本','',2),(3,0,'2016-09-01 00:00:00','2016-09-01 00:00:00',1,NULL,'D001','【ご新規様】上まつげ　100本','',3),(4,0,'2016-09-01 00:00:00','2016-09-01 00:00:00',1,NULL,'D001','【ご新規様】上まつげ　110本','',4),(5,0,'2016-09-01 00:00:00','2016-09-01 00:00:00',1,NULL,'D001','【ご新規様】上まつげ　120本','',5),(6,0,'2016-09-01 00:00:00','2016-09-01 00:00:00',1,NULL,'D001','【ご新規様】上まつげ　130本','',6),(7,0,'2016-09-01 00:00:00','2016-09-01 00:00:00',1,NULL,'D001','【ご新規様】上まつげ　140本','',7),(8,0,'2016-09-01 00:00:00','2016-09-01 00:00:00',1,NULL,'D001','【ご新規様】上まつげ　150本','',8),(9,0,'2016-09-01 00:00:00','2016-09-01 00:00:00',1,NULL,'D001','【ご新規様】上まつげ　160本','',9),(10,0,'2016-09-01 00:00:00','2016-09-01 00:00:00',1,NULL,'D001','【ご新規様】上まつげ　170本','',10),(11,0,'2016-09-01 00:00:00','2016-09-01 00:00:00',1,NULL,'D001','【ご新規様】上まつげ　180本','',11),(12,0,'2016-09-01 00:00:00','2016-09-01 00:00:00',1,NULL,'D001','【ご新規様】上まつげ　190本','',12),(13,0,'2016-09-01 00:00:00','2016-09-01 00:00:00',1,NULL,'D001','【ご新規様】上まつげ　200本','',13),(14,0,'2016-09-01 00:00:00','2016-09-01 00:00:00',1,NULL,'D001','【ご新規様】上まつげ追加1本','',14),(15,0,'2016-09-01 00:00:00','2016-09-01 00:00:00',1,NULL,'D001','上まつげ　１0本　定価','',15),(16,0,'2016-09-01 00:00:00','2016-09-01 00:00:00',1,NULL,'D001','上まつげ　２0本　定価','',16),(17,0,'2016-09-01 00:00:00','2016-09-01 00:00:00',1,NULL,'D001','上まつげ　３0本　定価','',17),(18,0,'2016-09-01 00:00:00','2016-09-01 00:00:00',1,NULL,'D001','上まつげ　40本　定価','',18),(19,0,'2016-09-01 00:00:00','2016-09-01 00:00:00',1,NULL,'D001','上まつげ　50本　定価','',19),(20,0,'2016-09-01 00:00:00','2016-09-01 00:00:00',1,NULL,'D001','上まつげ　60本　定価','',20),(21,0,'2016-09-01 00:00:00','2016-09-01 00:00:00',1,NULL,'D001','上まつげ　70本　定価','',21),(22,0,'2016-09-01 00:00:00','2016-09-01 00:00:00',1,NULL,'D001','上まつげ　80本　定価','',22),(23,0,'2016-09-01 00:00:00','2016-09-01 00:00:00',1,NULL,'D001','上まつげ　90本　定価','',23),(24,0,'2016-09-01 00:00:00','2016-09-01 00:00:00',1,NULL,'D001','上まつげ　100本　定価','',24),(25,0,'2016-09-01 00:00:00','2016-09-01 00:00:00',1,NULL,'D001','上まつげ　110本　定価','',25),(26,0,'2016-09-01 00:00:00','2016-09-01 00:00:00',1,NULL,'D001','上まつげ　120本　定価','',26),(27,0,'2016-09-01 00:00:00','2016-09-01 00:00:00',1,NULL,'D001','上まつげ　130本　定価','',27),(28,0,'2016-09-01 00:00:00','2016-09-01 00:00:00',1,NULL,'D001','上まつげ　140本　定価','',28),(29,0,'2016-09-01 00:00:00','2016-09-01 00:00:00',1,NULL,'D001','上まつげ　150本　定価','',29),(30,0,'2016-09-01 00:00:00','2016-09-01 00:00:00',1,NULL,'D001','上まつげ　160本　定価','',30),(31,0,'2016-09-01 00:00:00','2016-09-01 00:00:00',1,NULL,'D001','上まつげ　170本　定価','',31),(32,0,'2016-09-01 00:00:00','2016-09-01 00:00:00',1,NULL,'D001','上まつげ　180本　定価','',32),(33,0,'2016-09-01 00:00:00','2016-09-01 00:00:00',1,NULL,'D001','上 まつげ　190本　定価','',33),(34,0,'2016-09-01 00:00:00','2016-09-01 00:00:00',1,NULL,'D001','上まつげ　200本　定価','',34),(35,0,'2016-09-01 00:00:00','2016-09-01 00:00:00',1,NULL,'D001','上まつげ追加1本　定価','',35),(36,0,'2016-09-01 00:00:00','2016-09-01 00:00:00',1,NULL,'D001','上まつげ追加2本　定価','',36),(37,0,'2016-09-01 00:00:00','2016-09-01 00:00:00',1,NULL,'D001','上まつげ追加3本　定価','',37),(38,0,'2016-09-01 00:00:00','2016-09-01 00:00:00',1,NULL,'D001','上まつげ追加4本　定価','',38),(39,0,'2016-09-01 00:00:00','2016-09-01 00:00:00',1,NULL,'D001','上まつげ追加5本　定価','',39),(40,0,'2016-09-01 00:00:00','2016-09-01 00:00:00',1,NULL,'D001','上まつげ追加6本　定価','',40),(41,0,'2016-09-01 00:00:00','2016-09-01 00:00:00',1,NULL,'D001','上まつげ追加7本　定価','',41),(42,0,'2016-09-01 00:00:00','2016-09-01 00:00:00',1,NULL,'D001','上まつげ追加8本　定価','',42),(43,0,'2016-09-01 00:00:00','2016-09-01 00:00:00',1,NULL,'D001','上まつげ追加9本　定価','',43),(44,0,'2016-09-01 00:00:00','2016-09-01 00:00:00',1,NULL,'D001','下まつげ30本（ご新規様＆2回目（6週間以内）','',44),(45,0,'2016-09-01 00:00:00','2016-09-01 00:00:00',1,NULL,'D001','下まつげセット（３回目以降（６週間以内））かつ上まつげ80本以上施術）','',45),(46,0,'2016-09-01 00:00:00','2016-09-01 00:00:00',1,NULL,'D001','下まつげ1本定価','',46),(47,0,'2016-09-01 00:00:00','2016-09-01 00:00:00',1,NULL,'D001','下まつげ１本','',47),(48,0,'2016-09-01 00:00:00','2016-09-01 00:00:00',1,NULL,'D001','下まつげ２本','',48),(49,0,'2016-09-01 00:00:00','2016-09-01 00:00:00',1,NULL,'D001','下まつげ３本','',49),(50,0,'2016-09-01 00:00:00','2016-09-01 00:00:00',1,NULL,'D001','下まつげ４本','',50),(51,0,'2016-09-01 00:00:00','2016-09-01 00:00:00',1,NULL,'D001','下まつげ５本','',51),(52,0,'2016-09-01 00:00:00','2016-09-01 00:00:00',1,NULL,'D001','下まつげ６本','',52),(53,0,'2016-09-01 00:00:00','2016-09-01 00:00:00',1,NULL,'D001','下まつげ７本','',53),(54,0,'2016-09-01 00:00:00','2016-09-01 00:00:00',1,NULL,'D001','下まつげ８本','',54),(55,0,'2016-09-01 00:00:00','2016-09-01 00:00:00',1,NULL,'D001','下まつげ９本','',55),(56,0,'2016-09-01 00:00:00','2016-09-01 00:00:00',1,NULL,'D001','下まつげ１０本','',56),(57,0,'2016-09-01 00:00:00','2016-09-01 00:00:00',1,NULL,'D001','下まつげ２０本','',57),(58,0,'2016-09-01 00:00:00','2016-09-01 00:00:00',1,NULL,'D001','下まつげ３０本','',58),(59,0,'2016-09-01 00:00:00','2016-09-01 00:00:00',1,NULL,'D001','下まつげ４０本','',59),(60,0,'2016-09-01 00:00:00','2016-09-01 00:00:00',1,NULL,'D001','下まつげ５０本','',60),(61,0,'2016-09-01 00:00:00','2016-09-01 00:00:00',1,NULL,'D001','下まつげ６０本','',61),(62,0,'2016-09-01 00:00:00','2016-09-01 00:00:00',1,NULL,'D001','下まつげ７０本','',62),(63,0,'2016-09-01 00:00:00','2016-09-01 00:00:00',1,NULL,'D001','下まつげ８０本','',63),(64,0,'2016-09-01 00:00:00','2016-09-01 00:00:00',1,NULL,'D001','下まつげ９０本','',64),(65,0,'2016-09-01 00:00:00','2016-09-01 00:00:00',1,NULL,'D001','下まつげ１００本','',65),(66,0,'2016-09-01 00:00:00','2016-09-01 00:00:00',1,NULL,'D001','ラメエクステ','',66),(67,0,'2016-09-01 00:00:00','2016-09-01 00:00:00',1,NULL,'D001','上カラーエクステセットプラン（60本まで）','',67),(68,0,'2016-09-01 00:00:00','2016-09-01 00:00:00',1,NULL,'D001','上カラーエクステセットプラン61本以降（60本追加）','',68),(69,0,'2016-09-01 00:00:00','2016-09-01 00:00:00',1,NULL,'D001','上カラーエクステセットプラン（カラー２色以上）','',69),(70,0,'2016-09-01 00:00:00','2016-09-01 00:00:00',1,NULL,'D001','下カラーエクステセットプラン（30本まで）','',70),(71,0,'2016-09-01 00:00:00','2016-09-01 00:00:00',1,NULL,'D001','下カラーエクステセットプラン61本以降（30本追加）','',71),(72,0,'2016-09-01 00:00:00','2016-09-01 00:00:00',1,NULL,'D001','下カラーエクステセットプラン（カラー２色以上）','',72),(73,0,'2016-09-01 00:00:00','2016-09-01 00:00:00',1,NULL,'D001','10本プレゼント(次回予約)','',73),(74,0,'2016-09-01 00:00:00','2016-09-01 00:00:00',1,NULL,'D001','上まつげ100本（クインテッド優待チケット）','',74),(75,0,'2016-09-01 00:00:00','2016-09-01 00:00:00',1,NULL,'D001','上まつげ160本（ベネフィットワン優待）','',75),(76,0,'2016-09-01 00:00:00','2016-09-01 00:00:00',1,NULL,'D001','上まつげ100本（取引先チケット）','',76),(77,0,'2016-09-01 00:00:00','2016-09-01 00:00:00',1,NULL,'D001','4D　60本','',77),(78,0,'2016-09-01 00:00:00','2016-09-01 00:00:00',1,NULL,'D001','4D　120本','',78),(79,0,'2016-09-01 00:00:00','2016-09-01 00:00:00',1,NULL,'D001','4D　無制限','',79),(80,0,'2016-09-01 00:00:00','2016-09-01 00:00:00',1,NULL,'D001','4D　友人モデル','',80),(81,0,'2016-09-01 00:00:00','2016-09-01 00:00:00',1,NULL,'D001','上まつげ120本までつけ放題','',81),(82,0,'2016-09-01 00:00:00','2016-09-01 00:00:00',1,NULL,'D001','上まつげ140本までつけ放題','',82),(83,0,'2016-09-01 00:00:00','2016-09-01 00:00:00',1,NULL,'D001','4D　100本','',83),(84,0,'2016-09-01 00:00:00','2016-09-01 00:00:00',1,NULL,'D002','上まつげ40本　リペア','',1),(85,0,'2016-09-01 00:00:00','2016-09-01 00:00:00',1,NULL,'D002','上まつげ50本　リペア','',2),(86,0,'2016-09-01 00:00:00','2016-09-01 00:00:00',1,NULL,'D002','上まつげ60本　リペア','',3),(87,0,'2016-09-01 00:00:00','2016-09-01 00:00:00',1,NULL,'D002','上まつげ70本　リペア','',4),(88,0,'2016-09-01 00:00:00','2016-09-01 00:00:00',1,NULL,'D002','上まつげ80本　リペア','',5),(89,0,'2016-09-01 00:00:00','2016-09-01 00:00:00',1,NULL,'D002','上まつげ90本　リペア','',6),(90,0,'2016-09-01 00:00:00','2016-09-01 00:00:00',1,NULL,'D002','上まつげ100本　リペア','',7),(91,0,'2016-09-01 00:00:00','2016-09-01 00:00:00',1,NULL,'D002','上まつげ110本　リペア','',8),(92,0,'2016-09-01 00:00:00','2016-09-01 00:00:00',1,NULL,'D002','上まつげ120本　リペア','',9),(93,0,'2016-09-01 00:00:00','2016-09-01 00:00:00',1,NULL,'D002','上まつげ130本　リペア','',10),(94,0,'2016-09-01 00:00:00','2016-09-01 00:00:00',1,NULL,'D002','上まつげ140本　リペア','',11),(95,0,'2016-09-01 00:00:00','2016-09-01 00:00:00',1,NULL,'D002','上まつげ150本　リペア','',12),(96,0,'2016-09-01 00:00:00','2016-09-01 00:00:00',1,NULL,'D002','上まつげ160本　リペア','',13),(97,0,'2016-09-01 00:00:00','2016-09-01 00:00:00',1,NULL,'D002','上まつげ170本　リペア','',14),(98,0,'2016-09-01 00:00:00','2016-09-01 00:00:00',1,NULL,'D002','上まつげ180本　リペア','',15),(99,0,'2016-09-01 00:00:00','2016-09-01 00:00:00',1,NULL,'D002','上まつげ190本　リペア','',16),(100,0,'2016-09-01 00:00:00','2016-09-01 00:00:00',1,NULL,'D002','上まつげ200本　リペア','',17),(101,0,'2016-09-01 00:00:00','2016-09-01 00:00:00',1,NULL,'D002','上まつげ追加1本につき　リペア','',18),(102,0,'2016-09-01 00:00:00','2016-09-01 00:00:00',1,NULL,'D002','お直し','',19),(103,0,'2016-09-01 00:00:00','2016-09-01 00:00:00',1,NULL,'D003','他店リムーブ(他店でエクステされた方)','',1),(104,0,'2016-09-01 00:00:00','2016-09-01 00:00:00',1,NULL,'D003','Blancリムーブ(Blancでエクステされた方)','',2),(105,0,'2016-09-01 00:00:00','2016-09-01 00:00:00',1,NULL,'D003','他店リムーブ無料','',3),(106,0,'2016-09-01 00:00:00','2016-09-01 00:00:00',1,NULL,'D004','【初回】眉スタイリング','',1),(107,0,'2016-09-01 00:00:00','2016-09-01 00:00:00',1,NULL,'D004','【2回目以降】眉スタイリング　キープ','',2),(108,0,'2016-09-01 00:00:00','2016-09-01 00:00:00',1,NULL,'D004','眉スタイリング（カット・ツィジングのみ）','',3),(109,0,'2016-09-01 00:00:00','2016-09-01 00:00:00',1,NULL,'D004','【エクステセット】眉スタイリング','',4),(110,0,'2016-09-01 00:00:00','2016-09-01 00:00:00',1,NULL,'D004','【エクステセット】眉スタイリング　キープ','',5),(111,0,'2016-09-01 00:00:00','2016-09-01 00:00:00',1,NULL,'D005','メイクオフ','',1),(112,0,'2016-09-01 00:00:00','2016-09-01 00:00:00',1,NULL,'D005','メイクオフ(ウォータープルーフ)','',2),(113,0,'2016-09-01 00:00:00','2016-09-01 00:00:00',1,NULL,'D005','トリートメント（単品）','',3),(114,0,'2016-09-01 00:00:00','2016-09-01 00:00:00',1,NULL,'D005','トリートメント（リムーブとセット）','',4),(115,0,'2016-09-01 00:00:00','2016-09-01 00:00:00',1,NULL,'D005','目元パック（単品）','',5),(116,0,'2016-09-01 00:00:00','2016-09-01 00:00:00',1,NULL,'D005','ハンドパック（単品）','',6),(117,0,'2016-09-01 00:00:00','2016-09-01 00:00:00',1,NULL,'D005','リップパック（単品）','',7),(118,0,'2016-09-01 00:00:00','2016-09-01 00:00:00',1,NULL,'D005','目元パック（２つ以上）','',8),(119,0,'2016-09-01 00:00:00','2016-09-01 00:00:00',1,NULL,'D005','ハンドパック（２つ以上）','',9),(120,0,'2016-09-01 00:00:00','2016-09-01 00:00:00',1,NULL,'D005','リップパック（２つ以上）','',10),(121,0,'2016-09-01 00:00:00','2016-09-01 00:00:00',1,NULL,'D005','トリートメント半額','',11),(122,0,'2016-09-01 00:00:00','2016-09-01 00:00:00',1,NULL,'D005','目元半額','',12),(123,0,'2016-09-01 00:00:00','2016-09-01 00:00:00',1,NULL,'D005','ハンド半額','',13),(124,0,'2016-09-01 00:00:00','2016-09-01 00:00:00',1,NULL,'D005','リップ半額','',14),(125,0,'2016-09-01 00:00:00','2016-09-01 00:00:00',1,NULL,'D005','パッチテスト','',15),(126,0,'2016-09-01 00:00:00','2016-09-01 00:00:00',1,NULL,'D005','【初回無料】生コラーゲンポイントエステ（涙袋）','',16),(127,0,'2016-09-01 00:00:00','2016-09-01 00:00:00',1,NULL,'D005','【初回無料】生コラーゲンポイントエステ（目の上）','',17),(128,0,'2016-09-01 00:00:00','2016-09-01 00:00:00',1,NULL,'D005','【初回無料】生コラーゲンポイントエステ（目尻）','',18),(129,0,'2016-09-01 00:00:00','2016-09-01 00:00:00',1,NULL,'D005','【初回無料】生コラーゲンポイントエステ（ほうれい線）','',19),(130,0,'2016-09-01 00:00:00','2016-09-01 00:00:00',1,NULL,'D005','【初回価格】生コラーゲン顔全体エステ','',20),(131,0,'2016-09-01 00:00:00','2016-09-01 00:00:00',1,NULL,'D005','生コラーゲンポイントエステ（涙袋）','',21),(132,0,'2016-09-01 00:00:00','2016-09-01 00:00:00',1,NULL,'D005','生コラーゲンポイントエステ（目の上）','',22),(133,0,'2016-09-01 00:00:00','2016-09-01 00:00:00',1,NULL,'D005','生コラーゲンポイントエステ（目尻）','',23),(134,0,'2016-09-01 00:00:00','2016-09-01 00:00:00',1,NULL,'D005','生コラーゲンポイントエステ（ほうれい線）','',24),(135,0,'2016-09-01 00:00:00','2016-09-01 00:00:00',1,NULL,'D005','生コラーゲン顔全体エステ','',25),(136,0,'2016-09-01 00:00:00','2016-09-01 00:00:00',1,NULL,'Y001','マスカラ','',1),(137,0,'2016-09-01 00:00:00','2016-09-01 00:00:00',1,NULL,'Y001','ライナー','',2),(138,0,'2016-09-01 00:00:00','2016-09-01 00:00:00',1,NULL,'Y001','ラッシュコーム','',3),(139,0,'2016-09-01 00:00:00','2016-09-01 00:00:00',1,NULL,'Y001','Moiアイラッシュセラム','',4),(140,0,'2016-09-01 00:00:00','2016-09-01 00:00:00',1,NULL,'Y001','Blancオリジナルラッシュコーム','',5),(141,0,'2016-09-01 00:00:00','2016-09-01 00:00:00',1,NULL,'Y001','Moiダブルクレンジング（J）','',6),(142,0,'2016-09-01 00:00:00','2016-09-01 00:00:00',1,NULL,'Y001','Moiダブルクレンジング（RH）','',7),(143,0,'2016-09-01 00:00:00','2016-09-01 00:00:00',1,NULL,'Y001','Moiダブルクレンジング ミニボトル（J）','',8),(144,0,'2016-09-01 00:00:00','2016-09-01 00:00:00',1,NULL,'Y001','Moiダブルクレンジング ミニボトル（RH）','',9),(145,0,'2016-09-01 00:00:00','2016-09-01 00:00:00',1,NULL,'Y001','Moiオリジナルマスカラ','',10),(146,0,'2016-09-01 00:00:00','2016-09-01 00:00:00',1,NULL,'Y001','Moiオリジナルアイライナー','',11),(147,0,'2016-09-01 00:00:00','2016-09-01 00:00:00',1,NULL,'Y001','サクラ プチケア コンタクトケース','',12),(148,0,'2016-09-01 00:00:00','2016-09-01 00:00:00',1,NULL,'Z001','指名料','',1),(149,0,'2016-09-01 00:00:00','2016-09-01 00:00:00',1,NULL,'Z002','HPBポイント割引','',1),(150,0,'2016-09-01 00:00:00','2016-09-01 00:00:00',1,NULL,'Z002','従業員割引（初回）','',2),(151,0,'2016-09-01 00:00:00','2016-09-01 00:00:00',1,NULL,'Z002','従業員割引（2回目以降）','',3),(152,0,'2016-09-01 00:00:00','2016-09-01 00:00:00',1,NULL,'Z002','口コミ友人上まつげ','',4),(153,0,'2016-09-01 00:00:00','2016-09-01 00:00:00',1,NULL,'Z002','口コミ友人オプション半額割引額','',5),(154,0,'2016-09-01 00:00:00','2016-09-01 00:00:00',1,NULL,'Z002','300円引き','',6),(155,0,'2016-09-01 00:00:00','2016-09-01 00:00:00',1,NULL,'Z002','500円引き','',7),(156,0,'2016-09-01 00:00:00','2016-09-01 00:00:00',1,NULL,'Z002','1000円引き','',8),(157,0,'2016-09-01 00:00:00','2016-09-01 00:00:00',1,NULL,'Z002','10％割引','',9),(158,0,'2016-09-01 00:00:00','2016-09-01 00:00:00',1,NULL,'Z002','30％割引','',10),(159,0,'2016-09-01 00:00:00','2016-09-01 00:00:00',1,NULL,'Z002','50％割引','',11),(160,0,'2016-09-01 00:00:00','2016-09-01 00:00:00',1,NULL,'Z002','100％割引','',12),(161,0,'2016-09-01 00:00:00','2016-09-01 00:00:00',1,NULL,'Z003','一時メニュー','',1),(162,0,'2016-09-01 00:00:00','2016-09-01 00:00:00',1,NULL,'Z002','一括割引','',13);
/*!40000 ALTER TABLE `menu_bases` ENABLE KEYS */;
UNLOCK TABLES;

--
-- Table structure for table `menu_basis4menu_basis_units`
--

DROP TABLE IF EXISTS `menu_basis4menu_basis_units`;
/*!40101 SET @saved_cs_client     = @@character_set_client */;
/*!40101 SET character_set_client = utf8 */;
CREATE TABLE `menu_basis4menu_basis_units` (
  `id` int(11) NOT NULL AUTO_INCREMENT,
  `del_flg` tinyint(1) unsigned NOT NULL DEFAULT '0',
  `created` datetime NOT NULL,
  `modified` datetime NOT NULL,
  `menu_bases_id` int(11) NOT NULL,
  `menu_basis_units_id` int(11) NOT NULL,
  PRIMARY KEY (`id`),
  KEY `fk_menu_basis4menu_basis_units_menu_bases1_idx` (`menu_bases_id`),
  KEY `fk_menu_basis4menu_basis_units_menu_basis_units1_idx` (`menu_basis_units_id`),
  CONSTRAINT `fk_menu_basis4menu_basis_units_menu_bases1` FOREIGN KEY (`menu_bases_id`) REFERENCES `menu_bases` (`id`) ON DELETE NO ACTION ON UPDATE NO ACTION,
  CONSTRAINT `fk_menu_basis4menu_basis_units_menu_basis_units1` FOREIGN KEY (`menu_basis_units_id`) REFERENCES `menu_basis_units` (`id`) ON DELETE NO ACTION ON UPDATE NO ACTION
) ENGINE=InnoDB DEFAULT CHARSET=utf8;
/*!40101 SET character_set_client = @saved_cs_client */;

--
-- Dumping data for table `menu_basis4menu_basis_units`
--

LOCK TABLES `menu_basis4menu_basis_units` WRITE;
/*!40000 ALTER TABLE `menu_basis4menu_basis_units` DISABLE KEYS */;
/*!40000 ALTER TABLE `menu_basis4menu_basis_units` ENABLE KEYS */;
UNLOCK TABLES;

--
-- Table structure for table `menu_basis4menu_units`
--

DROP TABLE IF EXISTS `menu_basis4menu_units`;
/*!40101 SET @saved_cs_client     = @@character_set_client */;
/*!40101 SET character_set_client = utf8 */;
CREATE TABLE `menu_basis4menu_units` (
  `id` int(11) NOT NULL AUTO_INCREMENT,
  `del_flg` tinyint(1) unsigned NOT NULL DEFAULT '0',
  `created` datetime NOT NULL,
  `modified` datetime NOT NULL,
  `menu_bases_id` int(11) NOT NULL,
  `menu_units_id` int(11) NOT NULL,
  PRIMARY KEY (`id`),
  KEY `fk_menu_bases4menu_units_menu_bases1_idx` (`menu_bases_id`),
  KEY `fk_menu_bases4menu_units_menu_units1_idx` (`menu_units_id`),
  CONSTRAINT `fk_menu_bases4menu_units_menu_bases1` FOREIGN KEY (`menu_bases_id`) REFERENCES `menu_bases` (`id`) ON DELETE NO ACTION ON UPDATE NO ACTION,
  CONSTRAINT `fk_menu_bases4menu_units_menu_units1` FOREIGN KEY (`menu_units_id`) REFERENCES `menu_units` (`id`) ON DELETE NO ACTION ON UPDATE NO ACTION
) ENGINE=InnoDB AUTO_INCREMENT=241 DEFAULT CHARSET=utf8;
/*!40101 SET character_set_client = @saved_cs_client */;

--
-- Dumping data for table `menu_basis4menu_units`
--

LOCK TABLES `menu_basis4menu_units` WRITE;
/*!40000 ALTER TABLE `menu_basis4menu_units` DISABLE KEYS */;
INSERT INTO `menu_basis4menu_units` VALUES (1,0,'2016-09-01 00:00:00','2016-09-01 00:00:00',1,1),(2,0,'2016-09-01 00:00:00','2016-09-01 00:00:00',1,152),(3,0,'2016-09-01 00:00:00','2016-09-01 00:00:00',1,156),(4,0,'2016-09-01 00:00:00','2016-09-01 00:00:00',1,169),(5,0,'2016-09-01 00:00:00','2016-09-01 00:00:00',1,181),(6,0,'2016-09-01 00:00:00','2016-09-01 00:00:00',1,183),(7,0,'2016-09-01 00:00:00','2016-09-01 00:00:00',1,188),(8,0,'2016-09-01 00:00:00','2016-09-01 00:00:00',2,2),(9,0,'2016-09-01 00:00:00','2016-09-01 00:00:00',3,3),(10,0,'2016-09-01 00:00:00','2016-09-01 00:00:00',3,179),(11,0,'2016-09-01 00:00:00','2016-09-01 00:00:00',3,180),(12,0,'2016-09-01 00:00:00','2016-09-01 00:00:00',4,4),(13,0,'2016-09-01 00:00:00','2016-09-01 00:00:00',5,5),(14,0,'2016-09-01 00:00:00','2016-09-01 00:00:00',5,157),(15,0,'2016-09-01 00:00:00','2016-09-01 00:00:00',5,170),(16,0,'2016-09-01 00:00:00','2016-09-01 00:00:00',5,182),(17,0,'2016-09-01 00:00:00','2016-09-01 00:00:00',5,184),(18,0,'2016-09-01 00:00:00','2016-09-01 00:00:00',5,187),(19,0,'2016-09-01 00:00:00','2016-09-01 00:00:00',5,189),(20,0,'2016-09-01 00:00:00','2016-09-01 00:00:00',6,6),(21,0,'2016-09-01 00:00:00','2016-09-01 00:00:00',7,7),(22,0,'2016-09-01 00:00:00','2016-09-01 00:00:00',8,8),(23,0,'2016-09-01 00:00:00','2016-09-01 00:00:00',9,9),(24,0,'2016-09-01 00:00:00','2016-09-01 00:00:00',9,162),(25,0,'2016-09-01 00:00:00','2016-09-01 00:00:00',9,164),(26,0,'2016-09-01 00:00:00','2016-09-01 00:00:00',9,166),(27,0,'2016-09-01 00:00:00','2016-09-01 00:00:00',9,168),(28,0,'2016-09-01 00:00:00','2016-09-01 00:00:00',9,171),(29,0,'2016-09-01 00:00:00','2016-09-01 00:00:00',9,173),(30,0,'2016-09-01 00:00:00','2016-09-01 00:00:00',9,174),(31,0,'2016-09-01 00:00:00','2016-09-01 00:00:00',9,175),(32,0,'2016-09-01 00:00:00','2016-09-01 00:00:00',9,177),(33,0,'2016-09-01 00:00:00','2016-09-01 00:00:00',9,167),(34,0,'2016-09-01 00:00:00','2016-09-01 00:00:00',10,10),(35,0,'2016-09-01 00:00:00','2016-09-01 00:00:00',11,11),(36,0,'2016-09-01 00:00:00','2016-09-01 00:00:00',12,12),(37,0,'2016-09-01 00:00:00','2016-09-01 00:00:00',13,13),(38,0,'2016-09-01 00:00:00','2016-09-01 00:00:00',14,14),(39,0,'2016-09-01 00:00:00','2016-09-01 00:00:00',15,15),(40,0,'2016-09-01 00:00:00','2016-09-01 00:00:00',16,16),(41,0,'2016-09-01 00:00:00','2016-09-01 00:00:00',17,17),(42,0,'2016-09-01 00:00:00','2016-09-01 00:00:00',18,18),(43,0,'2016-09-01 00:00:00','2016-09-01 00:00:00',19,19),(44,0,'2016-09-01 00:00:00','2016-09-01 00:00:00',20,20),(45,0,'2016-09-01 00:00:00','2016-09-01 00:00:00',21,21),(46,0,'2016-09-01 00:00:00','2016-09-01 00:00:00',22,22),(47,0,'2016-09-01 00:00:00','2016-09-01 00:00:00',23,23),(48,0,'2016-09-01 00:00:00','2016-09-01 00:00:00',24,24),(49,0,'2016-09-01 00:00:00','2016-09-01 00:00:00',25,25),(50,0,'2016-09-01 00:00:00','2016-09-01 00:00:00',26,26),(51,0,'2016-09-01 00:00:00','2016-09-01 00:00:00',26,160),(52,0,'2016-09-01 00:00:00','2016-09-01 00:00:00',26,161),(53,0,'2016-09-01 00:00:00','2016-09-01 00:00:00',27,27),(54,0,'2016-09-01 00:00:00','2016-09-01 00:00:00',28,28),(55,0,'2016-09-01 00:00:00','2016-09-01 00:00:00',29,29),(56,0,'2016-09-01 00:00:00','2016-09-01 00:00:00',30,30),(57,0,'2016-09-01 00:00:00','2016-09-01 00:00:00',30,178),(58,0,'2016-09-01 00:00:00','2016-09-01 00:00:00',31,31),(59,0,'2016-09-01 00:00:00','2016-09-01 00:00:00',32,32),(60,0,'2016-09-01 00:00:00','2016-09-01 00:00:00',33,33),(61,0,'2016-09-01 00:00:00','2016-09-01 00:00:00',34,34),(62,0,'2016-09-01 00:00:00','2016-09-01 00:00:00',35,35),(63,0,'2016-09-01 00:00:00','2016-09-01 00:00:00',36,36),(64,0,'2016-09-01 00:00:00','2016-09-01 00:00:00',37,37),(65,0,'2016-09-01 00:00:00','2016-09-01 00:00:00',38,38),(66,0,'2016-09-01 00:00:00','2016-09-01 00:00:00',39,39),(67,0,'2016-09-01 00:00:00','2016-09-01 00:00:00',40,40),(68,0,'2016-09-01 00:00:00','2016-09-01 00:00:00',41,41),(69,0,'2016-09-01 00:00:00','2016-09-01 00:00:00',42,42),(70,0,'2016-09-01 00:00:00','2016-09-01 00:00:00',43,43),(71,0,'2016-09-01 00:00:00','2016-09-01 00:00:00',44,62),(72,0,'2016-09-01 00:00:00','2016-09-01 00:00:00',44,158),(73,0,'2016-09-01 00:00:00','2016-09-01 00:00:00',44,185),(74,0,'2016-09-01 00:00:00','2016-09-01 00:00:00',45,63),(75,0,'2016-09-01 00:00:00','2016-09-01 00:00:00',46,64),(76,0,'2016-09-01 00:00:00','2016-09-01 00:00:00',47,65),(77,0,'2016-09-01 00:00:00','2016-09-01 00:00:00',48,66),(78,0,'2016-09-01 00:00:00','2016-09-01 00:00:00',49,67),(79,0,'2016-09-01 00:00:00','2016-09-01 00:00:00',50,68),(80,0,'2016-09-01 00:00:00','2016-09-01 00:00:00',51,69),(81,0,'2016-09-01 00:00:00','2016-09-01 00:00:00',52,70),(82,0,'2016-09-01 00:00:00','2016-09-01 00:00:00',53,71),(83,0,'2016-09-01 00:00:00','2016-09-01 00:00:00',54,72),(84,0,'2016-09-01 00:00:00','2016-09-01 00:00:00',55,73),(85,0,'2016-09-01 00:00:00','2016-09-01 00:00:00',55,186),(86,0,'2016-09-01 00:00:00','2016-09-01 00:00:00',56,74),(87,0,'2016-09-01 00:00:00','2016-09-01 00:00:00',57,75),(88,0,'2016-09-01 00:00:00','2016-09-01 00:00:00',58,76),(89,0,'2016-09-01 00:00:00','2016-09-01 00:00:00',58,169),(90,0,'2016-09-01 00:00:00','2016-09-01 00:00:00',59,77),(91,0,'2016-09-01 00:00:00','2016-09-01 00:00:00',60,78),(92,0,'2016-09-01 00:00:00','2016-09-01 00:00:00',61,79),(93,0,'2016-09-01 00:00:00','2016-09-01 00:00:00',62,80),(94,0,'2016-09-01 00:00:00','2016-09-01 00:00:00',63,81),(95,0,'2016-09-01 00:00:00','2016-09-01 00:00:00',63,163),(96,0,'2016-09-01 00:00:00','2016-09-01 00:00:00',63,165),(97,0,'2016-09-01 00:00:00','2016-09-01 00:00:00',63,166),(98,0,'2016-09-01 00:00:00','2016-09-01 00:00:00',63,168),(99,0,'2016-09-01 00:00:00','2016-09-01 00:00:00',63,172),(100,0,'2016-09-01 00:00:00','2016-09-01 00:00:00',63,173),(101,0,'2016-09-01 00:00:00','2016-09-01 00:00:00',63,176),(102,0,'2016-09-01 00:00:00','2016-09-01 00:00:00',63,177),(103,0,'2016-09-01 00:00:00','2016-09-01 00:00:00',64,82),(104,0,'2016-09-01 00:00:00','2016-09-01 00:00:00',65,83),(105,0,'2016-09-01 00:00:00','2016-09-01 00:00:00',66,86),(106,0,'2016-09-01 00:00:00','2016-09-01 00:00:00',67,104),(107,0,'2016-09-01 00:00:00','2016-09-01 00:00:00',67,170),(108,0,'2016-09-01 00:00:00','2016-09-01 00:00:00',67,187),(109,0,'2016-09-01 00:00:00','2016-09-01 00:00:00',68,105),(110,0,'2016-09-01 00:00:00','2016-09-01 00:00:00',69,106),(111,0,'2016-09-01 00:00:00','2016-09-01 00:00:00',70,107),(112,0,'2016-09-01 00:00:00','2016-09-01 00:00:00',71,108),(113,0,'2016-09-01 00:00:00','2016-09-01 00:00:00',72,109),(114,0,'2016-09-01 00:00:00','2016-09-01 00:00:00',73,110),(115,0,'2016-09-01 00:00:00','2016-09-01 00:00:00',74,116),(116,0,'2016-09-01 00:00:00','2016-09-01 00:00:00',75,117),(117,0,'2016-09-01 00:00:00','2016-09-01 00:00:00',76,118),(118,0,'2016-09-01 00:00:00','2016-09-01 00:00:00',77,148),(119,0,'2016-09-01 00:00:00','2016-09-01 00:00:00',77,180),(120,0,'2016-09-01 00:00:00','2016-09-01 00:00:00',78,149),(121,0,'2016-09-01 00:00:00','2016-09-01 00:00:00',79,150),(122,0,'2016-09-01 00:00:00','2016-09-01 00:00:00',80,151),(123,0,'2016-09-01 00:00:00','2016-09-01 00:00:00',81,153),(124,0,'2016-09-01 00:00:00','2016-09-01 00:00:00',82,154),(125,0,'2016-09-01 00:00:00','2016-09-01 00:00:00',83,179),(126,0,'2016-09-01 00:00:00','2016-09-01 00:00:00',84,44),(127,0,'2016-09-01 00:00:00','2016-09-01 00:00:00',85,45),(128,0,'2016-09-01 00:00:00','2016-09-01 00:00:00',86,46),(129,0,'2016-09-01 00:00:00','2016-09-01 00:00:00',87,47),(130,0,'2016-09-01 00:00:00','2016-09-01 00:00:00',88,48),(131,0,'2016-09-01 00:00:00','2016-09-01 00:00:00',89,49),(132,0,'2016-09-01 00:00:00','2016-09-01 00:00:00',90,50),(133,0,'2016-09-01 00:00:00','2016-09-01 00:00:00',91,51),(134,0,'2016-09-01 00:00:00','2016-09-01 00:00:00',92,52),(135,0,'2016-09-01 00:00:00','2016-09-01 00:00:00',93,53),(136,0,'2016-09-01 00:00:00','2016-09-01 00:00:00',94,54),(137,0,'2016-09-01 00:00:00','2016-09-01 00:00:00',95,55),(138,0,'2016-09-01 00:00:00','2016-09-01 00:00:00',96,56),(139,0,'2016-09-01 00:00:00','2016-09-01 00:00:00',97,57),(140,0,'2016-09-01 00:00:00','2016-09-01 00:00:00',98,58),(141,0,'2016-09-01 00:00:00','2016-09-01 00:00:00',99,59),(142,0,'2016-09-01 00:00:00','2016-09-01 00:00:00',100,60),(143,0,'2016-09-01 00:00:00','2016-09-01 00:00:00',100,186),(144,0,'2016-09-01 00:00:00','2016-09-01 00:00:00',101,61),(145,0,'2016-09-01 00:00:00','2016-09-01 00:00:00',102,119),(146,0,'2016-09-01 00:00:00','2016-09-01 00:00:00',103,88),(147,0,'2016-09-01 00:00:00','2016-09-01 00:00:00',103,90),(148,0,'2016-09-01 00:00:00','2016-09-01 00:00:00',104,89),(149,0,'2016-09-01 00:00:00','2016-09-01 00:00:00',105,120),(150,0,'2016-09-01 00:00:00','2016-09-01 00:00:00',105,174),(151,0,'2016-09-01 00:00:00','2016-09-01 00:00:00',105,181),(152,0,'2016-09-01 00:00:00','2016-09-01 00:00:00',105,182),(153,0,'2016-09-01 00:00:00','2016-09-01 00:00:00',105,183),(154,0,'2016-09-01 00:00:00','2016-09-01 00:00:00',105,184),(155,0,'2016-09-01 00:00:00','2016-09-01 00:00:00',105,185),(156,0,'2016-09-01 00:00:00','2016-09-01 00:00:00',105,186),(157,0,'2016-09-01 00:00:00','2016-09-01 00:00:00',105,188),(158,0,'2016-09-01 00:00:00','2016-09-01 00:00:00',105,189),(159,0,'2016-09-01 00:00:00','2016-09-01 00:00:00',106,121),(160,0,'2016-09-01 00:00:00','2016-09-01 00:00:00',106,155),(161,0,'2016-09-01 00:00:00','2016-09-01 00:00:00',106,159),(162,0,'2016-09-01 00:00:00','2016-09-01 00:00:00',106,174),(163,0,'2016-09-01 00:00:00','2016-09-01 00:00:00',106,178),(164,0,'2016-09-01 00:00:00','2016-09-01 00:00:00',106,188),(165,0,'2016-09-01 00:00:00','2016-09-01 00:00:00',106,167),(166,0,'2016-09-01 00:00:00','2016-09-01 00:00:00',107,122),(167,0,'2016-09-01 00:00:00','2016-09-01 00:00:00',108,123),(168,0,'2016-09-01 00:00:00','2016-09-01 00:00:00',109,124),(169,0,'2016-09-01 00:00:00','2016-09-01 00:00:00',110,125),(170,0,'2016-09-01 00:00:00','2016-09-01 00:00:00',111,84),(171,0,'2016-09-01 00:00:00','2016-09-01 00:00:00',112,85),(172,0,'2016-09-01 00:00:00','2016-09-01 00:00:00',113,91),(173,0,'2016-09-01 00:00:00','2016-09-01 00:00:00',114,92),(174,0,'2016-09-01 00:00:00','2016-09-01 00:00:00',114,162),(175,0,'2016-09-01 00:00:00','2016-09-01 00:00:00',114,163),(176,0,'2016-09-01 00:00:00','2016-09-01 00:00:00',114,164),(177,0,'2016-09-01 00:00:00','2016-09-01 00:00:00',114,165),(178,0,'2016-09-01 00:00:00','2016-09-01 00:00:00',114,166),(179,0,'2016-09-01 00:00:00','2016-09-01 00:00:00',114,167),(180,0,'2016-09-01 00:00:00','2016-09-01 00:00:00',114,168),(181,0,'2016-09-01 00:00:00','2016-09-01 00:00:00',114,171),(182,0,'2016-09-01 00:00:00','2016-09-01 00:00:00',114,172),(183,0,'2016-09-01 00:00:00','2016-09-01 00:00:00',114,173),(184,0,'2016-09-01 00:00:00','2016-09-01 00:00:00',114,175),(185,0,'2016-09-01 00:00:00','2016-09-01 00:00:00',114,176),(186,0,'2016-09-01 00:00:00','2016-09-01 00:00:00',114,177),(187,0,'2016-09-01 00:00:00','2016-09-01 00:00:00',115,93),(188,0,'2016-09-01 00:00:00','2016-09-01 00:00:00',115,162),(189,0,'2016-09-01 00:00:00','2016-09-01 00:00:00',115,163),(190,0,'2016-09-01 00:00:00','2016-09-01 00:00:00',115,164),(191,0,'2016-09-01 00:00:00','2016-09-01 00:00:00',115,165),(192,0,'2016-09-01 00:00:00','2016-09-01 00:00:00',115,166),(193,0,'2016-09-01 00:00:00','2016-09-01 00:00:00',115,167),(194,0,'2016-09-01 00:00:00','2016-09-01 00:00:00',115,168),(195,0,'2016-09-01 00:00:00','2016-09-01 00:00:00',115,171),(196,0,'2016-09-01 00:00:00','2016-09-01 00:00:00',115,172),(197,0,'2016-09-01 00:00:00','2016-09-01 00:00:00',115,173),(198,0,'2016-09-01 00:00:00','2016-09-01 00:00:00',115,175),(199,0,'2016-09-01 00:00:00','2016-09-01 00:00:00',115,176),(200,0,'2016-09-01 00:00:00','2016-09-01 00:00:00',115,177),(201,0,'2016-09-01 00:00:00','2016-09-01 00:00:00',116,94),(202,0,'2016-09-01 00:00:00','2016-09-01 00:00:00',117,95),(203,0,'2016-09-01 00:00:00','2016-09-01 00:00:00',118,96),(204,0,'2016-09-01 00:00:00','2016-09-01 00:00:00',119,97),(205,0,'2016-09-01 00:00:00','2016-09-01 00:00:00',120,98),(206,0,'2016-09-01 00:00:00','2016-09-01 00:00:00',121,99),(207,0,'2016-09-01 00:00:00','2016-09-01 00:00:00',122,100),(208,0,'2016-09-01 00:00:00','2016-09-01 00:00:00',123,101),(209,0,'2016-09-01 00:00:00','2016-09-01 00:00:00',124,102),(210,0,'2016-09-01 00:00:00','2016-09-01 00:00:00',125,103),(211,0,'2016-09-01 00:00:00','2016-09-01 00:00:00',126,126),(212,0,'2016-09-01 00:00:00','2016-09-01 00:00:00',127,127),(213,0,'2016-09-01 00:00:00','2016-09-01 00:00:00',128,128),(214,0,'2016-09-01 00:00:00','2016-09-01 00:00:00',129,129),(215,0,'2016-09-01 00:00:00','2016-09-01 00:00:00',130,130),(216,0,'2016-09-01 00:00:00','2016-09-01 00:00:00',131,131),(217,0,'2016-09-01 00:00:00','2016-09-01 00:00:00',132,132),(218,0,'2016-09-01 00:00:00','2016-09-01 00:00:00',133,133),(219,0,'2016-09-01 00:00:00','2016-09-01 00:00:00',134,134),(220,0,'2016-09-01 00:00:00','2016-09-01 00:00:00',135,135),(221,0,'2016-09-01 00:00:00','2016-09-01 00:00:00',136,136),(222,0,'2016-09-01 00:00:00','2016-09-01 00:00:00',137,137),(223,0,'2016-09-01 00:00:00','2016-09-01 00:00:00',138,138),(224,0,'2016-09-01 00:00:00','2016-09-01 00:00:00',139,139),(225,0,'2016-09-01 00:00:00','2016-09-01 00:00:00',140,140),(226,0,'2016-09-01 00:00:00','2016-09-01 00:00:00',141,141),(227,0,'2016-09-01 00:00:00','2016-09-01 00:00:00',142,142),(228,0,'2016-09-01 00:00:00','2016-09-01 00:00:00',143,143),(229,0,'2016-09-01 00:00:00','2016-09-01 00:00:00',144,144),(230,0,'2016-09-01 00:00:00','2016-09-01 00:00:00',145,145),(231,0,'2016-09-01 00:00:00','2016-09-01 00:00:00',146,146),(232,0,'2016-09-01 00:00:00','2016-09-01 00:00:00',147,147),(233,0,'2016-09-01 00:00:00','2016-09-01 00:00:00',148,87),(234,0,'2016-09-01 00:00:00','2016-09-01 00:00:00',149,111),(235,0,'2016-09-01 00:00:00','2016-09-01 00:00:00',150,112),(236,0,'2016-09-01 00:00:00','2016-09-01 00:00:00',151,113),(237,0,'2016-09-01 00:00:00','2016-09-01 00:00:00',152,114),(238,0,'2016-09-01 00:00:00','2016-09-01 00:00:00',153,115),(239,0,'2016-09-01 00:00:00','2016-09-01 00:00:00',161,190),(240,0,'2016-09-01 00:00:00','2016-09-01 00:00:00',162,191);
/*!40000 ALTER TABLE `menu_basis4menu_units` ENABLE KEYS */;
UNLOCK TABLES;

--
-- Table structure for table `menu_basis_unit4menu_units`
--

DROP TABLE IF EXISTS `menu_basis_unit4menu_units`;
/*!40101 SET @saved_cs_client     = @@character_set_client */;
/*!40101 SET character_set_client = utf8 */;
CREATE TABLE `menu_basis_unit4menu_units` (
  `id` int(11) NOT NULL AUTO_INCREMENT,
  `del_flg` tinyint(1) unsigned NOT NULL DEFAULT '0',
  `created` datetime NOT NULL,
  `modified` datetime NOT NULL,
  `menu_basis_units_id` int(11) NOT NULL,
  `menu_units_id` int(11) NOT NULL,
  PRIMARY KEY (`id`),
  KEY `fk_menu_basis_unit4menu_units_menu_basis_units1_idx` (`menu_basis_units_id`),
  KEY `fk_menu_basis_unit4menu_units_menu_units1_idx` (`menu_units_id`),
  CONSTRAINT `fk_menu_basis_unit4menu_units_menu_basis_units1` FOREIGN KEY (`menu_basis_units_id`) REFERENCES `menu_basis_units` (`id`) ON DELETE NO ACTION ON UPDATE NO ACTION,
  CONSTRAINT `fk_menu_basis_unit4menu_units_menu_units1` FOREIGN KEY (`menu_units_id`) REFERENCES `menu_units` (`id`) ON DELETE NO ACTION ON UPDATE NO ACTION
) ENGINE=InnoDB DEFAULT CHARSET=utf8;
/*!40101 SET character_set_client = @saved_cs_client */;

--
-- Dumping data for table `menu_basis_unit4menu_units`
--

LOCK TABLES `menu_basis_unit4menu_units` WRITE;
/*!40000 ALTER TABLE `menu_basis_unit4menu_units` DISABLE KEYS */;
/*!40000 ALTER TABLE `menu_basis_unit4menu_units` ENABLE KEYS */;
UNLOCK TABLES;

--
-- Table structure for table `menu_basis_units`
--

DROP TABLE IF EXISTS `menu_basis_units`;
/*!40101 SET @saved_cs_client     = @@character_set_client */;
/*!40101 SET character_set_client = utf8 */;
CREATE TABLE `menu_basis_units` (
  `id` int(11) NOT NULL AUTO_INCREMENT,
  `del_flg` tinyint(1) unsigned NOT NULL DEFAULT '0',
  `created` datetime NOT NULL,
  `modified` datetime NOT NULL,
  `contractors_id` int(11) NOT NULL,
  `specific_code` varchar(50) DEFAULT NULL COMMENT '特殊コード\nオーナーが自身の影響範囲下にある要素に対して、定義できるコード',
  `name` varchar(100) NOT NULL DEFAULT '' COMMENT 'メニュー名',
  `description` text NOT NULL COMMENT 'メニュー詳細',
  `seq` int(11) NOT NULL COMMENT '表示順',
  PRIMARY KEY (`id`),
  KEY `fk_menu_basis_units_contractors1_idx` (`contractors_id`),
  CONSTRAINT `fk_menu_basis_units_contractors1` FOREIGN KEY (`contractors_id`) REFERENCES `contractors` (`id`) ON DELETE NO ACTION ON UPDATE NO ACTION
) ENGINE=InnoDB DEFAULT CHARSET=utf8;
/*!40101 SET character_set_client = @saved_cs_client */;

--
-- Dumping data for table `menu_basis_units`
--

LOCK TABLES `menu_basis_units` WRITE;
/*!40000 ALTER TABLE `menu_basis_units` DISABLE KEYS */;
/*!40000 ALTER TABLE `menu_basis_units` ENABLE KEYS */;
UNLOCK TABLES;

--
-- Table structure for table `menu_entities`
--

DROP TABLE IF EXISTS `menu_entities`;
/*!40101 SET @saved_cs_client     = @@character_set_client */;
/*!40101 SET character_set_client = utf8 */;
CREATE TABLE `menu_entities` (
  `id` int(11) NOT NULL AUTO_INCREMENT,
  `del_flg` tinyint(1) unsigned NOT NULL DEFAULT '0',
  `created` datetime NOT NULL,
  `modified` datetime NOT NULL,
  `menu_units_id` int(11) NOT NULL,
  `contractors_id` int(11) NOT NULL,
  `specific_code` varchar(50) DEFAULT NULL COMMENT '特殊コード\nオーナーが自身の影響範囲下にある要素に対して、定義できるコード',
  `menu_entity_type` char(1) NOT NULL DEFAULT 'A' COMMENT 'メニューの実体タイプ\nA : グランドメニュー\nB : 店舗固有メニュー',
  `menu_cd` char(2) NOT NULL DEFAULT 'A1' COMMENT 'メニューコード\nA1 : サービス\nB1 : 店販商品\nC1 : 施術指名(個人)\nC2 : 施術指名(男性)\nC3 : 施術指名(女性)\nD1 : 特殊調整(全体調整)\nD2 : 特殊調整(サービス調整)\nD3 : 特殊調整(店販商品調整)\nE1 : 一時メニュー',
  `name` varchar(100) NOT NULL DEFAULT '' COMMENT 'メニュー名',
  `price` int(11) NOT NULL DEFAULT '0' COMMENT '金額',
  `rate` int(11) NOT NULL DEFAULT '0' COMMENT '割引（割増）率',
  `description` text NOT NULL COMMENT 'メニュー詳細',
  `required_time` int(11) NOT NULL DEFAULT '0' COMMENT '所要時間',
  `seq` int(11) NOT NULL COMMENT '表示順',
  PRIMARY KEY (`id`),
  KEY `fk_menu_entities_menu_units1_idx` (`menu_units_id`),
  KEY `fk_menu_entities_contractors1_idx` (`contractors_id`),
  CONSTRAINT `fk_menu_entities_contractors1` FOREIGN KEY (`contractors_id`) REFERENCES `contractors` (`id`) ON DELETE NO ACTION ON UPDATE NO ACTION,
  CONSTRAINT `fk_menu_entities_menu_units1` FOREIGN KEY (`menu_units_id`) REFERENCES `menu_units` (`id`) ON DELETE NO ACTION ON UPDATE NO ACTION
) ENGINE=InnoDB AUTO_INCREMENT=192 DEFAULT CHARSET=utf8;
/*!40101 SET character_set_client = @saved_cs_client */;

--
-- Dumping data for table `menu_entities`
--

LOCK TABLES `menu_entities` WRITE;
/*!40000 ALTER TABLE `menu_entities` DISABLE KEYS */;
INSERT INTO `menu_entities` VALUES (1,0,'2016-09-01 00:00:00','2016-09-01 00:00:00',1,0,NULL,'A','A1','【ご新規様・2回目ご来店の方】上まつげ　80本',0,0,'',75,1),(2,0,'2016-09-01 00:00:00','2016-09-01 00:00:00',2,0,NULL,'A','A1','【ご新規様・2回目ご来店の方】上まつげ　90本',0,0,'',75,2),(3,0,'2016-09-01 00:00:00','2016-09-01 00:00:00',3,0,NULL,'A','A1','【ご新規様・2回目ご来店の方】上まつげ　100本',0,0,'',75,3),(4,0,'2016-09-01 00:00:00','2016-09-01 00:00:00',4,0,NULL,'A','A1','【ご新規様・2回目ご来店の方】上まつげ　110本',0,0,'',90,4),(5,0,'2016-09-01 00:00:00','2016-09-01 00:00:00',5,0,NULL,'A','A1','【ご新規様・2回目ご来店の方】上まつげ　120本',0,0,'',90,5),(6,0,'2016-09-01 00:00:00','2016-09-01 00:00:00',6,0,NULL,'A','A1','【ご新規様・2回目ご来店の方】上まつげ　130本',0,0,'',90,6),(7,0,'2016-09-01 00:00:00','2016-09-01 00:00:00',7,0,NULL,'A','A1','【ご新規様・2回目ご来店の方】上まつげ　140本',0,0,'',90,7),(8,0,'2016-09-01 00:00:00','2016-09-01 00:00:00',8,0,NULL,'A','A1','【ご新規様・2回目ご来店の方】上まつげ　150本',0,0,'',105,8),(9,0,'2016-09-01 00:00:00','2016-09-01 00:00:00',9,0,NULL,'A','A1','【ご新規様・2回目ご来店の方】上まつげ　160本',0,0,'',105,9),(10,0,'2016-09-01 00:00:00','2016-09-01 00:00:00',10,0,NULL,'A','A1','【ご新規様・2回目ご来店の方】上まつげ　170本',0,0,'',105,10),(11,0,'2016-09-01 00:00:00','2016-09-01 00:00:00',11,0,NULL,'A','A1','【ご新規様・2回目ご来店の方】上まつげ　180本',0,0,'',105,11),(12,0,'2016-09-01 00:00:00','2016-09-01 00:00:00',12,0,NULL,'A','A1','【ご新規様・2回目ご来店の方】上まつげ　190本',0,0,'',120,12),(13,0,'2016-09-01 00:00:00','2016-09-01 00:00:00',13,0,NULL,'A','A1','【ご新規様・2回目ご来店の方】上まつげ　200本',0,0,'',120,13),(14,0,'2016-09-01 00:00:00','2016-09-01 00:00:00',14,0,NULL,'A','A1','【ご新規様・2回目ご来店の方】上まつげ追加1本',0,0,'',0,14),(15,0,'2016-09-01 00:00:00','2016-09-01 00:00:00',15,0,NULL,'A','A1','上まつげ　１0本　定価',0,0,'',15,15),(16,0,'2016-09-01 00:00:00','2016-09-01 00:00:00',16,0,NULL,'A','A1','上まつげ　２0本　定価',0,0,'',15,16),(17,0,'2016-09-01 00:00:00','2016-09-01 00:00:00',17,0,NULL,'A','A1','上まつげ　３0本　定価',0,0,'',15,17),(18,0,'2016-09-01 00:00:00','2016-09-01 00:00:00',18,0,NULL,'A','A1','上まつげ　40本　定価',0,0,'',30,18),(19,0,'2016-09-01 00:00:00','2016-09-01 00:00:00',19,0,NULL,'A','A1','上まつげ　50本　定価',0,0,'',30,19),(20,0,'2016-09-01 00:00:00','2016-09-01 00:00:00',20,0,NULL,'A','A1','上まつげ　60本　定価',0,0,'',30,20),(21,0,'2016-09-01 00:00:00','2016-09-01 00:00:00',21,0,NULL,'A','A1','上まつげ　70本　定価',0,0,'',45,21),(22,0,'2016-09-01 00:00:00','2016-09-01 00:00:00',22,0,NULL,'A','A1','上まつげ　80本　定価',0,0,'',60,22),(23,0,'2016-09-01 00:00:00','2016-09-01 00:00:00',23,0,NULL,'A','A1','上まつげ　90本　定価',0,0,'',60,23),(24,0,'2016-09-01 00:00:00','2016-09-01 00:00:00',24,0,NULL,'A','A1','上まつげ　100本　定価',0,0,'',60,24),(25,0,'2016-09-01 00:00:00','2016-09-01 00:00:00',25,0,NULL,'A','A1','上まつげ　110本　定価',0,0,'',75,25),(26,0,'2016-09-01 00:00:00','2016-09-01 00:00:00',26,0,NULL,'A','A1','上まつげ　120本　定価',0,0,'',75,26),(27,0,'2016-09-01 00:00:00','2016-09-01 00:00:00',27,0,NULL,'A','A1','上まつげ　130本　定価',0,0,'',75,27),(28,0,'2016-09-01 00:00:00','2016-09-01 00:00:00',28,0,NULL,'A','A1','上まつげ　140本　定価',0,0,'',75,28),(29,0,'2016-09-01 00:00:00','2016-09-01 00:00:00',29,0,NULL,'A','A1','上まつげ　150本　定価',0,0,'',90,29),(30,0,'2016-09-01 00:00:00','2016-09-01 00:00:00',30,0,NULL,'A','A1','上まつげ　160本　定価',0,0,'',90,30),(31,0,'2016-09-01 00:00:00','2016-09-01 00:00:00',31,0,NULL,'A','A1','上まつげ　170本　定価',0,0,'',105,31),(32,0,'2016-09-01 00:00:00','2016-09-01 00:00:00',32,0,NULL,'A','A1','上まつげ　180本　定価',0,0,'',105,32),(33,0,'2016-09-01 00:00:00','2016-09-01 00:00:00',33,0,NULL,'A','A1','上まつげ　190本　定価',0,0,'',105,33),(34,0,'2016-09-01 00:00:00','2016-09-01 00:00:00',34,0,NULL,'A','A1','上まつげ　200本　定価',0,0,'',105,34),(35,0,'2016-09-01 00:00:00','2016-09-01 00:00:00',35,0,NULL,'A','A1','上まつげ追加1本　定価',0,0,'',15,35),(36,0,'2016-09-01 00:00:00','2016-09-01 00:00:00',36,0,NULL,'A','A1','上まつげ追加2本　定価',0,0,'',15,36),(37,0,'2016-09-01 00:00:00','2016-09-01 00:00:00',37,0,NULL,'A','A1','上まつげ追加3本　定価',0,0,'',15,37),(38,0,'2016-09-01 00:00:00','2016-09-01 00:00:00',38,0,NULL,'A','A1','上まつげ追加4本　定価',0,0,'',15,38),(39,0,'2016-09-01 00:00:00','2016-09-01 00:00:00',39,0,NULL,'A','A1','上まつげ追加5本　定価',0,0,'',15,39),(40,0,'2016-09-01 00:00:00','2016-09-01 00:00:00',40,0,NULL,'A','A1','上まつげ追加6本　定価',0,0,'',15,40),(41,0,'2016-09-01 00:00:00','2016-09-01 00:00:00',41,0,NULL,'A','A1','上まつげ追加7本　定価',0,0,'',15,41),(42,0,'2016-09-01 00:00:00','2016-09-01 00:00:00',42,0,NULL,'A','A1','上まつげ追加8本　定価',0,0,'',15,42),(43,0,'2016-09-01 00:00:00','2016-09-01 00:00:00',43,0,NULL,'A','A1','上まつげ追加9本　定価',0,0,'',15,43),(44,0,'2016-09-01 00:00:00','2016-09-01 00:00:00',44,0,NULL,'A','A1','上まつげ40本　リペア',0,0,'',30,44),(45,0,'2016-09-01 00:00:00','2016-09-01 00:00:00',45,0,NULL,'A','A1','上まつげ50本　リペア',0,0,'',30,45),(46,0,'2016-09-01 00:00:00','2016-09-01 00:00:00',46,0,NULL,'A','A1','上まつげ60本　リペア',0,0,'',30,46),(47,0,'2016-09-01 00:00:00','2016-09-01 00:00:00',47,0,NULL,'A','A1','上まつげ70本　リペア',0,0,'',45,47),(48,0,'2016-09-01 00:00:00','2016-09-01 00:00:00',48,0,NULL,'A','A1','上まつげ80本　リペア',0,0,'',60,48),(49,0,'2016-09-01 00:00:00','2016-09-01 00:00:00',49,0,NULL,'A','A1','上まつげ90本　リペア',0,0,'',60,49),(50,0,'2016-09-01 00:00:00','2016-09-01 00:00:00',50,0,NULL,'A','A1','上まつげ100本　リペア',0,0,'',75,50),(51,0,'2016-09-01 00:00:00','2016-09-01 00:00:00',51,0,NULL,'A','A1','上まつげ110本　リペア',0,0,'',75,51),(52,0,'2016-09-01 00:00:00','2016-09-01 00:00:00',52,0,NULL,'A','A1','上まつげ120本　リペア',0,0,'',75,52),(53,0,'2016-09-01 00:00:00','2016-09-01 00:00:00',53,0,NULL,'A','A1','上まつげ130本　リペア',0,0,'',75,53),(54,0,'2016-09-01 00:00:00','2016-09-01 00:00:00',54,0,NULL,'A','A1','上まつげ140本　リペア',0,0,'',75,54),(55,0,'2016-09-01 00:00:00','2016-09-01 00:00:00',55,0,NULL,'A','A1','上まつげ150本　リペア',0,0,'',75,55),(56,0,'2016-09-01 00:00:00','2016-09-01 00:00:00',56,0,NULL,'A','A1','上まつげ160本　リペア',0,0,'',90,56),(57,0,'2016-09-01 00:00:00','2016-09-01 00:00:00',57,0,NULL,'A','A1','上まつげ170本　リペア',0,0,'',90,57),(58,0,'2016-09-01 00:00:00','2016-09-01 00:00:00',58,0,NULL,'A','A1','上まつげ180本　リペア',0,0,'',105,58),(59,0,'2016-09-01 00:00:00','2016-09-01 00:00:00',59,0,NULL,'A','A1','上まつげ190本　リペア',0,0,'',105,59),(60,0,'2016-09-01 00:00:00','2016-09-01 00:00:00',60,0,NULL,'A','A1','上まつげ200本　リペア',0,0,'',105,60),(61,0,'2016-09-01 00:00:00','2016-09-01 00:00:00',61,0,NULL,'A','A1','上まつげ追加1本につき　リペア',0,0,'',15,61),(62,0,'2016-09-01 00:00:00','2016-09-01 00:00:00',62,0,NULL,'A','A1','下まつげ30本（ご新規様＆2回目（6週間以内）',0,0,'',30,62),(63,0,'2016-09-01 00:00:00','2016-09-01 00:00:00',63,0,NULL,'A','A1','下まつげセット（３回目以降（６週間以内））かつ上まつげ80本以上施術）',0,0,'',30,63),(64,0,'2016-09-01 00:00:00','2016-09-01 00:00:00',64,0,NULL,'A','A1','下まつげ1本定価',0,0,'',15,64),(65,0,'2016-09-01 00:00:00','2016-09-01 00:00:00',65,0,NULL,'A','A1','下まつげ１本',0,0,'',15,65),(66,0,'2016-09-01 00:00:00','2016-09-01 00:00:00',66,0,NULL,'A','A1','下まつげ２本',0,0,'',15,66),(67,0,'2016-09-01 00:00:00','2016-09-01 00:00:00',67,0,NULL,'A','A1','下まつげ３本',0,0,'',15,67),(68,0,'2016-09-01 00:00:00','2016-09-01 00:00:00',68,0,NULL,'A','A1','下まつげ４本',0,0,'',15,68),(69,0,'2016-09-01 00:00:00','2016-09-01 00:00:00',69,0,NULL,'A','A1','下まつげ５本',0,0,'',15,69),(70,0,'2016-09-01 00:00:00','2016-09-01 00:00:00',70,0,NULL,'A','A1','下まつげ６本',0,0,'',15,70),(71,0,'2016-09-01 00:00:00','2016-09-01 00:00:00',71,0,NULL,'A','A1','下まつげ７本',0,0,'',15,71),(72,0,'2016-09-01 00:00:00','2016-09-01 00:00:00',72,0,NULL,'A','A1','下まつげ８本',0,0,'',15,72),(73,0,'2016-09-01 00:00:00','2016-09-01 00:00:00',73,0,NULL,'A','A1','下まつげ９本',0,0,'',15,73),(74,0,'2016-09-01 00:00:00','2016-09-01 00:00:00',74,0,NULL,'A','A1','下まつげ１０本',0,0,'',15,74),(75,0,'2016-09-01 00:00:00','2016-09-01 00:00:00',75,0,NULL,'A','A1','下まつげ２０本',0,0,'',30,75),(76,0,'2016-09-01 00:00:00','2016-09-01 00:00:00',76,0,NULL,'A','A1','下まつげ３０本',0,0,'',30,76),(77,0,'2016-09-01 00:00:00','2016-09-01 00:00:00',77,0,NULL,'A','A1','下まつげ４０本',0,0,'',30,77),(78,0,'2016-09-01 00:00:00','2016-09-01 00:00:00',78,0,NULL,'A','A1','下まつげ５０本',0,0,'',30,78),(79,0,'2016-09-01 00:00:00','2016-09-01 00:00:00',79,0,NULL,'A','A1','下まつげ６０本',0,0,'',45,79),(80,0,'2016-09-01 00:00:00','2016-09-01 00:00:00',80,0,NULL,'A','A1','下まつげ７０本',0,0,'',45,80),(81,0,'2016-09-01 00:00:00','2016-09-01 00:00:00',81,0,NULL,'A','A1','下まつげ８０本',0,0,'',45,81),(82,0,'2016-09-01 00:00:00','2016-09-01 00:00:00',82,0,NULL,'A','A1','下まつげ９０本',0,0,'',60,82),(83,0,'2016-09-01 00:00:00','2016-09-01 00:00:00',83,0,NULL,'A','A1','下まつげ１００本',0,0,'',60,83),(84,0,'2016-09-01 00:00:00','2016-09-01 00:00:00',84,0,NULL,'A','A1','メイクオフ',0,0,'',15,84),(85,0,'2016-09-01 00:00:00','2016-09-01 00:00:00',85,0,NULL,'A','A1','メイクオフ(ウォータープルーフ)',0,0,'',15,85),(86,0,'2016-09-01 00:00:00','2016-09-01 00:00:00',86,0,NULL,'A','A1','ラメエクステ',0,0,'',0,86),(87,0,'2016-09-01 00:00:00','2016-09-01 00:00:00',87,0,NULL,'A','C1','指名料',0,0,'',0,87),(88,0,'2016-09-01 00:00:00','2016-09-01 00:00:00',88,0,NULL,'A','A1','他店リムーブ(他店でエクステされた方)',0,0,'',15,88),(89,0,'2016-09-01 00:00:00','2016-09-01 00:00:00',89,0,NULL,'A','A1','Blancリムーブ(Blancでエクステされた方)',0,0,'',15,89),(90,0,'2016-09-01 00:00:00','2016-09-01 00:00:00',90,0,NULL,'A','A1','無料リムーブ(ご新規様に限りリムーブ無料)',0,0,'',15,90),(91,0,'2016-09-01 00:00:00','2016-09-01 00:00:00',91,0,NULL,'A','A1','トリートメント（単品）',0,0,'',0,91),(92,0,'2016-09-01 00:00:00','2016-09-01 00:00:00',92,0,NULL,'A','A1','トリートメント（リムーブとセット）',0,0,'',0,92),(93,0,'2016-09-01 00:00:00','2016-09-01 00:00:00',93,0,NULL,'A','A1','目元パック（単品）',0,0,'',0,93),(94,0,'2016-09-01 00:00:00','2016-09-01 00:00:00',94,0,NULL,'A','A1','ハンドパック（単品）',0,0,'',0,94),(95,0,'2016-09-01 00:00:00','2016-09-01 00:00:00',95,0,NULL,'A','A1','リップパック（単品）',0,0,'',0,95),(96,0,'2016-09-01 00:00:00','2016-09-01 00:00:00',96,0,NULL,'A','A1','目元パック（２つ以上）',0,0,'',0,96),(97,0,'2016-09-01 00:00:00','2016-09-01 00:00:00',97,0,NULL,'A','A1','ハンドパック（２つ以上）',0,0,'',0,97),(98,0,'2016-09-01 00:00:00','2016-09-01 00:00:00',98,0,NULL,'A','A1','リップパック（２つ以上）',0,0,'',0,98),(99,0,'2016-09-01 00:00:00','2016-09-01 00:00:00',99,0,NULL,'A','A1','トリートメント半額',0,0,'',0,99),(100,0,'2016-09-01 00:00:00','2016-09-01 00:00:00',100,0,NULL,'A','A1','目元半額',0,0,'',0,100),(101,0,'2016-09-01 00:00:00','2016-09-01 00:00:00',101,0,NULL,'A','A1','ハンド半額',0,0,'',0,101),(102,0,'2016-09-01 00:00:00','2016-09-01 00:00:00',102,0,NULL,'A','A1','リップ半額',0,0,'',0,102),(103,0,'2016-09-01 00:00:00','2016-09-01 00:00:00',103,0,NULL,'A','A1','パッチテスト',0,0,'',0,103),(104,0,'2016-09-01 00:00:00','2016-09-01 00:00:00',104,0,NULL,'A','A1','上カラーエクステセットプラン（60本まで）',0,0,'',0,104),(105,0,'2016-09-01 00:00:00','2016-09-01 00:00:00',105,0,NULL,'A','A1','上カラーエクステセットプラン61本以降（60本追加）',0,0,'',0,105),(106,0,'2016-09-01 00:00:00','2016-09-01 00:00:00',106,0,NULL,'A','A1','上カラーエクステセットプラン（カラー２色以上）',0,0,'',0,106),(107,0,'2016-09-01 00:00:00','2016-09-01 00:00:00',107,0,NULL,'A','A1','下カラーエクステセットプラン（30本まで）',0,0,'',0,107),(108,0,'2016-09-01 00:00:00','2016-09-01 00:00:00',108,0,NULL,'A','A1','下カラーエクステセットプラン61本以降（30本追加）',0,0,'',0,108),(109,0,'2016-09-01 00:00:00','2016-09-01 00:00:00',109,0,NULL,'A','A1','下カラーエクステセットプラン（カラー２色以上）',0,0,'',0,109),(110,0,'2016-09-01 00:00:00','2016-09-01 00:00:00',110,0,NULL,'A','A1','10本プレゼント(次回予約)',0,0,'',15,110),(111,0,'2016-09-01 00:00:00','2016-09-01 00:00:00',111,0,NULL,'A','D2','HPBポイント割引',0,0,'',0,111),(112,0,'2016-09-01 00:00:00','2016-09-01 00:00:00',112,0,NULL,'A','D2','従業員割引（初回）',0,0,'',0,112),(113,0,'2016-09-01 00:00:00','2016-09-01 00:00:00',113,0,NULL,'A','D2','従業員割引（2回目以降）',0,0,'',0,113),(114,0,'2016-09-01 00:00:00','2016-09-01 00:00:00',114,0,NULL,'A','D2','口コミ友人上まつげ',0,0,'',0,114),(115,0,'2016-09-01 00:00:00','2016-09-01 00:00:00',115,0,NULL,'A','D2','口コミ友人オプション半額割引額',0,0,'',0,115),(116,0,'2016-09-01 00:00:00','2016-09-01 00:00:00',116,0,NULL,'A','A1','上まつげ100本（クインテッド優待チケット）',0,0,'',75,116),(117,0,'2016-09-01 00:00:00','2016-09-01 00:00:00',117,0,NULL,'A','A1','上まつげ160本（ベネフィットワン優待）',0,0,'',90,117),(118,0,'2016-09-01 00:00:00','2016-09-01 00:00:00',118,0,NULL,'A','A1','上まつげ100本（取引先チケット）',0,0,'',75,118),(119,0,'2016-09-01 00:00:00','2016-09-01 00:00:00',119,0,NULL,'A','A1','お直し',0,0,'',0,119),(120,0,'2016-09-01 00:00:00','2016-09-01 00:00:00',120,0,NULL,'A','A1','他店リムーブ無料',0,0,'',15,120),(121,0,'2016-09-01 00:00:00','2016-09-01 00:00:00',121,0,NULL,'A','A1','【初回】眉スタイリング',0,0,'',60,121),(122,0,'2016-09-01 00:00:00','2016-09-01 00:00:00',122,0,NULL,'A','A1','【2回目以降】眉スタイリング　キープ',0,0,'',60,122),(123,0,'2016-09-01 00:00:00','2016-09-01 00:00:00',123,0,NULL,'A','A1','眉スタイリング（カット・ツィジングのみ）',0,0,'',45,123),(124,0,'2016-09-01 00:00:00','2016-09-01 00:00:00',124,0,NULL,'A','A1','【エクステセット】眉スタイリング',0,0,'',60,124),(125,0,'2016-09-01 00:00:00','2016-09-01 00:00:00',125,0,NULL,'A','A1','【エクステセット】眉スタイリング　キープ',0,0,'',60,125),(126,0,'2016-09-01 00:00:00','2016-09-01 00:00:00',126,0,NULL,'A','A1','【初回無料】生コラーゲンポイントエステ（涙袋）',0,0,'',15,126),(127,0,'2016-09-01 00:00:00','2016-09-01 00:00:00',127,0,NULL,'A','A1','【初回無料】生コラーゲンポイントエステ（目の上）',0,0,'',15,127),(128,0,'2016-09-01 00:00:00','2016-09-01 00:00:00',128,0,NULL,'A','A1','【初回無料】生コラーゲンポイントエステ（目尻）',0,0,'',15,128),(129,0,'2016-09-01 00:00:00','2016-09-01 00:00:00',129,0,NULL,'A','A1','【初回無料】生コラーゲンポイントエステ（ほうれい線）',0,0,'',15,129),(130,0,'2016-09-01 00:00:00','2016-09-01 00:00:00',130,0,NULL,'A','A1','【初回価格】生コラーゲン顔全体エステ',0,0,'',30,130),(131,0,'2016-09-01 00:00:00','2016-09-01 00:00:00',131,0,NULL,'A','A1','生コラーゲンポイントエステ（涙袋）',0,0,'',15,131),(132,0,'2016-09-01 00:00:00','2016-09-01 00:00:00',132,0,NULL,'A','A1','生コラーゲンポイントエステ（目の上）',0,0,'',15,132),(133,0,'2016-09-01 00:00:00','2016-09-01 00:00:00',133,0,NULL,'A','A1','生コラーゲンポイントエステ（目尻）',0,0,'',15,133),(134,0,'2016-09-01 00:00:00','2016-09-01 00:00:00',134,0,NULL,'A','A1','生コラーゲンポイントエステ（ほうれい線）',0,0,'',15,134),(135,0,'2016-09-01 00:00:00','2016-09-01 00:00:00',135,0,NULL,'A','A1','生コラーゲン顔全体エステ',0,0,'',30,135),(136,0,'2016-09-01 00:00:00','2016-09-01 00:00:00',136,0,NULL,'A','B1','マスカラ',0,0,'',0,136),(137,0,'2016-09-01 00:00:00','2016-09-01 00:00:00',137,0,NULL,'A','B1','ライナー',0,0,'',0,137),(138,0,'2016-09-01 00:00:00','2016-09-01 00:00:00',138,0,NULL,'A','B1','ラッシュコーム',0,0,'',0,138),(139,0,'2016-09-01 00:00:00','2016-09-01 00:00:00',139,0,NULL,'A','B1','Moiアイラッシュセラム',0,0,'',0,139),(140,0,'2016-09-01 00:00:00','2016-09-01 00:00:00',140,0,NULL,'A','B1','Blancオリジナルラッシュコーム',0,0,'',0,140),(141,0,'2016-09-01 00:00:00','2016-09-01 00:00:00',141,0,NULL,'A','B1','Moiダブルクレンジング（J）',0,0,'',0,141),(142,0,'2016-09-01 00:00:00','2016-09-01 00:00:00',142,0,NULL,'A','B1','Moiダブルクレンジング（RH）',0,0,'',0,142),(143,0,'2016-09-01 00:00:00','2016-09-01 00:00:00',143,0,NULL,'A','B1','Moiダブルクレンジング ミニボトル（J）',0,0,'',0,143),(144,0,'2016-09-01 00:00:00','2016-09-01 00:00:00',144,0,NULL,'A','B1','Moiダブルクレンジング ミニボトル（RH）',0,0,'',0,144),(145,0,'2016-09-01 00:00:00','2016-09-01 00:00:00',145,0,NULL,'A','B1','Moiオリジナルマスカラ',0,0,'',0,145),(146,0,'2016-09-01 00:00:00','2016-09-01 00:00:00',146,0,NULL,'A','B1','Moiオリジナルアイライナー',0,0,'',0,146),(147,0,'2016-09-01 00:00:00','2016-09-01 00:00:00',147,0,NULL,'A','B1','サクラ プチケア コンタクトケース',0,0,'',0,147),(148,0,'2016-09-01 00:00:00','2016-09-01 00:00:00',148,0,NULL,'A','A1','4D　60本',0,0,'',0,148),(149,0,'2016-09-01 00:00:00','2016-09-01 00:00:00',149,0,NULL,'A','A1','4D　120本',0,0,'',0,149),(150,0,'2016-09-01 00:00:00','2016-09-01 00:00:00',150,0,NULL,'A','A1','4D　無制限',0,0,'',0,150),(151,0,'2016-09-01 00:00:00','2016-09-01 00:00:00',151,0,NULL,'A','A1','4D　友人モデル',0,0,'',0,151),(152,0,'2016-09-01 00:00:00','2016-09-01 00:00:00',152,0,NULL,'A','A1','【ご新規様】オープニングキャンペーン50%off　上まつげ80本',0,0,'',60,152),(153,0,'2016-09-01 00:00:00','2016-09-01 00:00:00',153,0,NULL,'A','A1','【ご新規様】オープニングキャンペーン50%off　上まつげ120本までつけ放題',0,0,'',75,153),(154,0,'2016-09-01 00:00:00','2016-09-01 00:00:00',154,0,NULL,'A','A1','【ご新規様】オープニングキャンペーン50%off　上まつげ140本までつけ放題',0,0,'',90,154),(155,0,'2016-09-01 00:00:00','2016-09-01 00:00:00',155,0,NULL,'A','A1','【全員】美眉スタリング',0,0,'',60,155),(156,0,'2016-09-01 00:00:00','2016-09-01 00:00:00',156,0,NULL,'A','A1','【2回目ご来店の方】　上まつげ80本　オフ別途',0,0,'',75,156),(157,0,'2016-09-01 00:00:00','2016-09-01 00:00:00',157,0,NULL,'A','A1','【2回目ご来店の方】　上まつげ120本　オフ別途',0,0,'',75,157),(158,0,'2016-09-01 00:00:00','2016-09-01 00:00:00',158,0,NULL,'A','A1','【ご新規様】下まつげ30本',0,0,'',30,158),(159,0,'2016-09-01 00:00:00','2016-09-01 00:00:00',159,0,NULL,'A','A1','【ご新規様】美眉スタリング',0,0,'',60,159),(160,0,'2016-09-01 00:00:00','2016-09-01 00:00:00',160,0,NULL,'A','A1','【顧客様】上まつげ120本(オフ代別途)',0,0,'',75,160),(161,0,'2016-09-01 00:00:00','2016-09-01 00:00:00',161,0,NULL,'A','A1','【顧客様】学生様限定！！上まつげ120本　(オフ代別途)',0,0,'',75,161),(162,0,'2016-09-01 00:00:00','2016-09-01 00:00:00',162,0,NULL,'A','A1','新生活応援キャンペーン上まつげつけ放題',0,0,'',90,162),(163,0,'2016-09-01 00:00:00','2016-09-01 00:00:00',163,0,NULL,'A','A1','新生活応援キャンペーン下まつげつけ放題',0,0,'',45,163),(164,0,'2016-09-01 00:00:00','2016-09-01 00:00:00',164,0,NULL,'A','A1','ブライダルコース エクステ(上)',0,0,'',105,164),(165,0,'2016-09-01 00:00:00','2016-09-01 00:00:00',165,0,NULL,'A','A1','ブライダルコース エクステ(下)',0,0,'',60,165),(166,0,'2016-09-01 00:00:00','2016-09-01 00:00:00',166,0,NULL,'A','A1','ブライダルコース エクステ(上・下)',0,0,'',120,166),(167,0,'2016-09-01 00:00:00','2016-09-01 00:00:00',167,0,NULL,'A','A1','ブライダルコース エクステ(上・アイブロウ)',0,0,'',150,167),(168,0,'2016-09-01 00:00:00','2016-09-01 00:00:00',168,0,NULL,'A','A1','新生活応援キャンペーン上下つけ放題',0,0,'',120,168),(169,0,'2016-09-01 00:00:00','2016-09-01 00:00:00',169,0,NULL,'A','A1','【ご新規様】オープニングキャンペーン50%off　上80本＋下30本',0,0,'',105,169),(170,0,'2016-09-01 00:00:00','2016-09-01 00:00:00',170,0,NULL,'A','A1','【ご新規様】オープニングキャンペーン50%off　上まつげ120本(60本までカラーエクステに変更可能)',0,0,'',75,170),(171,0,'2016-09-01 00:00:00','2016-09-01 00:00:00',171,0,NULL,'A','A1','【ご新規様】秋のビューティーアップキャンペーン　上まつげ160本までつけ放題(9/1～)',0,0,'',90,171),(172,0,'2016-09-01 00:00:00','2016-09-01 00:00:00',172,0,NULL,'A','A1','【ご新規様】秋のビューティーアップキャンペーン　下まつげ80本までつけ放題(9/1～)',0,0,'',45,172),(173,0,'2016-09-01 00:00:00','2016-09-01 00:00:00',173,0,NULL,'A','A1','【ご新規様】秋のビューティーアップキャンペーン　上まつげ160本まで＋下まつげ80本までつけ放題(9/1～)',0,0,'',120,173),(174,0,'2016-09-01 00:00:00','2016-09-01 00:00:00',174,0,NULL,'A','A1','【ご新規様】秋のビューティーアップキャンペーン　上まつげ160本まで＋美眉スタイリング(9/1～)',0,0,'',150,174),(175,0,'2016-09-01 00:00:00','2016-09-01 00:00:00',175,0,NULL,'A','A1','【顧客様】秋のビューティーアップキャンペーン　上まつげ160本までつけ放題(9/1～)',0,0,'',90,175),(176,0,'2016-09-01 00:00:00','2016-09-01 00:00:00',176,0,NULL,'A','A1','【顧客様】秋のビューティーアップキャンペーン　下まつげ80本までつけ放題(9/1～)',0,0,'',45,176),(177,0,'2016-09-01 00:00:00','2016-09-01 00:00:00',177,0,NULL,'A','A1','【顧客様】秋のビューティーアップキャンペーン　上まつげ160本まで＋下まつげ80本までつけ放題(9/1～)',0,0,'',120,177),(178,0,'2016-09-01 00:00:00','2016-09-01 00:00:00',178,0,NULL,'A','A1','【顧客様】秋のビューティーアップキャンペーン　上まつげ160本まで＋美眉スタイリング(9/1～)',0,0,'',150,178),(179,0,'2016-09-01 00:00:00','2016-09-01 00:00:00',179,0,NULL,'A','A1','【ご新規様】大人気4Dエクステ100束(約400本)　オフ＆アイシャンプー込み',0,0,'',90,179),(180,0,'2016-09-01 00:00:00','2016-09-01 00:00:00',180,0,NULL,'A','A1','【ご新規様】大人気4Dエクステ＆シングルMIX(約280本)　オフ込み',0,0,'※4Dエクステ60束(約240本)＋シングル40本=約280本がこの価格！',90,180),(181,0,'2016-09-01 00:00:00','2016-09-01 00:00:00',181,0,NULL,'A','A1','【ご新規様・2回目ご来店の方】　上まつげ80本　オフ込み',0,0,'',75,181),(182,0,'2016-09-01 00:00:00','2016-09-01 00:00:00',182,0,NULL,'A','A1','【ご新規様・2回目ご来店の方】　上まつげ120本　オフ込み',0,0,'',75,182),(183,0,'2016-09-01 00:00:00','2016-09-01 00:00:00',183,0,NULL,'A','A1','【ご新規様】ナチュラルなお目元♪上まつげ80本　オフ込み',0,0,'',75,183),(184,0,'2016-09-01 00:00:00','2016-09-01 00:00:00',184,0,NULL,'A','A1','【ご新規様】自然なパッチリ感☆上まつげ120本　オフ込み',0,0,'',75,184),(185,0,'2016-09-01 00:00:00','2016-09-01 00:00:00',185,0,NULL,'A','A1','【ご新規様】メイク崩れ防止に！下まつげ30本　オフ込み',0,0,'',30,185),(186,0,'2016-09-01 00:00:00','2016-09-01 00:00:00',186,0,NULL,'A','A1','【ご新規様】話題沸騰！4Dエクステ60束(約240本)＋シングル40本　オフ込み',0,0,'',90,186),(187,0,'2016-09-01 00:00:00','2016-09-01 00:00:00',187,0,NULL,'A','A1','【ご新規様】カラーエクステ60本＋ブラックエクステ60本　オフ込み',0,0,'',75,187),(188,0,'2016-09-01 00:00:00','2016-09-01 00:00:00',188,0,NULL,'A','A1','【ご新規様】上まつげ80本＋美眉スタイリング　オフ込み',0,0,'',150,188),(189,0,'2016-09-01 00:00:00','2016-09-01 00:00:00',189,0,NULL,'A','A1','【ご新規様】学生様限定！！上まつげ120本　オフ込み',0,0,'',75,189),(190,0,'2016-09-01 00:00:00','2016-09-01 00:00:00',190,0,NULL,'A','E1','一時メニュー',0,0,'',0,190),(191,0,'2016-09-01 00:00:00','2016-09-01 00:00:00',191,0,NULL,'D','D1','一括割引',0,0,'',0,191);
/*!40000 ALTER TABLE `menu_entities` ENABLE KEYS */;
UNLOCK TABLES;

--
-- Table structure for table `menu_entity4shop8staff_competences`
--

DROP TABLE IF EXISTS `menu_entity4shop8staff_competences`;
/*!40101 SET @saved_cs_client     = @@character_set_client */;
/*!40101 SET character_set_client = utf8 */;
CREATE TABLE `menu_entity4shop8staff_competences` (
  `id` int(11) NOT NULL AUTO_INCREMENT,
  `del_flg` tinyint(1) unsigned NOT NULL DEFAULT '0',
  `created` datetime NOT NULL,
  `modified` datetime NOT NULL,
  `menu_entity4shops_id` int(11) NOT NULL,
  `staff_competences_id` int(11) NOT NULL,
  PRIMARY KEY (`id`),
  KEY `fk_menu_entity4shop8staff_competences_menu_entity4shops1_idx` (`menu_entity4shops_id`),
  KEY `fk_menu_entity4shop8staff_competences_staff_competences1_idx` (`staff_competences_id`),
  CONSTRAINT `fk_menu_entity4shop8staff_competences_menu_entity4shops1` FOREIGN KEY (`menu_entity4shops_id`) REFERENCES `menu_entity4shops` (`id`) ON DELETE NO ACTION ON UPDATE NO ACTION,
  CONSTRAINT `fk_menu_entity4shop8staff_competences_staff_competences1` FOREIGN KEY (`staff_competences_id`) REFERENCES `staff_competences` (`id`) ON DELETE NO ACTION ON UPDATE NO ACTION
) ENGINE=InnoDB AUTO_INCREMENT=743 DEFAULT CHARSET=utf8;
/*!40101 SET character_set_client = @saved_cs_client */;

--
-- Dumping data for table `menu_entity4shop8staff_competences`
--

LOCK TABLES `menu_entity4shop8staff_competences` WRITE;
/*!40000 ALTER TABLE `menu_entity4shop8staff_competences` DISABLE KEYS */;
INSERT INTO `menu_entity4shop8staff_competences` VALUES (1,0,'2016-09-01 00:00:00','2016-09-01 00:00:00',1,1),(2,0,'2016-09-01 00:00:00','2016-09-01 00:00:00',1,2),(3,0,'2016-09-01 00:00:00','2016-09-01 00:00:00',1,3),(4,0,'2016-09-01 00:00:00','2016-09-01 00:00:00',1,4),(5,0,'2016-09-01 00:00:00','2016-09-01 00:00:00',2,1),(6,0,'2016-09-01 00:00:00','2016-09-01 00:00:00',2,2),(7,0,'2016-09-01 00:00:00','2016-09-01 00:00:00',2,3),(8,0,'2016-09-01 00:00:00','2016-09-01 00:00:00',2,4),(9,0,'2016-09-01 00:00:00','2016-09-01 00:00:00',3,1),(10,0,'2016-09-01 00:00:00','2016-09-01 00:00:00',3,2),(11,0,'2016-09-01 00:00:00','2016-09-01 00:00:00',3,3),(12,0,'2016-09-01 00:00:00','2016-09-01 00:00:00',3,4),(13,0,'2016-09-01 00:00:00','2016-09-01 00:00:00',4,1),(14,0,'2016-09-01 00:00:00','2016-09-01 00:00:00',4,2),(15,0,'2016-09-01 00:00:00','2016-09-01 00:00:00',4,3),(16,0,'2016-09-01 00:00:00','2016-09-01 00:00:00',4,4),(17,0,'2016-09-01 00:00:00','2016-09-01 00:00:00',5,1),(18,0,'2016-09-01 00:00:00','2016-09-01 00:00:00',5,2),(19,0,'2016-09-01 00:00:00','2016-09-01 00:00:00',5,3),(20,0,'2016-09-01 00:00:00','2016-09-01 00:00:00',5,4),(21,0,'2016-09-01 00:00:00','2016-09-01 00:00:00',6,1),(22,0,'2016-09-01 00:00:00','2016-09-01 00:00:00',6,2),(23,0,'2016-09-01 00:00:00','2016-09-01 00:00:00',6,3),(24,0,'2016-09-01 00:00:00','2016-09-01 00:00:00',6,4),(25,0,'2016-09-01 00:00:00','2016-09-01 00:00:00',7,1),(26,0,'2016-09-01 00:00:00','2016-09-01 00:00:00',7,2),(27,0,'2016-09-01 00:00:00','2016-09-01 00:00:00',7,3),(28,0,'2016-09-01 00:00:00','2016-09-01 00:00:00',7,4),(29,0,'2016-09-01 00:00:00','2016-09-01 00:00:00',8,1),(30,0,'2016-09-01 00:00:00','2016-09-01 00:00:00',8,2),(31,0,'2016-09-01 00:00:00','2016-09-01 00:00:00',8,3),(32,0,'2016-09-01 00:00:00','2016-09-01 00:00:00',8,4),(33,0,'2016-09-01 00:00:00','2016-09-01 00:00:00',9,1),(34,0,'2016-09-01 00:00:00','2016-09-01 00:00:00',9,2),(35,0,'2016-09-01 00:00:00','2016-09-01 00:00:00',9,3),(36,0,'2016-09-01 00:00:00','2016-09-01 00:00:00',9,4),(37,0,'2016-09-01 00:00:00','2016-09-01 00:00:00',10,1),(38,0,'2016-09-01 00:00:00','2016-09-01 00:00:00',10,2),(39,0,'2016-09-01 00:00:00','2016-09-01 00:00:00',10,3),(40,0,'2016-09-01 00:00:00','2016-09-01 00:00:00',10,4),(41,0,'2016-09-01 00:00:00','2016-09-01 00:00:00',11,1),(42,0,'2016-09-01 00:00:00','2016-09-01 00:00:00',11,2),(43,0,'2016-09-01 00:00:00','2016-09-01 00:00:00',11,3),(44,0,'2016-09-01 00:00:00','2016-09-01 00:00:00',11,4),(45,0,'2016-09-01 00:00:00','2016-09-01 00:00:00',12,1),(46,0,'2016-09-01 00:00:00','2016-09-01 00:00:00',12,2),(47,0,'2016-09-01 00:00:00','2016-09-01 00:00:00',12,3),(48,0,'2016-09-01 00:00:00','2016-09-01 00:00:00',12,4),(49,0,'2016-09-01 00:00:00','2016-09-01 00:00:00',13,1),(50,0,'2016-09-01 00:00:00','2016-09-01 00:00:00',13,2),(51,0,'2016-09-01 00:00:00','2016-09-01 00:00:00',13,3),(52,0,'2016-09-01 00:00:00','2016-09-01 00:00:00',13,4),(53,0,'2016-09-01 00:00:00','2016-09-01 00:00:00',14,1),(54,0,'2016-09-01 00:00:00','2016-09-01 00:00:00',14,2),(55,0,'2016-09-01 00:00:00','2016-09-01 00:00:00',14,3),(56,0,'2016-09-01 00:00:00','2016-09-01 00:00:00',14,4),(57,0,'2016-09-01 00:00:00','2016-09-01 00:00:00',15,1),(58,0,'2016-09-01 00:00:00','2016-09-01 00:00:00',15,2),(59,0,'2016-09-01 00:00:00','2016-09-01 00:00:00',15,3),(60,0,'2016-09-01 00:00:00','2016-09-01 00:00:00',15,4),(61,0,'2016-09-01 00:00:00','2016-09-01 00:00:00',16,1),(62,0,'2016-09-01 00:00:00','2016-09-01 00:00:00',16,2),(63,0,'2016-09-01 00:00:00','2016-09-01 00:00:00',16,3),(64,0,'2016-09-01 00:00:00','2016-09-01 00:00:00',16,4),(65,0,'2016-09-01 00:00:00','2016-09-01 00:00:00',17,1),(66,0,'2016-09-01 00:00:00','2016-09-01 00:00:00',17,2),(67,0,'2016-09-01 00:00:00','2016-09-01 00:00:00',17,3),(68,0,'2016-09-01 00:00:00','2016-09-01 00:00:00',17,4),(69,0,'2016-09-01 00:00:00','2016-09-01 00:00:00',18,1),(70,0,'2016-09-01 00:00:00','2016-09-01 00:00:00',18,2),(71,0,'2016-09-01 00:00:00','2016-09-01 00:00:00',18,3),(72,0,'2016-09-01 00:00:00','2016-09-01 00:00:00',18,4),(73,0,'2016-09-01 00:00:00','2016-09-01 00:00:00',19,1),(74,0,'2016-09-01 00:00:00','2016-09-01 00:00:00',19,2),(75,0,'2016-09-01 00:00:00','2016-09-01 00:00:00',19,3),(76,0,'2016-09-01 00:00:00','2016-09-01 00:00:00',19,4),(77,0,'2016-09-01 00:00:00','2016-09-01 00:00:00',20,1),(78,0,'2016-09-01 00:00:00','2016-09-01 00:00:00',20,2),(79,0,'2016-09-01 00:00:00','2016-09-01 00:00:00',20,3),(80,0,'2016-09-01 00:00:00','2016-09-01 00:00:00',20,4),(81,0,'2016-09-01 00:00:00','2016-09-01 00:00:00',21,1),(82,0,'2016-09-01 00:00:00','2016-09-01 00:00:00',21,2),(83,0,'2016-09-01 00:00:00','2016-09-01 00:00:00',21,3),(84,0,'2016-09-01 00:00:00','2016-09-01 00:00:00',21,4),(85,0,'2016-09-01 00:00:00','2016-09-01 00:00:00',22,1),(86,0,'2016-09-01 00:00:00','2016-09-01 00:00:00',22,2),(87,0,'2016-09-01 00:00:00','2016-09-01 00:00:00',22,3),(88,0,'2016-09-01 00:00:00','2016-09-01 00:00:00',22,4),(89,0,'2016-09-01 00:00:00','2016-09-01 00:00:00',23,1),(90,0,'2016-09-01 00:00:00','2016-09-01 00:00:00',23,2),(91,0,'2016-09-01 00:00:00','2016-09-01 00:00:00',23,3),(92,0,'2016-09-01 00:00:00','2016-09-01 00:00:00',23,4),(93,0,'2016-09-01 00:00:00','2016-09-01 00:00:00',24,1),(94,0,'2016-09-01 00:00:00','2016-09-01 00:00:00',24,2),(95,0,'2016-09-01 00:00:00','2016-09-01 00:00:00',24,3),(96,0,'2016-09-01 00:00:00','2016-09-01 00:00:00',24,4),(97,0,'2016-09-01 00:00:00','2016-09-01 00:00:00',25,1),(98,0,'2016-09-01 00:00:00','2016-09-01 00:00:00',25,2),(99,0,'2016-09-01 00:00:00','2016-09-01 00:00:00',25,3),(100,0,'2016-09-01 00:00:00','2016-09-01 00:00:00',25,4),(101,0,'2016-09-01 00:00:00','2016-09-01 00:00:00',26,1),(102,0,'2016-09-01 00:00:00','2016-09-01 00:00:00',26,2),(103,0,'2016-09-01 00:00:00','2016-09-01 00:00:00',26,3),(104,0,'2016-09-01 00:00:00','2016-09-01 00:00:00',26,4),(105,0,'2016-09-01 00:00:00','2016-09-01 00:00:00',27,1),(106,0,'2016-09-01 00:00:00','2016-09-01 00:00:00',27,2),(107,0,'2016-09-01 00:00:00','2016-09-01 00:00:00',27,3),(108,0,'2016-09-01 00:00:00','2016-09-01 00:00:00',27,4),(109,0,'2016-09-01 00:00:00','2016-09-01 00:00:00',28,1),(110,0,'2016-09-01 00:00:00','2016-09-01 00:00:00',28,2),(111,0,'2016-09-01 00:00:00','2016-09-01 00:00:00',28,3),(112,0,'2016-09-01 00:00:00','2016-09-01 00:00:00',28,4),(113,0,'2016-09-01 00:00:00','2016-09-01 00:00:00',29,1),(114,0,'2016-09-01 00:00:00','2016-09-01 00:00:00',29,2),(115,0,'2016-09-01 00:00:00','2016-09-01 00:00:00',29,3),(116,0,'2016-09-01 00:00:00','2016-09-01 00:00:00',29,4),(117,0,'2016-09-01 00:00:00','2016-09-01 00:00:00',30,1),(118,0,'2016-09-01 00:00:00','2016-09-01 00:00:00',30,2),(119,0,'2016-09-01 00:00:00','2016-09-01 00:00:00',30,3),(120,0,'2016-09-01 00:00:00','2016-09-01 00:00:00',30,4),(121,0,'2016-09-01 00:00:00','2016-09-01 00:00:00',31,1),(122,0,'2016-09-01 00:00:00','2016-09-01 00:00:00',31,2),(123,0,'2016-09-01 00:00:00','2016-09-01 00:00:00',31,3),(124,0,'2016-09-01 00:00:00','2016-09-01 00:00:00',31,4),(125,0,'2016-09-01 00:00:00','2016-09-01 00:00:00',32,1),(126,0,'2016-09-01 00:00:00','2016-09-01 00:00:00',32,2),(127,0,'2016-09-01 00:00:00','2016-09-01 00:00:00',32,3),(128,0,'2016-09-01 00:00:00','2016-09-01 00:00:00',32,4),(129,0,'2016-09-01 00:00:00','2016-09-01 00:00:00',33,1),(130,0,'2016-09-01 00:00:00','2016-09-01 00:00:00',33,2),(131,0,'2016-09-01 00:00:00','2016-09-01 00:00:00',33,3),(132,0,'2016-09-01 00:00:00','2016-09-01 00:00:00',33,4),(133,0,'2016-09-01 00:00:00','2016-09-01 00:00:00',34,1),(134,0,'2016-09-01 00:00:00','2016-09-01 00:00:00',34,2),(135,0,'2016-09-01 00:00:00','2016-09-01 00:00:00',34,3),(136,0,'2016-09-01 00:00:00','2016-09-01 00:00:00',34,4),(137,0,'2016-09-01 00:00:00','2016-09-01 00:00:00',35,1),(138,0,'2016-09-01 00:00:00','2016-09-01 00:00:00',35,2),(139,0,'2016-09-01 00:00:00','2016-09-01 00:00:00',35,3),(140,0,'2016-09-01 00:00:00','2016-09-01 00:00:00',35,4),(141,0,'2016-09-01 00:00:00','2016-09-01 00:00:00',36,1),(142,0,'2016-09-01 00:00:00','2016-09-01 00:00:00',36,2),(143,0,'2016-09-01 00:00:00','2016-09-01 00:00:00',36,3),(144,0,'2016-09-01 00:00:00','2016-09-01 00:00:00',36,4),(145,0,'2016-09-01 00:00:00','2016-09-01 00:00:00',37,1),(146,0,'2016-09-01 00:00:00','2016-09-01 00:00:00',37,2),(147,0,'2016-09-01 00:00:00','2016-09-01 00:00:00',37,3),(148,0,'2016-09-01 00:00:00','2016-09-01 00:00:00',37,4),(149,0,'2016-09-01 00:00:00','2016-09-01 00:00:00',38,1),(150,0,'2016-09-01 00:00:00','2016-09-01 00:00:00',38,2),(151,0,'2016-09-01 00:00:00','2016-09-01 00:00:00',38,3),(152,0,'2016-09-01 00:00:00','2016-09-01 00:00:00',38,4),(153,0,'2016-09-01 00:00:00','2016-09-01 00:00:00',39,1),(154,0,'2016-09-01 00:00:00','2016-09-01 00:00:00',39,2),(155,0,'2016-09-01 00:00:00','2016-09-01 00:00:00',39,3),(156,0,'2016-09-01 00:00:00','2016-09-01 00:00:00',39,4),(157,0,'2016-09-01 00:00:00','2016-09-01 00:00:00',40,1),(158,0,'2016-09-01 00:00:00','2016-09-01 00:00:00',40,2),(159,0,'2016-09-01 00:00:00','2016-09-01 00:00:00',40,3),(160,0,'2016-09-01 00:00:00','2016-09-01 00:00:00',40,4),(161,0,'2016-09-01 00:00:00','2016-09-01 00:00:00',41,1),(162,0,'2016-09-01 00:00:00','2016-09-01 00:00:00',41,2),(163,0,'2016-09-01 00:00:00','2016-09-01 00:00:00',41,3),(164,0,'2016-09-01 00:00:00','2016-09-01 00:00:00',41,4),(165,0,'2016-09-01 00:00:00','2016-09-01 00:00:00',42,1),(166,0,'2016-09-01 00:00:00','2016-09-01 00:00:00',42,2),(167,0,'2016-09-01 00:00:00','2016-09-01 00:00:00',42,3),(168,0,'2016-09-01 00:00:00','2016-09-01 00:00:00',42,4),(169,0,'2016-09-01 00:00:00','2016-09-01 00:00:00',43,1),(170,0,'2016-09-01 00:00:00','2016-09-01 00:00:00',43,2),(171,0,'2016-09-01 00:00:00','2016-09-01 00:00:00',43,3),(172,0,'2016-09-01 00:00:00','2016-09-01 00:00:00',43,4),(173,0,'2016-09-01 00:00:00','2016-09-01 00:00:00',44,1),(174,0,'2016-09-01 00:00:00','2016-09-01 00:00:00',44,2),(175,0,'2016-09-01 00:00:00','2016-09-01 00:00:00',44,3),(176,0,'2016-09-01 00:00:00','2016-09-01 00:00:00',44,4),(177,0,'2016-09-01 00:00:00','2016-09-01 00:00:00',45,1),(178,0,'2016-09-01 00:00:00','2016-09-01 00:00:00',45,2),(179,0,'2016-09-01 00:00:00','2016-09-01 00:00:00',45,3),(180,0,'2016-09-01 00:00:00','2016-09-01 00:00:00',45,4),(181,0,'2016-09-01 00:00:00','2016-09-01 00:00:00',46,1),(182,0,'2016-09-01 00:00:00','2016-09-01 00:00:00',46,2),(183,0,'2016-09-01 00:00:00','2016-09-01 00:00:00',46,3),(184,0,'2016-09-01 00:00:00','2016-09-01 00:00:00',46,4),(185,0,'2016-09-01 00:00:00','2016-09-01 00:00:00',47,1),(186,0,'2016-09-01 00:00:00','2016-09-01 00:00:00',47,2),(187,0,'2016-09-01 00:00:00','2016-09-01 00:00:00',47,3),(188,0,'2016-09-01 00:00:00','2016-09-01 00:00:00',47,4),(189,0,'2016-09-01 00:00:00','2016-09-01 00:00:00',48,1),(190,0,'2016-09-01 00:00:00','2016-09-01 00:00:00',48,2),(191,0,'2016-09-01 00:00:00','2016-09-01 00:00:00',48,3),(192,0,'2016-09-01 00:00:00','2016-09-01 00:00:00',48,4),(193,0,'2016-09-01 00:00:00','2016-09-01 00:00:00',49,1),(194,0,'2016-09-01 00:00:00','2016-09-01 00:00:00',49,2),(195,0,'2016-09-01 00:00:00','2016-09-01 00:00:00',49,3),(196,0,'2016-09-01 00:00:00','2016-09-01 00:00:00',49,4),(197,0,'2016-09-01 00:00:00','2016-09-01 00:00:00',50,1),(198,0,'2016-09-01 00:00:00','2016-09-01 00:00:00',50,2),(199,0,'2016-09-01 00:00:00','2016-09-01 00:00:00',50,3),(200,0,'2016-09-01 00:00:00','2016-09-01 00:00:00',50,4),(201,0,'2016-09-01 00:00:00','2016-09-01 00:00:00',51,1),(202,0,'2016-09-01 00:00:00','2016-09-01 00:00:00',51,2),(203,0,'2016-09-01 00:00:00','2016-09-01 00:00:00',51,3),(204,0,'2016-09-01 00:00:00','2016-09-01 00:00:00',51,4),(205,0,'2016-09-01 00:00:00','2016-09-01 00:00:00',52,1),(206,0,'2016-09-01 00:00:00','2016-09-01 00:00:00',52,2),(207,0,'2016-09-01 00:00:00','2016-09-01 00:00:00',52,3),(208,0,'2016-09-01 00:00:00','2016-09-01 00:00:00',52,4),(209,0,'2016-09-01 00:00:00','2016-09-01 00:00:00',53,1),(210,0,'2016-09-01 00:00:00','2016-09-01 00:00:00',53,2),(211,0,'2016-09-01 00:00:00','2016-09-01 00:00:00',53,3),(212,0,'2016-09-01 00:00:00','2016-09-01 00:00:00',53,4),(213,0,'2016-09-01 00:00:00','2016-09-01 00:00:00',54,1),(214,0,'2016-09-01 00:00:00','2016-09-01 00:00:00',54,2),(215,0,'2016-09-01 00:00:00','2016-09-01 00:00:00',54,3),(216,0,'2016-09-01 00:00:00','2016-09-01 00:00:00',54,4),(217,0,'2016-09-01 00:00:00','2016-09-01 00:00:00',55,1),(218,0,'2016-09-01 00:00:00','2016-09-01 00:00:00',55,2),(219,0,'2016-09-01 00:00:00','2016-09-01 00:00:00',55,3),(220,0,'2016-09-01 00:00:00','2016-09-01 00:00:00',55,4),(221,0,'2016-09-01 00:00:00','2016-09-01 00:00:00',56,1),(222,0,'2016-09-01 00:00:00','2016-09-01 00:00:00',56,2),(223,0,'2016-09-01 00:00:00','2016-09-01 00:00:00',56,3),(224,0,'2016-09-01 00:00:00','2016-09-01 00:00:00',56,4),(225,0,'2016-09-01 00:00:00','2016-09-01 00:00:00',57,1),(226,0,'2016-09-01 00:00:00','2016-09-01 00:00:00',57,2),(227,0,'2016-09-01 00:00:00','2016-09-01 00:00:00',57,3),(228,0,'2016-09-01 00:00:00','2016-09-01 00:00:00',57,4),(229,0,'2016-09-01 00:00:00','2016-09-01 00:00:00',58,1),(230,0,'2016-09-01 00:00:00','2016-09-01 00:00:00',58,2),(231,0,'2016-09-01 00:00:00','2016-09-01 00:00:00',58,3),(232,0,'2016-09-01 00:00:00','2016-09-01 00:00:00',58,4),(233,0,'2016-09-01 00:00:00','2016-09-01 00:00:00',59,1),(234,0,'2016-09-01 00:00:00','2016-09-01 00:00:00',59,2),(235,0,'2016-09-01 00:00:00','2016-09-01 00:00:00',59,3),(236,0,'2016-09-01 00:00:00','2016-09-01 00:00:00',59,4),(237,0,'2016-09-01 00:00:00','2016-09-01 00:00:00',60,1),(238,0,'2016-09-01 00:00:00','2016-09-01 00:00:00',60,2),(239,0,'2016-09-01 00:00:00','2016-09-01 00:00:00',60,3),(240,0,'2016-09-01 00:00:00','2016-09-01 00:00:00',60,4),(241,0,'2016-09-01 00:00:00','2016-09-01 00:00:00',61,1),(242,0,'2016-09-01 00:00:00','2016-09-01 00:00:00',61,2),(243,0,'2016-09-01 00:00:00','2016-09-01 00:00:00',61,3),(244,0,'2016-09-01 00:00:00','2016-09-01 00:00:00',61,4),(245,0,'2016-09-01 00:00:00','2016-09-01 00:00:00',62,1),(246,0,'2016-09-01 00:00:00','2016-09-01 00:00:00',62,2),(247,0,'2016-09-01 00:00:00','2016-09-01 00:00:00',62,3),(248,0,'2016-09-01 00:00:00','2016-09-01 00:00:00',62,4),(249,0,'2016-09-01 00:00:00','2016-09-01 00:00:00',63,1),(250,0,'2016-09-01 00:00:00','2016-09-01 00:00:00',63,2),(251,0,'2016-09-01 00:00:00','2016-09-01 00:00:00',63,3),(252,0,'2016-09-01 00:00:00','2016-09-01 00:00:00',63,4),(253,0,'2016-09-01 00:00:00','2016-09-01 00:00:00',64,1),(254,0,'2016-09-01 00:00:00','2016-09-01 00:00:00',64,2),(255,0,'2016-09-01 00:00:00','2016-09-01 00:00:00',64,3),(256,0,'2016-09-01 00:00:00','2016-09-01 00:00:00',64,4),(257,0,'2016-09-01 00:00:00','2016-09-01 00:00:00',65,1),(258,0,'2016-09-01 00:00:00','2016-09-01 00:00:00',65,2),(259,0,'2016-09-01 00:00:00','2016-09-01 00:00:00',65,3),(260,0,'2016-09-01 00:00:00','2016-09-01 00:00:00',65,4),(261,0,'2016-09-01 00:00:00','2016-09-01 00:00:00',66,1),(262,0,'2016-09-01 00:00:00','2016-09-01 00:00:00',66,2),(263,0,'2016-09-01 00:00:00','2016-09-01 00:00:00',66,3),(264,0,'2016-09-01 00:00:00','2016-09-01 00:00:00',66,4),(265,0,'2016-09-01 00:00:00','2016-09-01 00:00:00',67,1),(266,0,'2016-09-01 00:00:00','2016-09-01 00:00:00',67,2),(267,0,'2016-09-01 00:00:00','2016-09-01 00:00:00',67,3),(268,0,'2016-09-01 00:00:00','2016-09-01 00:00:00',67,4),(269,0,'2016-09-01 00:00:00','2016-09-01 00:00:00',68,1),(270,0,'2016-09-01 00:00:00','2016-09-01 00:00:00',68,2),(271,0,'2016-09-01 00:00:00','2016-09-01 00:00:00',68,3),(272,0,'2016-09-01 00:00:00','2016-09-01 00:00:00',68,4),(273,0,'2016-09-01 00:00:00','2016-09-01 00:00:00',69,1),(274,0,'2016-09-01 00:00:00','2016-09-01 00:00:00',69,2),(275,0,'2016-09-01 00:00:00','2016-09-01 00:00:00',69,3),(276,0,'2016-09-01 00:00:00','2016-09-01 00:00:00',69,4),(277,0,'2016-09-01 00:00:00','2016-09-01 00:00:00',70,1),(278,0,'2016-09-01 00:00:00','2016-09-01 00:00:00',70,2),(279,0,'2016-09-01 00:00:00','2016-09-01 00:00:00',70,3),(280,0,'2016-09-01 00:00:00','2016-09-01 00:00:00',70,4),(281,0,'2016-09-01 00:00:00','2016-09-01 00:00:00',71,1),(282,0,'2016-09-01 00:00:00','2016-09-01 00:00:00',71,2),(283,0,'2016-09-01 00:00:00','2016-09-01 00:00:00',71,3),(284,0,'2016-09-01 00:00:00','2016-09-01 00:00:00',71,4),(285,0,'2016-09-01 00:00:00','2016-09-01 00:00:00',72,1),(286,0,'2016-09-01 00:00:00','2016-09-01 00:00:00',72,2),(287,0,'2016-09-01 00:00:00','2016-09-01 00:00:00',72,3),(288,0,'2016-09-01 00:00:00','2016-09-01 00:00:00',72,4),(289,0,'2016-09-01 00:00:00','2016-09-01 00:00:00',73,1),(290,0,'2016-09-01 00:00:00','2016-09-01 00:00:00',73,2),(291,0,'2016-09-01 00:00:00','2016-09-01 00:00:00',73,3),(292,0,'2016-09-01 00:00:00','2016-09-01 00:00:00',73,4),(293,0,'2016-09-01 00:00:00','2016-09-01 00:00:00',74,1),(294,0,'2016-09-01 00:00:00','2016-09-01 00:00:00',74,2),(295,0,'2016-09-01 00:00:00','2016-09-01 00:00:00',74,3),(296,0,'2016-09-01 00:00:00','2016-09-01 00:00:00',74,4),(297,0,'2016-09-01 00:00:00','2016-09-01 00:00:00',75,1),(298,0,'2016-09-01 00:00:00','2016-09-01 00:00:00',75,2),(299,0,'2016-09-01 00:00:00','2016-09-01 00:00:00',75,3),(300,0,'2016-09-01 00:00:00','2016-09-01 00:00:00',75,4),(301,0,'2016-09-01 00:00:00','2016-09-01 00:00:00',76,1),(302,0,'2016-09-01 00:00:00','2016-09-01 00:00:00',76,2),(303,0,'2016-09-01 00:00:00','2016-09-01 00:00:00',76,3),(304,0,'2016-09-01 00:00:00','2016-09-01 00:00:00',76,4),(305,0,'2016-09-01 00:00:00','2016-09-01 00:00:00',77,1),(306,0,'2016-09-01 00:00:00','2016-09-01 00:00:00',77,2),(307,0,'2016-09-01 00:00:00','2016-09-01 00:00:00',77,3),(308,0,'2016-09-01 00:00:00','2016-09-01 00:00:00',77,4),(309,0,'2016-09-01 00:00:00','2016-09-01 00:00:00',78,1),(310,0,'2016-09-01 00:00:00','2016-09-01 00:00:00',78,2),(311,0,'2016-09-01 00:00:00','2016-09-01 00:00:00',78,3),(312,0,'2016-09-01 00:00:00','2016-09-01 00:00:00',78,4),(313,0,'2016-09-01 00:00:00','2016-09-01 00:00:00',79,1),(314,0,'2016-09-01 00:00:00','2016-09-01 00:00:00',79,2),(315,0,'2016-09-01 00:00:00','2016-09-01 00:00:00',79,3),(316,0,'2016-09-01 00:00:00','2016-09-01 00:00:00',79,4),(317,0,'2016-09-01 00:00:00','2016-09-01 00:00:00',80,1),(318,0,'2016-09-01 00:00:00','2016-09-01 00:00:00',80,2),(319,0,'2016-09-01 00:00:00','2016-09-01 00:00:00',80,3),(320,0,'2016-09-01 00:00:00','2016-09-01 00:00:00',80,4),(321,0,'2016-09-01 00:00:00','2016-09-01 00:00:00',81,1),(322,0,'2016-09-01 00:00:00','2016-09-01 00:00:00',81,2),(323,0,'2016-09-01 00:00:00','2016-09-01 00:00:00',81,3),(324,0,'2016-09-01 00:00:00','2016-09-01 00:00:00',81,4),(325,0,'2016-09-01 00:00:00','2016-09-01 00:00:00',82,1),(326,0,'2016-09-01 00:00:00','2016-09-01 00:00:00',82,2),(327,0,'2016-09-01 00:00:00','2016-09-01 00:00:00',82,3),(328,0,'2016-09-01 00:00:00','2016-09-01 00:00:00',82,4),(329,0,'2016-09-01 00:00:00','2016-09-01 00:00:00',83,1),(330,0,'2016-09-01 00:00:00','2016-09-01 00:00:00',83,2),(331,0,'2016-09-01 00:00:00','2016-09-01 00:00:00',83,3),(332,0,'2016-09-01 00:00:00','2016-09-01 00:00:00',83,4),(333,0,'2016-09-01 00:00:00','2016-09-01 00:00:00',84,1),(334,0,'2016-09-01 00:00:00','2016-09-01 00:00:00',84,2),(335,0,'2016-09-01 00:00:00','2016-09-01 00:00:00',84,3),(336,0,'2016-09-01 00:00:00','2016-09-01 00:00:00',84,4),(337,0,'2016-09-01 00:00:00','2016-09-01 00:00:00',85,1),(338,0,'2016-09-01 00:00:00','2016-09-01 00:00:00',85,2),(339,0,'2016-09-01 00:00:00','2016-09-01 00:00:00',85,3),(340,0,'2016-09-01 00:00:00','2016-09-01 00:00:00',85,4),(341,0,'2016-09-01 00:00:00','2016-09-01 00:00:00',86,1),(342,0,'2016-09-01 00:00:00','2016-09-01 00:00:00',86,2),(343,0,'2016-09-01 00:00:00','2016-09-01 00:00:00',86,3),(344,0,'2016-09-01 00:00:00','2016-09-01 00:00:00',86,4),(345,0,'2016-09-01 00:00:00','2016-09-01 00:00:00',87,1),(346,0,'2016-09-01 00:00:00','2016-09-01 00:00:00',87,2),(347,0,'2016-09-01 00:00:00','2016-09-01 00:00:00',87,3),(348,0,'2016-09-01 00:00:00','2016-09-01 00:00:00',87,4),(349,0,'2016-09-01 00:00:00','2016-09-01 00:00:00',87,5),(350,0,'2016-09-01 00:00:00','2016-09-01 00:00:00',87,6),(351,0,'2016-09-01 00:00:00','2016-09-01 00:00:00',88,1),(352,0,'2016-09-01 00:00:00','2016-09-01 00:00:00',88,2),(353,0,'2016-09-01 00:00:00','2016-09-01 00:00:00',88,3),(354,0,'2016-09-01 00:00:00','2016-09-01 00:00:00',88,4),(355,0,'2016-09-01 00:00:00','2016-09-01 00:00:00',89,1),(356,0,'2016-09-01 00:00:00','2016-09-01 00:00:00',89,2),(357,0,'2016-09-01 00:00:00','2016-09-01 00:00:00',89,3),(358,0,'2016-09-01 00:00:00','2016-09-01 00:00:00',89,4),(359,0,'2016-09-01 00:00:00','2016-09-01 00:00:00',90,1),(360,0,'2016-09-01 00:00:00','2016-09-01 00:00:00',90,2),(361,0,'2016-09-01 00:00:00','2016-09-01 00:00:00',90,3),(362,0,'2016-09-01 00:00:00','2016-09-01 00:00:00',90,4),(363,0,'2016-09-01 00:00:00','2016-09-01 00:00:00',91,1),(364,0,'2016-09-01 00:00:00','2016-09-01 00:00:00',91,2),(365,0,'2016-09-01 00:00:00','2016-09-01 00:00:00',91,3),(366,0,'2016-09-01 00:00:00','2016-09-01 00:00:00',91,4),(367,0,'2016-09-01 00:00:00','2016-09-01 00:00:00',92,1),(368,0,'2016-09-01 00:00:00','2016-09-01 00:00:00',92,2),(369,0,'2016-09-01 00:00:00','2016-09-01 00:00:00',92,3),(370,0,'2016-09-01 00:00:00','2016-09-01 00:00:00',92,4),(371,0,'2016-09-01 00:00:00','2016-09-01 00:00:00',93,1),(372,0,'2016-09-01 00:00:00','2016-09-01 00:00:00',93,2),(373,0,'2016-09-01 00:00:00','2016-09-01 00:00:00',93,3),(374,0,'2016-09-01 00:00:00','2016-09-01 00:00:00',93,4),(375,0,'2016-09-01 00:00:00','2016-09-01 00:00:00',93,5),(376,0,'2016-09-01 00:00:00','2016-09-01 00:00:00',93,6),(377,0,'2016-09-01 00:00:00','2016-09-01 00:00:00',94,1),(378,0,'2016-09-01 00:00:00','2016-09-01 00:00:00',94,2),(379,0,'2016-09-01 00:00:00','2016-09-01 00:00:00',94,3),(380,0,'2016-09-01 00:00:00','2016-09-01 00:00:00',94,4),(381,0,'2016-09-01 00:00:00','2016-09-01 00:00:00',94,5),(382,0,'2016-09-01 00:00:00','2016-09-01 00:00:00',94,6),(383,0,'2016-09-01 00:00:00','2016-09-01 00:00:00',95,1),(384,0,'2016-09-01 00:00:00','2016-09-01 00:00:00',95,2),(385,0,'2016-09-01 00:00:00','2016-09-01 00:00:00',95,3),(386,0,'2016-09-01 00:00:00','2016-09-01 00:00:00',95,4),(387,0,'2016-09-01 00:00:00','2016-09-01 00:00:00',95,5),(388,0,'2016-09-01 00:00:00','2016-09-01 00:00:00',95,6),(389,0,'2016-09-01 00:00:00','2016-09-01 00:00:00',96,1),(390,0,'2016-09-01 00:00:00','2016-09-01 00:00:00',96,2),(391,0,'2016-09-01 00:00:00','2016-09-01 00:00:00',96,3),(392,0,'2016-09-01 00:00:00','2016-09-01 00:00:00',96,4),(393,0,'2016-09-01 00:00:00','2016-09-01 00:00:00',96,5),(394,0,'2016-09-01 00:00:00','2016-09-01 00:00:00',96,6),(395,0,'2016-09-01 00:00:00','2016-09-01 00:00:00',97,1),(396,0,'2016-09-01 00:00:00','2016-09-01 00:00:00',97,2),(397,0,'2016-09-01 00:00:00','2016-09-01 00:00:00',97,3),(398,0,'2016-09-01 00:00:00','2016-09-01 00:00:00',97,4),(399,0,'2016-09-01 00:00:00','2016-09-01 00:00:00',97,5),(400,0,'2016-09-01 00:00:00','2016-09-01 00:00:00',97,6),(401,0,'2016-09-01 00:00:00','2016-09-01 00:00:00',98,1),(402,0,'2016-09-01 00:00:00','2016-09-01 00:00:00',98,2),(403,0,'2016-09-01 00:00:00','2016-09-01 00:00:00',98,3),(404,0,'2016-09-01 00:00:00','2016-09-01 00:00:00',98,4),(405,0,'2016-09-01 00:00:00','2016-09-01 00:00:00',98,5),(406,0,'2016-09-01 00:00:00','2016-09-01 00:00:00',98,6),(407,0,'2016-09-01 00:00:00','2016-09-01 00:00:00',99,1),(408,0,'2016-09-01 00:00:00','2016-09-01 00:00:00',99,2),(409,0,'2016-09-01 00:00:00','2016-09-01 00:00:00',99,3),(410,0,'2016-09-01 00:00:00','2016-09-01 00:00:00',99,4),(411,0,'2016-09-01 00:00:00','2016-09-01 00:00:00',99,5),(412,0,'2016-09-01 00:00:00','2016-09-01 00:00:00',99,6),(413,0,'2016-09-01 00:00:00','2016-09-01 00:00:00',100,1),(414,0,'2016-09-01 00:00:00','2016-09-01 00:00:00',100,2),(415,0,'2016-09-01 00:00:00','2016-09-01 00:00:00',100,3),(416,0,'2016-09-01 00:00:00','2016-09-01 00:00:00',100,4),(417,0,'2016-09-01 00:00:00','2016-09-01 00:00:00',100,5),(418,0,'2016-09-01 00:00:00','2016-09-01 00:00:00',100,6),(419,0,'2016-09-01 00:00:00','2016-09-01 00:00:00',101,1),(420,0,'2016-09-01 00:00:00','2016-09-01 00:00:00',101,2),(421,0,'2016-09-01 00:00:00','2016-09-01 00:00:00',101,3),(422,0,'2016-09-01 00:00:00','2016-09-01 00:00:00',101,4),(423,0,'2016-09-01 00:00:00','2016-09-01 00:00:00',101,5),(424,0,'2016-09-01 00:00:00','2016-09-01 00:00:00',101,6),(425,0,'2016-09-01 00:00:00','2016-09-01 00:00:00',102,1),(426,0,'2016-09-01 00:00:00','2016-09-01 00:00:00',102,2),(427,0,'2016-09-01 00:00:00','2016-09-01 00:00:00',102,3),(428,0,'2016-09-01 00:00:00','2016-09-01 00:00:00',102,4),(429,0,'2016-09-01 00:00:00','2016-09-01 00:00:00',102,5),(430,0,'2016-09-01 00:00:00','2016-09-01 00:00:00',102,6),(431,0,'2016-09-01 00:00:00','2016-09-01 00:00:00',103,1),(432,0,'2016-09-01 00:00:00','2016-09-01 00:00:00',103,2),(433,0,'2016-09-01 00:00:00','2016-09-01 00:00:00',103,3),(434,0,'2016-09-01 00:00:00','2016-09-01 00:00:00',103,4),(435,0,'2016-09-01 00:00:00','2016-09-01 00:00:00',104,1),(436,0,'2016-09-01 00:00:00','2016-09-01 00:00:00',104,2),(437,0,'2016-09-01 00:00:00','2016-09-01 00:00:00',104,3),(438,0,'2016-09-01 00:00:00','2016-09-01 00:00:00',104,4),(439,0,'2016-09-01 00:00:00','2016-09-01 00:00:00',105,1),(440,0,'2016-09-01 00:00:00','2016-09-01 00:00:00',105,2),(441,0,'2016-09-01 00:00:00','2016-09-01 00:00:00',105,3),(442,0,'2016-09-01 00:00:00','2016-09-01 00:00:00',105,4),(443,0,'2016-09-01 00:00:00','2016-09-01 00:00:00',106,1),(444,0,'2016-09-01 00:00:00','2016-09-01 00:00:00',106,2),(445,0,'2016-09-01 00:00:00','2016-09-01 00:00:00',106,3),(446,0,'2016-09-01 00:00:00','2016-09-01 00:00:00',106,4),(447,0,'2016-09-01 00:00:00','2016-09-01 00:00:00',107,1),(448,0,'2016-09-01 00:00:00','2016-09-01 00:00:00',107,2),(449,0,'2016-09-01 00:00:00','2016-09-01 00:00:00',107,3),(450,0,'2016-09-01 00:00:00','2016-09-01 00:00:00',107,4),(451,0,'2016-09-01 00:00:00','2016-09-01 00:00:00',108,1),(452,0,'2016-09-01 00:00:00','2016-09-01 00:00:00',108,2),(453,0,'2016-09-01 00:00:00','2016-09-01 00:00:00',108,3),(454,0,'2016-09-01 00:00:00','2016-09-01 00:00:00',108,4),(455,0,'2016-09-01 00:00:00','2016-09-01 00:00:00',109,1),(456,0,'2016-09-01 00:00:00','2016-09-01 00:00:00',109,2),(457,0,'2016-09-01 00:00:00','2016-09-01 00:00:00',109,3),(458,0,'2016-09-01 00:00:00','2016-09-01 00:00:00',109,4),(459,0,'2016-09-01 00:00:00','2016-09-01 00:00:00',110,1),(460,0,'2016-09-01 00:00:00','2016-09-01 00:00:00',110,2),(461,0,'2016-09-01 00:00:00','2016-09-01 00:00:00',110,3),(462,0,'2016-09-01 00:00:00','2016-09-01 00:00:00',110,4),(463,0,'2016-09-01 00:00:00','2016-09-01 00:00:00',111,1),(464,0,'2016-09-01 00:00:00','2016-09-01 00:00:00',111,2),(465,0,'2016-09-01 00:00:00','2016-09-01 00:00:00',111,3),(466,0,'2016-09-01 00:00:00','2016-09-01 00:00:00',111,4),(467,0,'2016-09-01 00:00:00','2016-09-01 00:00:00',111,5),(468,0,'2016-09-01 00:00:00','2016-09-01 00:00:00',111,6),(469,0,'2016-09-01 00:00:00','2016-09-01 00:00:00',112,1),(470,0,'2016-09-01 00:00:00','2016-09-01 00:00:00',112,2),(471,0,'2016-09-01 00:00:00','2016-09-01 00:00:00',112,3),(472,0,'2016-09-01 00:00:00','2016-09-01 00:00:00',112,4),(473,0,'2016-09-01 00:00:00','2016-09-01 00:00:00',112,5),(474,0,'2016-09-01 00:00:00','2016-09-01 00:00:00',112,6),(475,0,'2016-09-01 00:00:00','2016-09-01 00:00:00',113,1),(476,0,'2016-09-01 00:00:00','2016-09-01 00:00:00',113,2),(477,0,'2016-09-01 00:00:00','2016-09-01 00:00:00',113,3),(478,0,'2016-09-01 00:00:00','2016-09-01 00:00:00',113,4),(479,0,'2016-09-01 00:00:00','2016-09-01 00:00:00',113,5),(480,0,'2016-09-01 00:00:00','2016-09-01 00:00:00',113,6),(481,0,'2016-09-01 00:00:00','2016-09-01 00:00:00',114,1),(482,0,'2016-09-01 00:00:00','2016-09-01 00:00:00',114,2),(483,0,'2016-09-01 00:00:00','2016-09-01 00:00:00',114,3),(484,0,'2016-09-01 00:00:00','2016-09-01 00:00:00',114,4),(485,0,'2016-09-01 00:00:00','2016-09-01 00:00:00',114,5),(486,0,'2016-09-01 00:00:00','2016-09-01 00:00:00',114,6),(487,0,'2016-09-01 00:00:00','2016-09-01 00:00:00',115,1),(488,0,'2016-09-01 00:00:00','2016-09-01 00:00:00',115,2),(489,0,'2016-09-01 00:00:00','2016-09-01 00:00:00',115,3),(490,0,'2016-09-01 00:00:00','2016-09-01 00:00:00',115,4),(491,0,'2016-09-01 00:00:00','2016-09-01 00:00:00',115,5),(492,0,'2016-09-01 00:00:00','2016-09-01 00:00:00',115,6),(493,0,'2016-09-01 00:00:00','2016-09-01 00:00:00',116,1),(494,0,'2016-09-01 00:00:00','2016-09-01 00:00:00',116,2),(495,0,'2016-09-01 00:00:00','2016-09-01 00:00:00',116,3),(496,0,'2016-09-01 00:00:00','2016-09-01 00:00:00',116,4),(497,0,'2016-09-01 00:00:00','2016-09-01 00:00:00',117,1),(498,0,'2016-09-01 00:00:00','2016-09-01 00:00:00',117,2),(499,0,'2016-09-01 00:00:00','2016-09-01 00:00:00',117,3),(500,0,'2016-09-01 00:00:00','2016-09-01 00:00:00',117,4),(501,0,'2016-09-01 00:00:00','2016-09-01 00:00:00',118,1),(502,0,'2016-09-01 00:00:00','2016-09-01 00:00:00',118,2),(503,0,'2016-09-01 00:00:00','2016-09-01 00:00:00',118,3),(504,0,'2016-09-01 00:00:00','2016-09-01 00:00:00',118,4),(505,0,'2016-09-01 00:00:00','2016-09-01 00:00:00',119,1),(506,0,'2016-09-01 00:00:00','2016-09-01 00:00:00',119,2),(507,0,'2016-09-01 00:00:00','2016-09-01 00:00:00',119,3),(508,0,'2016-09-01 00:00:00','2016-09-01 00:00:00',119,4),(509,0,'2016-09-01 00:00:00','2016-09-01 00:00:00',120,1),(510,0,'2016-09-01 00:00:00','2016-09-01 00:00:00',120,2),(511,0,'2016-09-01 00:00:00','2016-09-01 00:00:00',120,3),(512,0,'2016-09-01 00:00:00','2016-09-01 00:00:00',120,4),(513,0,'2016-09-01 00:00:00','2016-09-01 00:00:00',121,5),(514,0,'2016-09-01 00:00:00','2016-09-01 00:00:00',122,5),(515,0,'2016-09-01 00:00:00','2016-09-01 00:00:00',123,5),(516,0,'2016-09-01 00:00:00','2016-09-01 00:00:00',124,5),(517,0,'2016-09-01 00:00:00','2016-09-01 00:00:00',125,5),(518,0,'2016-09-01 00:00:00','2016-09-01 00:00:00',126,1),(519,0,'2016-09-01 00:00:00','2016-09-01 00:00:00',126,2),(520,0,'2016-09-01 00:00:00','2016-09-01 00:00:00',126,3),(521,0,'2016-09-01 00:00:00','2016-09-01 00:00:00',126,4),(522,0,'2016-09-01 00:00:00','2016-09-01 00:00:00',126,5),(523,0,'2016-09-01 00:00:00','2016-09-01 00:00:00',126,6),(524,0,'2016-09-01 00:00:00','2016-09-01 00:00:00',127,1),(525,0,'2016-09-01 00:00:00','2016-09-01 00:00:00',127,2),(526,0,'2016-09-01 00:00:00','2016-09-01 00:00:00',127,3),(527,0,'2016-09-01 00:00:00','2016-09-01 00:00:00',127,4),(528,0,'2016-09-01 00:00:00','2016-09-01 00:00:00',127,5),(529,0,'2016-09-01 00:00:00','2016-09-01 00:00:00',127,6),(530,0,'2016-09-01 00:00:00','2016-09-01 00:00:00',128,1),(531,0,'2016-09-01 00:00:00','2016-09-01 00:00:00',128,2),(532,0,'2016-09-01 00:00:00','2016-09-01 00:00:00',128,3),(533,0,'2016-09-01 00:00:00','2016-09-01 00:00:00',128,4),(534,0,'2016-09-01 00:00:00','2016-09-01 00:00:00',128,5),(535,0,'2016-09-01 00:00:00','2016-09-01 00:00:00',128,6),(536,0,'2016-09-01 00:00:00','2016-09-01 00:00:00',129,1),(537,0,'2016-09-01 00:00:00','2016-09-01 00:00:00',129,2),(538,0,'2016-09-01 00:00:00','2016-09-01 00:00:00',129,3),(539,0,'2016-09-01 00:00:00','2016-09-01 00:00:00',129,4),(540,0,'2016-09-01 00:00:00','2016-09-01 00:00:00',129,5),(541,0,'2016-09-01 00:00:00','2016-09-01 00:00:00',129,6),(542,0,'2016-09-01 00:00:00','2016-09-01 00:00:00',130,1),(543,0,'2016-09-01 00:00:00','2016-09-01 00:00:00',130,2),(544,0,'2016-09-01 00:00:00','2016-09-01 00:00:00',130,3),(545,0,'2016-09-01 00:00:00','2016-09-01 00:00:00',130,4),(546,0,'2016-09-01 00:00:00','2016-09-01 00:00:00',130,5),(547,0,'2016-09-01 00:00:00','2016-09-01 00:00:00',130,6),(548,0,'2016-09-01 00:00:00','2016-09-01 00:00:00',131,1),(549,0,'2016-09-01 00:00:00','2016-09-01 00:00:00',131,2),(550,0,'2016-09-01 00:00:00','2016-09-01 00:00:00',131,3),(551,0,'2016-09-01 00:00:00','2016-09-01 00:00:00',131,4),(552,0,'2016-09-01 00:00:00','2016-09-01 00:00:00',131,5),(553,0,'2016-09-01 00:00:00','2016-09-01 00:00:00',131,6),(554,0,'2016-09-01 00:00:00','2016-09-01 00:00:00',132,1),(555,0,'2016-09-01 00:00:00','2016-09-01 00:00:00',132,2),(556,0,'2016-09-01 00:00:00','2016-09-01 00:00:00',132,3),(557,0,'2016-09-01 00:00:00','2016-09-01 00:00:00',132,4),(558,0,'2016-09-01 00:00:00','2016-09-01 00:00:00',132,5),(559,0,'2016-09-01 00:00:00','2016-09-01 00:00:00',132,6),(560,0,'2016-09-01 00:00:00','2016-09-01 00:00:00',133,1),(561,0,'2016-09-01 00:00:00','2016-09-01 00:00:00',133,2),(562,0,'2016-09-01 00:00:00','2016-09-01 00:00:00',133,3),(563,0,'2016-09-01 00:00:00','2016-09-01 00:00:00',133,4),(564,0,'2016-09-01 00:00:00','2016-09-01 00:00:00',133,5),(565,0,'2016-09-01 00:00:00','2016-09-01 00:00:00',133,6),(566,0,'2016-09-01 00:00:00','2016-09-01 00:00:00',134,1),(567,0,'2016-09-01 00:00:00','2016-09-01 00:00:00',134,2),(568,0,'2016-09-01 00:00:00','2016-09-01 00:00:00',134,3),(569,0,'2016-09-01 00:00:00','2016-09-01 00:00:00',134,4),(570,0,'2016-09-01 00:00:00','2016-09-01 00:00:00',134,5),(571,0,'2016-09-01 00:00:00','2016-09-01 00:00:00',134,6),(572,0,'2016-09-01 00:00:00','2016-09-01 00:00:00',135,1),(573,0,'2016-09-01 00:00:00','2016-09-01 00:00:00',135,2),(574,0,'2016-09-01 00:00:00','2016-09-01 00:00:00',135,3),(575,0,'2016-09-01 00:00:00','2016-09-01 00:00:00',135,4),(576,0,'2016-09-01 00:00:00','2016-09-01 00:00:00',135,5),(577,0,'2016-09-01 00:00:00','2016-09-01 00:00:00',135,6),(578,0,'2016-09-01 00:00:00','2016-09-01 00:00:00',136,1),(579,0,'2016-09-01 00:00:00','2016-09-01 00:00:00',136,2),(580,0,'2016-09-01 00:00:00','2016-09-01 00:00:00',136,3),(581,0,'2016-09-01 00:00:00','2016-09-01 00:00:00',136,4),(582,0,'2016-09-01 00:00:00','2016-09-01 00:00:00',136,5),(583,0,'2016-09-01 00:00:00','2016-09-01 00:00:00',136,6),(584,0,'2016-09-01 00:00:00','2016-09-01 00:00:00',137,1),(585,0,'2016-09-01 00:00:00','2016-09-01 00:00:00',137,2),(586,0,'2016-09-01 00:00:00','2016-09-01 00:00:00',137,3),(587,0,'2016-09-01 00:00:00','2016-09-01 00:00:00',137,4),(588,0,'2016-09-01 00:00:00','2016-09-01 00:00:00',137,5),(589,0,'2016-09-01 00:00:00','2016-09-01 00:00:00',137,6),(590,0,'2016-09-01 00:00:00','2016-09-01 00:00:00',138,1),(591,0,'2016-09-01 00:00:00','2016-09-01 00:00:00',138,2),(592,0,'2016-09-01 00:00:00','2016-09-01 00:00:00',138,3),(593,0,'2016-09-01 00:00:00','2016-09-01 00:00:00',138,4),(594,0,'2016-09-01 00:00:00','2016-09-01 00:00:00',138,5),(595,0,'2016-09-01 00:00:00','2016-09-01 00:00:00',138,6),(596,0,'2016-09-01 00:00:00','2016-09-01 00:00:00',139,1),(597,0,'2016-09-01 00:00:00','2016-09-01 00:00:00',139,2),(598,0,'2016-09-01 00:00:00','2016-09-01 00:00:00',139,3),(599,0,'2016-09-01 00:00:00','2016-09-01 00:00:00',139,4),(600,0,'2016-09-01 00:00:00','2016-09-01 00:00:00',139,5),(601,0,'2016-09-01 00:00:00','2016-09-01 00:00:00',139,6),(602,0,'2016-09-01 00:00:00','2016-09-01 00:00:00',140,1),(603,0,'2016-09-01 00:00:00','2016-09-01 00:00:00',140,2),(604,0,'2016-09-01 00:00:00','2016-09-01 00:00:00',140,3),(605,0,'2016-09-01 00:00:00','2016-09-01 00:00:00',140,4),(606,0,'2016-09-01 00:00:00','2016-09-01 00:00:00',140,5),(607,0,'2016-09-01 00:00:00','2016-09-01 00:00:00',140,6),(608,0,'2016-09-01 00:00:00','2016-09-01 00:00:00',141,1),(609,0,'2016-09-01 00:00:00','2016-09-01 00:00:00',141,2),(610,0,'2016-09-01 00:00:00','2016-09-01 00:00:00',141,3),(611,0,'2016-09-01 00:00:00','2016-09-01 00:00:00',141,4),(612,0,'2016-09-01 00:00:00','2016-09-01 00:00:00',141,5),(613,0,'2016-09-01 00:00:00','2016-09-01 00:00:00',141,6),(614,0,'2016-09-01 00:00:00','2016-09-01 00:00:00',142,1),(615,0,'2016-09-01 00:00:00','2016-09-01 00:00:00',142,2),(616,0,'2016-09-01 00:00:00','2016-09-01 00:00:00',142,3),(617,0,'2016-09-01 00:00:00','2016-09-01 00:00:00',142,4),(618,0,'2016-09-01 00:00:00','2016-09-01 00:00:00',142,5),(619,0,'2016-09-01 00:00:00','2016-09-01 00:00:00',142,6),(620,0,'2016-09-01 00:00:00','2016-09-01 00:00:00',143,1),(621,0,'2016-09-01 00:00:00','2016-09-01 00:00:00',143,2),(622,0,'2016-09-01 00:00:00','2016-09-01 00:00:00',143,3),(623,0,'2016-09-01 00:00:00','2016-09-01 00:00:00',143,4),(624,0,'2016-09-01 00:00:00','2016-09-01 00:00:00',143,5),(625,0,'2016-09-01 00:00:00','2016-09-01 00:00:00',143,6),(626,0,'2016-09-01 00:00:00','2016-09-01 00:00:00',144,1),(627,0,'2016-09-01 00:00:00','2016-09-01 00:00:00',144,2),(628,0,'2016-09-01 00:00:00','2016-09-01 00:00:00',144,3),(629,0,'2016-09-01 00:00:00','2016-09-01 00:00:00',144,4),(630,0,'2016-09-01 00:00:00','2016-09-01 00:00:00',144,5),(631,0,'2016-09-01 00:00:00','2016-09-01 00:00:00',144,6),(632,0,'2016-09-01 00:00:00','2016-09-01 00:00:00',145,1),(633,0,'2016-09-01 00:00:00','2016-09-01 00:00:00',145,2),(634,0,'2016-09-01 00:00:00','2016-09-01 00:00:00',145,3),(635,0,'2016-09-01 00:00:00','2016-09-01 00:00:00',145,4),(636,0,'2016-09-01 00:00:00','2016-09-01 00:00:00',145,5),(637,0,'2016-09-01 00:00:00','2016-09-01 00:00:00',145,6),(638,0,'2016-09-01 00:00:00','2016-09-01 00:00:00',146,1),(639,0,'2016-09-01 00:00:00','2016-09-01 00:00:00',146,2),(640,0,'2016-09-01 00:00:00','2016-09-01 00:00:00',146,3),(641,0,'2016-09-01 00:00:00','2016-09-01 00:00:00',146,4),(642,0,'2016-09-01 00:00:00','2016-09-01 00:00:00',146,5),(643,0,'2016-09-01 00:00:00','2016-09-01 00:00:00',146,6),(644,0,'2016-09-01 00:00:00','2016-09-01 00:00:00',147,1),(645,0,'2016-09-01 00:00:00','2016-09-01 00:00:00',147,2),(646,0,'2016-09-01 00:00:00','2016-09-01 00:00:00',147,3),(647,0,'2016-09-01 00:00:00','2016-09-01 00:00:00',147,4),(648,0,'2016-09-01 00:00:00','2016-09-01 00:00:00',147,5),(649,0,'2016-09-01 00:00:00','2016-09-01 00:00:00',147,6),(650,0,'2016-09-01 00:00:00','2016-09-01 00:00:00',148,4),(651,0,'2016-09-01 00:00:00','2016-09-01 00:00:00',149,4),(652,0,'2016-09-01 00:00:00','2016-09-01 00:00:00',150,4),(653,0,'2016-09-01 00:00:00','2016-09-01 00:00:00',151,4),(654,0,'2016-09-01 00:00:00','2016-09-01 00:00:00',152,1),(655,0,'2016-09-01 00:00:00','2016-09-01 00:00:00',152,2),(656,0,'2016-09-01 00:00:00','2016-09-01 00:00:00',152,3),(657,0,'2016-09-01 00:00:00','2016-09-01 00:00:00',152,4),(658,0,'2016-09-01 00:00:00','2016-09-01 00:00:00',153,1),(659,0,'2016-09-01 00:00:00','2016-09-01 00:00:00',153,2),(660,0,'2016-09-01 00:00:00','2016-09-01 00:00:00',153,3),(661,0,'2016-09-01 00:00:00','2016-09-01 00:00:00',153,4),(662,0,'2016-09-01 00:00:00','2016-09-01 00:00:00',154,1),(663,0,'2016-09-01 00:00:00','2016-09-01 00:00:00',154,2),(664,0,'2016-09-01 00:00:00','2016-09-01 00:00:00',154,3),(665,0,'2016-09-01 00:00:00','2016-09-01 00:00:00',154,4),(666,0,'2016-09-01 00:00:00','2016-09-01 00:00:00',155,1),(667,0,'2016-09-01 00:00:00','2016-09-01 00:00:00',155,2),(668,0,'2016-09-01 00:00:00','2016-09-01 00:00:00',155,3),(669,0,'2016-09-01 00:00:00','2016-09-01 00:00:00',155,4),(670,0,'2016-09-01 00:00:00','2016-09-01 00:00:00',156,1),(671,0,'2016-09-01 00:00:00','2016-09-01 00:00:00',156,2),(672,0,'2016-09-01 00:00:00','2016-09-01 00:00:00',156,3),(673,0,'2016-09-01 00:00:00','2016-09-01 00:00:00',156,4),(674,0,'2016-09-01 00:00:00','2016-09-01 00:00:00',157,1),(675,0,'2016-09-01 00:00:00','2016-09-01 00:00:00',157,2),(676,0,'2016-09-01 00:00:00','2016-09-01 00:00:00',157,3),(677,0,'2016-09-01 00:00:00','2016-09-01 00:00:00',157,4),(678,0,'2016-09-01 00:00:00','2016-09-01 00:00:00',158,1),(679,0,'2016-09-01 00:00:00','2016-09-01 00:00:00',158,2),(680,0,'2016-09-01 00:00:00','2016-09-01 00:00:00',158,3),(681,0,'2016-09-01 00:00:00','2016-09-01 00:00:00',158,4),(682,0,'2016-09-01 00:00:00','2016-09-01 00:00:00',159,7),(683,0,'2016-09-01 00:00:00','2016-09-01 00:00:00',159,8),(684,0,'2016-09-01 00:00:00','2016-09-01 00:00:00',159,9),(685,0,'2016-09-01 00:00:00','2016-09-01 00:00:00',160,1),(686,0,'2016-09-01 00:00:00','2016-09-01 00:00:00',160,2),(687,0,'2016-09-01 00:00:00','2016-09-01 00:00:00',160,3),(688,0,'2016-09-01 00:00:00','2016-09-01 00:00:00',160,4),(689,0,'2016-09-01 00:00:00','2016-09-01 00:00:00',161,1),(690,0,'2016-09-01 00:00:00','2016-09-01 00:00:00',161,2),(691,0,'2016-09-01 00:00:00','2016-09-01 00:00:00',161,3),(692,0,'2016-09-01 00:00:00','2016-09-01 00:00:00',161,4),(693,0,'2016-09-01 00:00:00','2016-09-01 00:00:00',162,1),(694,0,'2016-09-01 00:00:00','2016-09-01 00:00:00',162,2),(695,0,'2016-09-01 00:00:00','2016-09-01 00:00:00',162,3),(696,0,'2016-09-01 00:00:00','2016-09-01 00:00:00',162,4),(697,0,'2016-09-01 00:00:00','2016-09-01 00:00:00',163,1),(698,0,'2016-09-01 00:00:00','2016-09-01 00:00:00',163,2),(699,0,'2016-09-01 00:00:00','2016-09-01 00:00:00',163,3),(700,0,'2016-09-01 00:00:00','2016-09-01 00:00:00',163,4),(701,0,'2016-09-01 00:00:00','2016-09-01 00:00:00',164,7),(702,0,'2016-09-01 00:00:00','2016-09-01 00:00:00',164,8),(703,0,'2016-09-01 00:00:00','2016-09-01 00:00:00',164,9),(704,0,'2016-09-01 00:00:00','2016-09-01 00:00:00',165,1),(705,0,'2016-09-01 00:00:00','2016-09-01 00:00:00',165,2),(706,0,'2016-09-01 00:00:00','2016-09-01 00:00:00',165,3),(707,0,'2016-09-01 00:00:00','2016-09-01 00:00:00',165,4),(708,0,'2016-09-01 00:00:00','2016-09-01 00:00:00',166,1),(709,0,'2016-09-01 00:00:00','2016-09-01 00:00:00',166,2),(710,0,'2016-09-01 00:00:00','2016-09-01 00:00:00',166,3),(711,0,'2016-09-01 00:00:00','2016-09-01 00:00:00',166,4),(712,0,'2016-09-01 00:00:00','2016-09-01 00:00:00',167,1),(713,0,'2016-09-01 00:00:00','2016-09-01 00:00:00',167,2),(714,0,'2016-09-01 00:00:00','2016-09-01 00:00:00',167,3),(715,0,'2016-09-01 00:00:00','2016-09-01 00:00:00',167,4),(716,0,'2016-09-01 00:00:00','2016-09-01 00:00:00',168,7),(717,0,'2016-09-01 00:00:00','2016-09-01 00:00:00',168,8),(718,0,'2016-09-01 00:00:00','2016-09-01 00:00:00',168,9),(719,0,'2016-09-01 00:00:00','2016-09-01 00:00:00',169,1),(720,0,'2016-09-01 00:00:00','2016-09-01 00:00:00',169,2),(721,0,'2016-09-01 00:00:00','2016-09-01 00:00:00',169,3),(722,0,'2016-09-01 00:00:00','2016-09-01 00:00:00',169,4),(723,0,'2016-09-01 00:00:00','2016-09-01 00:00:00',170,1),(724,0,'2016-09-01 00:00:00','2016-09-01 00:00:00',170,2),(725,0,'2016-09-01 00:00:00','2016-09-01 00:00:00',170,3),(726,0,'2016-09-01 00:00:00','2016-09-01 00:00:00',170,4),(727,0,'2016-09-01 00:00:00','2016-09-01 00:00:00',171,1),(728,0,'2016-09-01 00:00:00','2016-09-01 00:00:00',171,2),(729,0,'2016-09-01 00:00:00','2016-09-01 00:00:00',171,3),(730,0,'2016-09-01 00:00:00','2016-09-01 00:00:00',171,4),(731,0,'2016-09-01 00:00:00','2016-09-01 00:00:00',172,4),(732,0,'2016-09-01 00:00:00','2016-09-01 00:00:00',173,1),(733,0,'2016-09-01 00:00:00','2016-09-01 00:00:00',173,2),(734,0,'2016-09-01 00:00:00','2016-09-01 00:00:00',173,3),(735,0,'2016-09-01 00:00:00','2016-09-01 00:00:00',173,4),(736,0,'2016-09-01 00:00:00','2016-09-01 00:00:00',174,7),(737,0,'2016-09-01 00:00:00','2016-09-01 00:00:00',174,8),(738,0,'2016-09-01 00:00:00','2016-09-01 00:00:00',174,9),(739,0,'2016-09-01 00:00:00','2016-09-01 00:00:00',175,1),(740,0,'2016-09-01 00:00:00','2016-09-01 00:00:00',175,2),(741,0,'2016-09-01 00:00:00','2016-09-01 00:00:00',175,3),(742,0,'2016-09-01 00:00:00','2016-09-01 00:00:00',175,4);
/*!40000 ALTER TABLE `menu_entity4shop8staff_competences` ENABLE KEYS */;
UNLOCK TABLES;

--
-- Table structure for table `menu_entity4shops`
--

DROP TABLE IF EXISTS `menu_entity4shops`;
/*!40101 SET @saved_cs_client     = @@character_set_client */;
/*!40101 SET character_set_client = utf8 */;
CREATE TABLE `menu_entity4shops` (
  `id` int(11) NOT NULL AUTO_INCREMENT,
  `del_flg` tinyint(1) unsigned NOT NULL DEFAULT '0',
  `created` datetime NOT NULL,
  `modified` datetime NOT NULL,
  `menu_entities_id` int(11) NOT NULL,
  `shops_id` int(11) NOT NULL,
  `specific_code` varchar(50) DEFAULT NULL COMMENT '特殊コード\nオーナーが自身の影響範囲下にある要素に対して、定義できるコード',
  `menu_type` char(1) NOT NULL COMMENT 'メニュータイプ\nA : サービス\nB : 店販商品\nC : 施術指名\nD : 特殊調整\nE : 一時メニュー',
  `menu_cd` char(2) NOT NULL DEFAULT 'A1' COMMENT 'メニューコード\nA1 : サービス\nB1 : 店販商品\nC1 : 施術指名(個人)\nC2 : 施術指名(男性)\nC3 : 施術指名(女性)\nD1 : 特殊調整(全体調整)\nD2 : 特殊調整(サービス調整)\nD3 : 特殊調整(店販商品調整)\nE1 : 一時メニュー',
  `name` varchar(100) NOT NULL DEFAULT '' COMMENT 'メニュー名',
  `price` int(11) NOT NULL DEFAULT '0' COMMENT '金額',
  `rate` int(11) NOT NULL DEFAULT '0' COMMENT '割引（割増）率',
  `description` text NOT NULL COMMENT 'メニュー詳細',
  `required_time` int(11) NOT NULL DEFAULT '0' COMMENT '所要時間',
  `use_amount_flg` tinyint(1) unsigned NOT NULL DEFAULT '0' COMMENT '提供数に上限があるかどうか\n0 : 上限なし\n1 : 上限あり（amountを参照）',
  `amount` int(11) NOT NULL DEFAULT '0' COMMENT '提供数',
  `display_period_from` datetime NOT NULL DEFAULT '1970-01-01 00:00:00' COMMENT '表示期間（開始）',
  `display_period_to` datetime NOT NULL DEFAULT '9999-12-31 23:59:59' COMMENT '表示期間（終了）',
  `display_period_month_bitmask` char(16) NOT NULL DEFAULT '0000111111111111' COMMENT '表示期間（月）\n第15bit : 不使用\n第14bit : 不使用\n第13bit : 不使用\n第12bit : 不使用\n第11bit : 12月\n第10bit : 11月\n第9bit : 10月\n第8bit : 9月\n第7bit : 8月\n第6bit : 7月\n第5bit : 6月\n第4bit : 5月\n第3bit : 4月\n第2bit : 3月\n第1bit : 2月\n第0bit : 1月',
  `display_period_week_bitmask` char(8) NOT NULL DEFAULT '01111111' COMMENT '表示期間（曜日）\n第7bit : 不使用\n第6bit : 土曜日\n第5bit : 金曜日\n第4bit : 木曜日\n第3bit : 水曜日\n第2bit : 火曜日\n第1bit : 月曜日\n第0bit : 日曜日',
  `apply_period_from` datetime NOT NULL DEFAULT '1970-01-01 00:00:00' COMMENT '適用期間（開始）',
  `apply_period_to` datetime NOT NULL DEFAULT '9999-12-31 23:59:59' COMMENT '適用期間（終了）',
  `apply_period_month_bitmask` char(16) NOT NULL DEFAULT '0000111111111111' COMMENT '適用期間（月）\n第15bit : 不使用\n第14bit : 不使用\n第13bit : 不使用\n第12bit : 不使用\n第11bit : 12月\n第10bit : 11月\n第9bit : 10月\n第8bit : 9月\n第7bit : 8月\n第6bit : 7月\n第5bit : 6月\n第4bit : 5月\n第3bit : 4月\n第2bit : 3月\n第1bit : 2月\n第0bit : 1月',
  `apply_period_week_bitmask` char(8) NOT NULL DEFAULT '01111111' COMMENT '適用期間（曜日）\n第7bit : 不使用\n第6bit : 土曜日\n第5bit : 金曜日\n第4bit : 木曜日\n第3bit : 水曜日\n第2bit : 火曜日\n第1bit : 月曜日\n第0bit : 日曜日',
  `bc_display_flg` tinyint(1) unsigned NOT NULL DEFAULT '0' COMMENT 'Belle-Callaでの表示可否\n0 : 非表示\n1 : 表示',
  `seq` int(11) NOT NULL COMMENT '表示順',
  PRIMARY KEY (`id`),
  KEY `fk_menu_entity4shops_menu_entities1_idx` (`menu_entities_id`),
  KEY `fk_menu_entity4shops_shops1_idx` (`shops_id`),
  CONSTRAINT `fk_menu_entity4shops_menu_entities1` FOREIGN KEY (`menu_entities_id`) REFERENCES `menu_entities` (`id`) ON DELETE NO ACTION ON UPDATE NO ACTION,
  CONSTRAINT `fk_menu_entity4shops_shops1` FOREIGN KEY (`shops_id`) REFERENCES `shops` (`id`) ON DELETE NO ACTION ON UPDATE NO ACTION
) ENGINE=InnoDB AUTO_INCREMENT=192 DEFAULT CHARSET=utf8;
/*!40101 SET character_set_client = @saved_cs_client */;

--
-- Dumping data for table `menu_entity4shops`
--

LOCK TABLES `menu_entity4shops` WRITE;
/*!40000 ALTER TABLE `menu_entity4shops` DISABLE KEYS */;
INSERT INTO `menu_entity4shops` VALUES (1,0,'2016-09-01 00:00:00','2016-09-01 00:00:00',1,1,NULL,'A','A1','【ご新規様・2回目ご来店の方】上まつげ　80本',5537,0,'',0,0,0,'1970-01-01 00:00:00','9999-12-31 23:59:59','0000111111111111','01111111','1970-01-01 00:00:00','9999-12-31 23:59:59','0000111111111111','01111111',1,1),(2,0,'2016-09-01 00:00:00','2016-09-01 00:00:00',2,1,NULL,'A','A1','【ご新規様・2回目ご来店の方】上まつげ　90本',6324,0,'',0,0,0,'1970-01-01 00:00:00','9999-12-31 23:59:59','0000111111111111','01111111','1970-01-01 00:00:00','9999-12-31 23:59:59','0000111111111111','01111111',0,2),(3,0,'2016-09-01 00:00:00','2016-09-01 00:00:00',3,1,NULL,'A','A1','【ご新規様・2回目ご来店の方】上まつげ　100本',7111,0,'',0,0,0,'1970-01-01 00:00:00','9999-12-31 23:59:59','0000111111111111','01111111','1970-01-01 00:00:00','9999-12-31 23:59:59','0000111111111111','01111111',0,3),(4,0,'2016-09-01 00:00:00','2016-09-01 00:00:00',4,1,NULL,'A','A1','【ご新規様・2回目ご来店の方】上まつげ　110本',7898,0,'',0,0,0,'1970-01-01 00:00:00','9999-12-31 23:59:59','0000111111111111','01111111','1970-01-01 00:00:00','9999-12-31 23:59:59','0000111111111111','01111111',0,4),(5,0,'2016-09-01 00:00:00','2016-09-01 00:00:00',5,1,NULL,'A','A1','【ご新規様・2回目ご来店の方】上まつげ　120本',8315,0,'',0,0,0,'1970-01-01 00:00:00','9999-12-31 23:59:59','0000111111111111','01111111','1970-01-01 00:00:00','9999-12-31 23:59:59','0000111111111111','01111111',1,5),(6,0,'2016-09-01 00:00:00','2016-09-01 00:00:00',6,1,NULL,'A','A1','【ご新規様・2回目ご来店の方】上まつげ　130本',9102,0,'',0,0,0,'1970-01-01 00:00:00','9999-12-31 23:59:59','0000111111111111','01111111','1970-01-01 00:00:00','9999-12-31 23:59:59','0000111111111111','01111111',0,6),(7,0,'2016-09-01 00:00:00','2016-09-01 00:00:00',7,1,NULL,'A','A1','【ご新規様・2回目ご来店の方】上まつげ　140本',9889,0,'',0,0,0,'1970-01-01 00:00:00','9999-12-31 23:59:59','0000111111111111','01111111','1970-01-01 00:00:00','9999-12-31 23:59:59','0000111111111111','01111111',0,7),(8,0,'2016-09-01 00:00:00','2016-09-01 00:00:00',8,1,NULL,'A','A1','【ご新規様・2回目ご来店の方】上まつげ　150本',10676,0,'',0,0,0,'1970-01-01 00:00:00','9999-12-31 23:59:59','0000111111111111','01111111','1970-01-01 00:00:00','9999-12-31 23:59:59','0000111111111111','01111111',0,8),(9,0,'2016-09-01 00:00:00','2016-09-01 00:00:00',9,1,NULL,'A','A1','【ご新規様・2回目ご来店の方】上まつげ　160本',11463,0,'',0,0,0,'1970-01-01 00:00:00','9999-12-31 23:59:59','0000111111111111','01111111','1970-01-01 00:00:00','9999-12-31 23:59:59','0000111111111111','01111111',0,9),(10,0,'2016-09-01 00:00:00','2016-09-01 00:00:00',10,1,NULL,'A','A1','【ご新規様・2回目ご来店の方】上まつげ　170本',12250,0,'',0,0,0,'1970-01-01 00:00:00','9999-12-31 23:59:59','0000111111111111','01111111','1970-01-01 00:00:00','9999-12-31 23:59:59','0000111111111111','01111111',0,10),(11,0,'2016-09-01 00:00:00','2016-09-01 00:00:00',11,1,NULL,'A','A1','【ご新規様・2回目ご来店の方】上まつげ　180本',13037,0,'',0,0,0,'1970-01-01 00:00:00','9999-12-31 23:59:59','0000111111111111','01111111','1970-01-01 00:00:00','9999-12-31 23:59:59','0000111111111111','01111111',0,11),(12,0,'2016-09-01 00:00:00','2016-09-01 00:00:00',12,1,NULL,'A','A1','【ご新規様・2回目ご来店の方】上まつげ　190本',13824,0,'',0,0,0,'1970-01-01 00:00:00','9999-12-31 23:59:59','0000111111111111','01111111','1970-01-01 00:00:00','9999-12-31 23:59:59','0000111111111111','01111111',0,12),(13,0,'2016-09-01 00:00:00','2016-09-01 00:00:00',13,1,NULL,'A','A1','【ご新規様・2回目ご来店の方】上まつげ　200本',14611,0,'',0,0,0,'1970-01-01 00:00:00','9999-12-31 23:59:59','0000111111111111','01111111','1970-01-01 00:00:00','9999-12-31 23:59:59','0000111111111111','01111111',0,13),(14,0,'2016-09-01 00:00:00','2016-09-01 00:00:00',14,1,NULL,'A','A1','【ご新規様・2回目ご来店の方】上まつげ追加1本',79,0,'',0,0,0,'1970-01-01 00:00:00','9999-12-31 23:59:59','0000111111111111','01111111','1970-01-01 00:00:00','9999-12-31 23:59:59','0000111111111111','01111111',0,14),(15,0,'2016-09-01 00:00:00','2016-09-01 00:00:00',15,1,NULL,'A','A1','上まつげ　10本　定価',1000,0,'',0,0,0,'1970-01-01 00:00:00','9999-12-31 23:59:59','0000111111111111','01111111','1970-01-01 00:00:00','9999-12-31 23:59:59','0000111111111111','01111111',0,15),(16,0,'2016-09-01 00:00:00','2016-09-01 00:00:00',16,1,NULL,'A','A1','上まつげ　20本　定価',2000,0,'',0,0,0,'1970-01-01 00:00:00','9999-12-31 23:59:59','0000111111111111','01111111','1970-01-01 00:00:00','9999-12-31 23:59:59','0000111111111111','01111111',0,16),(17,0,'2016-09-01 00:00:00','2016-09-01 00:00:00',17,1,NULL,'A','A1','上まつげ　30本　定価',3000,0,'',0,0,0,'1970-01-01 00:00:00','9999-12-31 23:59:59','0000111111111111','01111111','1970-01-01 00:00:00','9999-12-31 23:59:59','0000111111111111','01111111',0,17),(18,0,'2016-09-01 00:00:00','2016-09-01 00:00:00',18,1,NULL,'A','A1','上まつげ　40本　定価',4000,0,'',0,0,0,'1970-01-01 00:00:00','9999-12-31 23:59:59','0000111111111111','01111111','1970-01-01 00:00:00','9999-12-31 23:59:59','0000111111111111','01111111',1,18),(19,0,'2016-09-01 00:00:00','2016-09-01 00:00:00',19,1,NULL,'A','A1','上まつげ　50本　定価',5000,0,'',0,0,0,'1970-01-01 00:00:00','9999-12-31 23:59:59','0000111111111111','01111111','1970-01-01 00:00:00','9999-12-31 23:59:59','0000111111111111','01111111',1,19),(20,0,'2016-09-01 00:00:00','2016-09-01 00:00:00',20,1,NULL,'A','A1','上まつげ　60本　定価',6000,0,'',0,0,0,'1970-01-01 00:00:00','9999-12-31 23:59:59','0000111111111111','01111111','1970-01-01 00:00:00','9999-12-31 23:59:59','0000111111111111','01111111',1,20),(21,0,'2016-09-01 00:00:00','2016-09-01 00:00:00',21,1,NULL,'A','A1','上まつげ　70本　定価',7000,0,'',0,0,0,'1970-01-01 00:00:00','9999-12-31 23:59:59','0000111111111111','01111111','1970-01-01 00:00:00','9999-12-31 23:59:59','0000111111111111','01111111',1,21),(22,0,'2016-09-01 00:00:00','2016-09-01 00:00:00',22,1,NULL,'A','A1','上まつげ　80本　定価',8000,0,'',0,0,0,'1970-01-01 00:00:00','9999-12-31 23:59:59','0000111111111111','01111111','1970-01-01 00:00:00','9999-12-31 23:59:59','0000111111111111','01111111',1,22),(23,0,'2016-09-01 00:00:00','2016-09-01 00:00:00',23,1,NULL,'A','A1','上まつげ　90本　定価',9000,0,'',0,0,0,'1970-01-01 00:00:00','9999-12-31 23:59:59','0000111111111111','01111111','1970-01-01 00:00:00','9999-12-31 23:59:59','0000111111111111','01111111',1,23),(24,0,'2016-09-01 00:00:00','2016-09-01 00:00:00',24,1,NULL,'A','A1','上まつげ　100本　定価',10000,0,'',0,0,0,'1970-01-01 00:00:00','9999-12-31 23:59:59','0000111111111111','01111111','1970-01-01 00:00:00','9999-12-31 23:59:59','0000111111111111','01111111',1,24),(25,0,'2016-09-01 00:00:00','2016-09-01 00:00:00',25,1,NULL,'A','A1','上まつげ　110本　定価',11000,0,'',0,0,0,'1970-01-01 00:00:00','9999-12-31 23:59:59','0000111111111111','01111111','1970-01-01 00:00:00','9999-12-31 23:59:59','0000111111111111','01111111',1,25),(26,0,'2016-09-01 00:00:00','2016-09-01 00:00:00',26,1,NULL,'A','A1','上まつげ　120本　定価',12000,0,'',0,0,0,'1970-01-01 00:00:00','9999-12-31 23:59:59','0000111111111111','01111111','1970-01-01 00:00:00','9999-12-31 23:59:59','0000111111111111','01111111',1,26),(27,0,'2016-09-01 00:00:00','2016-09-01 00:00:00',27,1,NULL,'A','A1','上まつげ　130本　定価',13000,0,'',0,0,0,'1970-01-01 00:00:00','9999-12-31 23:59:59','0000111111111111','01111111','1970-01-01 00:00:00','9999-12-31 23:59:59','0000111111111111','01111111',1,27),(28,0,'2016-09-01 00:00:00','2016-09-01 00:00:00',28,1,NULL,'A','A1','上まつげ　140本　定価',14000,0,'',0,0,0,'1970-01-01 00:00:00','9999-12-31 23:59:59','0000111111111111','01111111','1970-01-01 00:00:00','9999-12-31 23:59:59','0000111111111111','01111111',1,28),(29,0,'2016-09-01 00:00:00','2016-09-01 00:00:00',29,1,NULL,'A','A1','上まつげ　150本　定価',15000,0,'',0,0,0,'1970-01-01 00:00:00','9999-12-31 23:59:59','0000111111111111','01111111','1970-01-01 00:00:00','9999-12-31 23:59:59','0000111111111111','01111111',1,29),(30,0,'2016-09-01 00:00:00','2016-09-01 00:00:00',30,1,NULL,'A','A1','上まつげ　160本　定価',16000,0,'',0,0,0,'1970-01-01 00:00:00','9999-12-31 23:59:59','0000111111111111','01111111','1970-01-01 00:00:00','9999-12-31 23:59:59','0000111111111111','01111111',1,30),(31,0,'2016-09-01 00:00:00','2016-09-01 00:00:00',31,1,NULL,'A','A1','上まつげ　170本　定価',17000,0,'',0,0,0,'1970-01-01 00:00:00','9999-12-31 23:59:59','0000111111111111','01111111','1970-01-01 00:00:00','9999-12-31 23:59:59','0000111111111111','01111111',1,31),(32,0,'2016-09-01 00:00:00','2016-09-01 00:00:00',32,1,NULL,'A','A1','上まつげ　180本　定価',18000,0,'',0,0,0,'1970-01-01 00:00:00','9999-12-31 23:59:59','0000111111111111','01111111','1970-01-01 00:00:00','9999-12-31 23:59:59','0000111111111111','01111111',1,32),(33,0,'2016-09-01 00:00:00','2016-09-01 00:00:00',33,1,NULL,'A','A1','上まつげ　190本　定価',19000,0,'',0,0,0,'1970-01-01 00:00:00','9999-12-31 23:59:59','0000111111111111','01111111','1970-01-01 00:00:00','9999-12-31 23:59:59','0000111111111111','01111111',1,33),(34,0,'2016-09-01 00:00:00','2016-09-01 00:00:00',34,1,NULL,'A','A1','上まつげ　200本　定価',20000,0,'',0,0,0,'1970-01-01 00:00:00','9999-12-31 23:59:59','0000111111111111','01111111','1970-01-01 00:00:00','9999-12-31 23:59:59','0000111111111111','01111111',1,34),(35,0,'2016-09-01 00:00:00','2016-09-01 00:00:00',35,1,NULL,'A','A1','上まつげ追加1本　定価',100,0,'',0,0,0,'1970-01-01 00:00:00','9999-12-31 23:59:59','0000111111111111','01111111','1970-01-01 00:00:00','9999-12-31 23:59:59','0000111111111111','01111111',0,35),(36,0,'2016-09-01 00:00:00','2016-09-01 00:00:00',36,1,NULL,'A','A1','上まつげ追加2本　定価',200,0,'',0,0,0,'1970-01-01 00:00:00','9999-12-31 23:59:59','0000111111111111','01111111','1970-01-01 00:00:00','9999-12-31 23:59:59','0000111111111111','01111111',0,36),(37,0,'2016-09-01 00:00:00','2016-09-01 00:00:00',37,1,NULL,'A','A1','上まつげ追加3本　定価',300,0,'',0,0,0,'1970-01-01 00:00:00','9999-12-31 23:59:59','0000111111111111','01111111','1970-01-01 00:00:00','9999-12-31 23:59:59','0000111111111111','01111111',0,37),(38,0,'2016-09-01 00:00:00','2016-09-01 00:00:00',38,1,NULL,'A','A1','上まつげ追加4本　定価',400,0,'',0,0,0,'1970-01-01 00:00:00','9999-12-31 23:59:59','0000111111111111','01111111','1970-01-01 00:00:00','9999-12-31 23:59:59','0000111111111111','01111111',0,38),(39,0,'2016-09-01 00:00:00','2016-09-01 00:00:00',39,1,NULL,'A','A1','上まつげ追加5本　定価',500,0,'',0,0,0,'1970-01-01 00:00:00','9999-12-31 23:59:59','0000111111111111','01111111','1970-01-01 00:00:00','9999-12-31 23:59:59','0000111111111111','01111111',0,39),(40,0,'2016-09-01 00:00:00','2016-09-01 00:00:00',40,1,NULL,'A','A1','上まつげ追加6本　定価',600,0,'',0,0,0,'1970-01-01 00:00:00','9999-12-31 23:59:59','0000111111111111','01111111','1970-01-01 00:00:00','9999-12-31 23:59:59','0000111111111111','01111111',0,40),(41,0,'2016-09-01 00:00:00','2016-09-01 00:00:00',41,1,NULL,'A','A1','上まつげ追加7本　定価',700,0,'',0,0,0,'1970-01-01 00:00:00','9999-12-31 23:59:59','0000111111111111','01111111','1970-01-01 00:00:00','9999-12-31 23:59:59','0000111111111111','01111111',0,41),(42,0,'2016-09-01 00:00:00','2016-09-01 00:00:00',42,1,NULL,'A','A1','上まつげ追加8本　定価',800,0,'',0,0,0,'1970-01-01 00:00:00','9999-12-31 23:59:59','0000111111111111','01111111','1970-01-01 00:00:00','9999-12-31 23:59:59','0000111111111111','01111111',0,42),(43,0,'2016-09-01 00:00:00','2016-09-01 00:00:00',43,1,NULL,'A','A1','上まつげ追加9本　定価',900,0,'',0,0,0,'1970-01-01 00:00:00','9999-12-31 23:59:59','0000111111111111','01111111','1970-01-01 00:00:00','9999-12-31 23:59:59','0000111111111111','01111111',0,43),(44,0,'2016-09-01 00:00:00','2016-09-01 00:00:00',44,1,NULL,'A','A1','上まつげ40本　リペア',4000,0,'',0,0,0,'1970-01-01 00:00:00','9999-12-31 23:59:59','0000111111111111','01111111','1970-01-01 00:00:00','9999-12-31 23:59:59','0000111111111111','01111111',1,44),(45,0,'2016-09-01 00:00:00','2016-09-01 00:00:00',45,1,NULL,'A','A1','上まつげ50本　リペア',5000,0,'',0,0,0,'1970-01-01 00:00:00','9999-12-31 23:59:59','0000111111111111','01111111','1970-01-01 00:00:00','9999-12-31 23:59:59','0000111111111111','01111111',1,45),(46,0,'2016-09-01 00:00:00','2016-09-01 00:00:00',46,1,NULL,'A','A1','上まつげ60本　リペア',6000,0,'',0,0,0,'1970-01-01 00:00:00','9999-12-31 23:59:59','0000111111111111','01111111','1970-01-01 00:00:00','9999-12-31 23:59:59','0000111111111111','01111111',1,46),(47,0,'2016-09-01 00:00:00','2016-09-01 00:00:00',47,1,NULL,'A','A1','上まつげ70本　リペア',7000,0,'',0,0,0,'1970-01-01 00:00:00','9999-12-31 23:59:59','0000111111111111','01111111','1970-01-01 00:00:00','9999-12-31 23:59:59','0000111111111111','01111111',1,47),(48,0,'2016-09-01 00:00:00','2016-09-01 00:00:00',48,1,NULL,'A','A1','上まつげ80本　リペア',7000,0,'',0,0,0,'1970-01-01 00:00:00','9999-12-31 23:59:59','0000111111111111','01111111','1970-01-01 00:00:00','9999-12-31 23:59:59','0000111111111111','01111111',1,48),(49,0,'2016-09-01 00:00:00','2016-09-01 00:00:00',49,1,NULL,'A','A1','上まつげ90本　リペア',8000,0,'',0,0,0,'1970-01-01 00:00:00','9999-12-31 23:59:59','0000111111111111','01111111','1970-01-01 00:00:00','9999-12-31 23:59:59','0000111111111111','01111111',1,49),(50,0,'2016-09-01 00:00:00','2016-09-01 00:00:00',50,1,NULL,'A','A1','上まつげ100本　リペア',9000,0,'',0,0,0,'1970-01-01 00:00:00','9999-12-31 23:59:59','0000111111111111','01111111','1970-01-01 00:00:00','9999-12-31 23:59:59','0000111111111111','01111111',1,50),(51,0,'2016-09-01 00:00:00','2016-09-01 00:00:00',51,1,NULL,'A','A1','上まつげ110本　リペア',10000,0,'',0,0,0,'1970-01-01 00:00:00','9999-12-31 23:59:59','0000111111111111','01111111','1970-01-01 00:00:00','9999-12-31 23:59:59','0000111111111111','01111111',1,51),(52,0,'2016-09-01 00:00:00','2016-09-01 00:00:00',52,1,NULL,'A','A1','上まつげ120本　リペア',10000,0,'',0,0,0,'1970-01-01 00:00:00','9999-12-31 23:59:59','0000111111111111','01111111','1970-01-01 00:00:00','9999-12-31 23:59:59','0000111111111111','01111111',1,52),(53,0,'2016-09-01 00:00:00','2016-09-01 00:00:00',53,1,NULL,'A','A1','上まつげ130本　リペア',11000,0,'',0,0,0,'1970-01-01 00:00:00','9999-12-31 23:59:59','0000111111111111','01111111','1970-01-01 00:00:00','9999-12-31 23:59:59','0000111111111111','01111111',1,53),(54,0,'2016-09-01 00:00:00','2016-09-01 00:00:00',54,1,NULL,'A','A1','上まつげ140本　リペア',12000,0,'',0,0,0,'1970-01-01 00:00:00','9999-12-31 23:59:59','0000111111111111','01111111','1970-01-01 00:00:00','9999-12-31 23:59:59','0000111111111111','01111111',1,54),(55,0,'2016-09-01 00:00:00','2016-09-01 00:00:00',55,1,NULL,'A','A1','上まつげ150本　リペア',13000,0,'',0,0,0,'1970-01-01 00:00:00','9999-12-31 23:59:59','0000111111111111','01111111','1970-01-01 00:00:00','9999-12-31 23:59:59','0000111111111111','01111111',1,55),(56,0,'2016-09-01 00:00:00','2016-09-01 00:00:00',56,1,NULL,'A','A1','上まつげ160本　リペア',14000,0,'',0,0,0,'1970-01-01 00:00:00','9999-12-31 23:59:59','0000111111111111','01111111','1970-01-01 00:00:00','9999-12-31 23:59:59','0000111111111111','01111111',1,56),(57,0,'2016-09-01 00:00:00','2016-09-01 00:00:00',57,1,NULL,'A','A1','上まつげ170本　リペア',15000,0,'',0,0,0,'1970-01-01 00:00:00','9999-12-31 23:59:59','0000111111111111','01111111','1970-01-01 00:00:00','9999-12-31 23:59:59','0000111111111111','01111111',1,57),(58,0,'2016-09-01 00:00:00','2016-09-01 00:00:00',58,1,NULL,'A','A1','上まつげ180本　リペア',16000,0,'',0,0,0,'1970-01-01 00:00:00','9999-12-31 23:59:59','0000111111111111','01111111','1970-01-01 00:00:00','9999-12-31 23:59:59','0000111111111111','01111111',1,58),(59,0,'2016-09-01 00:00:00','2016-09-01 00:00:00',59,1,NULL,'A','A1','上まつげ190本　リペア',17000,0,'',0,0,0,'1970-01-01 00:00:00','9999-12-31 23:59:59','0000111111111111','01111111','1970-01-01 00:00:00','9999-12-31 23:59:59','0000111111111111','01111111',1,59),(60,0,'2016-09-01 00:00:00','2016-09-01 00:00:00',60,1,NULL,'A','A1','上まつげ200本　リペア',18000,0,'',0,0,0,'1970-01-01 00:00:00','9999-12-31 23:59:59','0000111111111111','01111111','1970-01-01 00:00:00','9999-12-31 23:59:59','0000111111111111','01111111',1,60),(61,0,'2016-09-01 00:00:00','2016-09-01 00:00:00',61,1,NULL,'A','A1','上まつげ追加1本につき　リペア',100,0,'',0,0,0,'1970-01-01 00:00:00','9999-12-31 23:59:59','0000111111111111','01111111','1970-01-01 00:00:00','9999-12-31 23:59:59','0000111111111111','01111111',0,61),(62,0,'2016-09-01 00:00:00','2016-09-01 00:00:00',62,1,NULL,'A','A1','下まつげ30本（ご新規様＆2回目（6週間以内）',2759,0,'',0,0,0,'1970-01-01 00:00:00','9999-12-31 23:59:59','0000111111111111','01111111','1970-01-01 00:00:00','9999-12-31 23:59:59','0000111111111111','01111111',1,62),(63,0,'2016-09-01 00:00:00','2016-09-01 00:00:00',63,1,NULL,'A','A1','下まつげセット（３回目以降（６週間以内））かつ上まつげ80本以上施術）',2315,0,'',0,0,0,'1970-01-01 00:00:00','9999-12-31 23:59:59','0000111111111111','01111111','1970-01-01 00:00:00','9999-12-31 23:59:59','0000111111111111','01111111',1,63),(64,0,'2016-09-01 00:00:00','2016-09-01 00:00:00',64,1,NULL,'A','A1','下まつげ1本定価',100,0,'',0,0,0,'1970-01-01 00:00:00','9999-12-31 23:59:59','0000111111111111','01111111','1970-01-01 00:00:00','9999-12-31 23:59:59','0000111111111111','01111111',0,64),(65,0,'2016-09-01 00:00:00','2016-09-01 00:00:00',65,1,NULL,'A','A1','下まつげ１本',100,0,'',0,0,0,'1970-01-01 00:00:00','9999-12-31 23:59:59','0000111111111111','01111111','1970-01-01 00:00:00','9999-12-31 23:59:59','0000111111111111','01111111',0,65),(66,0,'2016-09-01 00:00:00','2016-09-01 00:00:00',66,1,NULL,'A','A1','下まつげ２本',200,0,'',0,0,0,'1970-01-01 00:00:00','9999-12-31 23:59:59','0000111111111111','01111111','1970-01-01 00:00:00','9999-12-31 23:59:59','0000111111111111','01111111',0,66),(67,0,'2016-09-01 00:00:00','2016-09-01 00:00:00',67,1,NULL,'A','A1','下まつげ３本',300,0,'',0,0,0,'1970-01-01 00:00:00','9999-12-31 23:59:59','0000111111111111','01111111','1970-01-01 00:00:00','9999-12-31 23:59:59','0000111111111111','01111111',0,67),(68,0,'2016-09-01 00:00:00','2016-09-01 00:00:00',68,1,NULL,'A','A1','下まつげ４本',400,0,'',0,0,0,'1970-01-01 00:00:00','9999-12-31 23:59:59','0000111111111111','01111111','1970-01-01 00:00:00','9999-12-31 23:59:59','0000111111111111','01111111',0,68),(69,0,'2016-09-01 00:00:00','2016-09-01 00:00:00',69,1,NULL,'A','A1','下まつげ５本',500,0,'',0,0,0,'1970-01-01 00:00:00','9999-12-31 23:59:59','0000111111111111','01111111','1970-01-01 00:00:00','9999-12-31 23:59:59','0000111111111111','01111111',0,69),(70,0,'2016-09-01 00:00:00','2016-09-01 00:00:00',70,1,NULL,'A','A1','下まつげ６本',600,0,'',0,0,0,'1970-01-01 00:00:00','9999-12-31 23:59:59','0000111111111111','01111111','1970-01-01 00:00:00','9999-12-31 23:59:59','0000111111111111','01111111',0,70),(71,0,'2016-09-01 00:00:00','2016-09-01 00:00:00',71,1,NULL,'A','A1','下まつげ７本',700,0,'',0,0,0,'1970-01-01 00:00:00','9999-12-31 23:59:59','0000111111111111','01111111','1970-01-01 00:00:00','9999-12-31 23:59:59','0000111111111111','01111111',0,71),(72,0,'2016-09-01 00:00:00','2016-09-01 00:00:00',72,1,NULL,'A','A1','下まつげ８本',800,0,'',0,0,0,'1970-01-01 00:00:00','9999-12-31 23:59:59','0000111111111111','01111111','1970-01-01 00:00:00','9999-12-31 23:59:59','0000111111111111','01111111',0,72),(73,0,'2016-09-01 00:00:00','2016-09-01 00:00:00',73,1,NULL,'A','A1','下まつげ９本',900,0,'',0,0,0,'1970-01-01 00:00:00','9999-12-31 23:59:59','0000111111111111','01111111','1970-01-01 00:00:00','9999-12-31 23:59:59','0000111111111111','01111111',0,73),(74,0,'2016-09-01 00:00:00','2016-09-01 00:00:00',74,1,NULL,'A','A1','下まつげ１０本',1000,0,'',0,0,0,'1970-01-01 00:00:00','9999-12-31 23:59:59','0000111111111111','01111111','1970-01-01 00:00:00','9999-12-31 23:59:59','0000111111111111','01111111',1,74),(75,0,'2016-09-01 00:00:00','2016-09-01 00:00:00',75,1,NULL,'A','A1','下まつげ２０本',2000,0,'',0,0,0,'1970-01-01 00:00:00','9999-12-31 23:59:59','0000111111111111','01111111','1970-01-01 00:00:00','9999-12-31 23:59:59','0000111111111111','01111111',1,75),(76,0,'2016-09-01 00:00:00','2016-09-01 00:00:00',76,1,NULL,'A','A1','下まつげ３０本',3000,0,'',0,0,0,'1970-01-01 00:00:00','9999-12-31 23:59:59','0000111111111111','01111111','1970-01-01 00:00:00','9999-12-31 23:59:59','0000111111111111','01111111',1,76),(77,0,'2016-09-01 00:00:00','2016-09-01 00:00:00',77,1,NULL,'A','A1','下まつげ４０本',4000,0,'',0,0,0,'1970-01-01 00:00:00','9999-12-31 23:59:59','0000111111111111','01111111','1970-01-01 00:00:00','9999-12-31 23:59:59','0000111111111111','01111111',1,77),(78,0,'2016-09-01 00:00:00','2016-09-01 00:00:00',78,1,NULL,'A','A1','下まつげ５０本',5000,0,'',0,0,0,'1970-01-01 00:00:00','9999-12-31 23:59:59','0000111111111111','01111111','1970-01-01 00:00:00','9999-12-31 23:59:59','0000111111111111','01111111',1,78),(79,0,'2016-09-01 00:00:00','2016-09-01 00:00:00',79,1,NULL,'A','A1','下まつげ６０本',6000,0,'',0,0,0,'1970-01-01 00:00:00','9999-12-31 23:59:59','0000111111111111','01111111','1970-01-01 00:00:00','9999-12-31 23:59:59','0000111111111111','01111111',1,79),(80,0,'2016-09-01 00:00:00','2016-09-01 00:00:00',80,1,NULL,'A','A1','下まつげ７０本',7000,0,'',0,0,0,'1970-01-01 00:00:00','9999-12-31 23:59:59','0000111111111111','01111111','1970-01-01 00:00:00','9999-12-31 23:59:59','0000111111111111','01111111',1,80),(81,0,'2016-09-01 00:00:00','2016-09-01 00:00:00',81,1,NULL,'A','A1','下まつげ８０本',8000,0,'',0,0,0,'1970-01-01 00:00:00','9999-12-31 23:59:59','0000111111111111','01111111','1970-01-01 00:00:00','9999-12-31 23:59:59','0000111111111111','01111111',1,81),(82,0,'2016-09-01 00:00:00','2016-09-01 00:00:00',82,1,NULL,'A','A1','下まつげ９０本',9000,0,'',0,0,0,'1970-01-01 00:00:00','9999-12-31 23:59:59','0000111111111111','01111111','1970-01-01 00:00:00','9999-12-31 23:59:59','0000111111111111','01111111',1,82),(83,0,'2016-09-01 00:00:00','2016-09-01 00:00:00',83,1,NULL,'A','A1','下まつげ１００本',10000,0,'',0,0,0,'1970-01-01 00:00:00','9999-12-31 23:59:59','0000111111111111','01111111','1970-01-01 00:00:00','9999-12-31 23:59:59','0000111111111111','01111111',1,83),(84,0,'2016-09-01 00:00:00','2016-09-01 00:00:00',84,1,NULL,'A','A1','メイクオフ',472,0,'',0,0,0,'1970-01-01 00:00:00','9999-12-31 23:59:59','0000111111111111','01111111','1970-01-01 00:00:00','9999-12-31 23:59:59','0000111111111111','01111111',1,84),(85,0,'2016-09-01 00:00:00','2016-09-01 00:00:00',85,1,NULL,'A','A1','メイクオフ(ウォータープルーフ)',667,0,'',0,0,0,'1970-01-01 00:00:00','9999-12-31 23:59:59','0000111111111111','01111111','1970-01-01 00:00:00','9999-12-31 23:59:59','0000111111111111','01111111',1,85),(86,0,'2016-09-01 00:00:00','2016-09-01 00:00:00',86,1,NULL,'A','A1','ラメエクステ',167,0,'',0,0,0,'1970-01-01 00:00:00','9999-12-31 23:59:59','0000111111111111','01111111','1970-01-01 00:00:00','9999-12-31 23:59:59','0000111111111111','01111111',0,86),(87,0,'2016-09-01 00:00:00','2016-09-01 00:00:00',87,1,NULL,'C','C1','指名料',472,0,'',0,0,0,'1970-01-01 00:00:00','9999-12-31 23:59:59','0000111111111111','01111111','1970-01-01 00:00:00','9999-12-31 23:59:59','0000111111111111','01111111',0,87),(88,0,'2016-09-01 00:00:00','2016-09-01 00:00:00',88,1,NULL,'A','A1','他店リムーブ(他店でエクステされた方)',2000,0,'',0,0,0,'1970-01-01 00:00:00','9999-12-31 23:59:59','0000111111111111','01111111','1970-01-01 00:00:00','9999-12-31 23:59:59','0000111111111111','01111111',1,88),(89,0,'2016-09-01 00:00:00','2016-09-01 00:00:00',89,1,NULL,'A','A1','Blancリムーブ(Blancでエクステされた方)',1000,0,'',0,0,0,'1970-01-01 00:00:00','9999-12-31 23:59:59','0000111111111111','01111111','1970-01-01 00:00:00','9999-12-31 23:59:59','0000111111111111','01111111',1,89),(90,0,'2016-09-01 00:00:00','2016-09-01 00:00:00',90,1,NULL,'A','A1','無料リムーブ(ご新規様に限りリムーブ無料)',0,0,'',0,0,0,'1970-01-01 00:00:00','9999-12-31 23:59:59','0000111111111111','01111111','1970-01-01 00:00:00','9999-12-31 23:59:59','0000111111111111','01111111',1,90),(91,0,'2016-09-01 00:00:00','2016-09-01 00:00:00',91,1,NULL,'A','A1','トリートメント（単品）',1000,0,'',0,0,0,'1970-01-01 00:00:00','9999-12-31 23:59:59','0000111111111111','01111111','1970-01-01 00:00:00','9999-12-31 23:59:59','0000111111111111','01111111',1,91),(92,0,'2016-09-01 00:00:00','2016-09-01 00:00:00',92,1,NULL,'A','A1','トリートメント（リムーブとセット）',750,0,'',0,0,0,'1970-01-01 00:00:00','9999-12-31 23:59:59','0000111111111111','01111111','1970-01-01 00:00:00','9999-12-31 23:59:59','0000111111111111','01111111',1,92),(93,0,'2016-09-01 00:00:00','2016-09-01 00:00:00',93,1,NULL,'A','A1','目元パック（単品）',1000,0,'',0,0,0,'1970-01-01 00:00:00','9999-12-31 23:59:59','0000111111111111','01111111','1970-01-01 00:00:00','9999-12-31 23:59:59','0000111111111111','01111111',1,93),(94,0,'2016-09-01 00:00:00','2016-09-01 00:00:00',94,1,NULL,'A','A1','ハンドパック（単品）',1000,0,'',0,0,0,'1970-01-01 00:00:00','9999-12-31 23:59:59','0000111111111111','01111111','1970-01-01 00:00:00','9999-12-31 23:59:59','0000111111111111','01111111',1,94),(95,0,'2016-09-01 00:00:00','2016-09-01 00:00:00',95,1,NULL,'A','A1','リップパック（単品）',1000,0,'',0,0,0,'1970-01-01 00:00:00','9999-12-31 23:59:59','0000111111111111','01111111','1970-01-01 00:00:00','9999-12-31 23:59:59','0000111111111111','01111111',1,95),(96,0,'2016-09-01 00:00:00','2016-09-01 00:00:00',96,1,NULL,'A','A1','目元パック（２つ以上）',898,0,'',0,0,0,'1970-01-01 00:00:00','9999-12-31 23:59:59','0000111111111111','01111111','1970-01-01 00:00:00','9999-12-31 23:59:59','0000111111111111','01111111',0,96),(97,0,'2016-09-01 00:00:00','2016-09-01 00:00:00',97,1,NULL,'A','A1','ハンドパック（２つ以上）',898,0,'',0,0,0,'1970-01-01 00:00:00','9999-12-31 23:59:59','0000111111111111','01111111','1970-01-01 00:00:00','9999-12-31 23:59:59','0000111111111111','01111111',0,97),(98,0,'2016-09-01 00:00:00','2016-09-01 00:00:00',98,1,NULL,'A','A1','リップパック（２つ以上）',898,0,'',0,0,0,'1970-01-01 00:00:00','9999-12-31 23:59:59','0000111111111111','01111111','1970-01-01 00:00:00','9999-12-31 23:59:59','0000111111111111','01111111',0,98),(99,0,'2016-09-01 00:00:00','2016-09-01 00:00:00',99,1,NULL,'A','A1','トリートメント半額',500,0,'',0,0,0,'1970-01-01 00:00:00','9999-12-31 23:59:59','0000111111111111','01111111','1970-01-01 00:00:00','9999-12-31 23:59:59','0000111111111111','01111111',0,99),(100,0,'2016-09-01 00:00:00','2016-09-01 00:00:00',100,1,NULL,'A','A1','目元半額',500,0,'',0,0,0,'1970-01-01 00:00:00','9999-12-31 23:59:59','0000111111111111','01111111','1970-01-01 00:00:00','9999-12-31 23:59:59','0000111111111111','01111111',0,100),(101,0,'2016-09-01 00:00:00','2016-09-01 00:00:00',101,1,NULL,'A','A1','ハンド半額',500,0,'',0,0,0,'1970-01-01 00:00:00','9999-12-31 23:59:59','0000111111111111','01111111','1970-01-01 00:00:00','9999-12-31 23:59:59','0000111111111111','01111111',0,101),(102,0,'2016-09-01 00:00:00','2016-09-01 00:00:00',102,1,NULL,'A','A1','リップ半額',500,0,'',0,0,0,'1970-01-01 00:00:00','9999-12-31 23:59:59','0000111111111111','01111111','1970-01-01 00:00:00','9999-12-31 23:59:59','0000111111111111','01111111',0,102),(103,0,'2016-09-01 00:00:00','2016-09-01 00:00:00',103,1,NULL,'A','A1','パッチテスト',1000,0,'',0,0,0,'1970-01-01 00:00:00','9999-12-31 23:59:59','0000111111111111','01111111','1970-01-01 00:00:00','9999-12-31 23:59:59','0000111111111111','01111111',1,103),(104,0,'2016-09-01 00:00:00','2016-09-01 00:00:00',104,1,NULL,'A','A1','上カラーエクステセットプラン（60本まで）',1000,0,'',0,0,0,'1970-01-01 00:00:00','9999-12-31 23:59:59','0000111111111111','01111111','1970-01-01 00:00:00','9999-12-31 23:59:59','0000111111111111','01111111',0,104),(105,0,'2016-09-01 00:00:00','2016-09-01 00:00:00',105,1,NULL,'A','A1','上カラーエクステセットプラン61本以降（60本追加）',500,0,'',0,0,0,'1970-01-01 00:00:00','9999-12-31 23:59:59','0000111111111111','01111111','1970-01-01 00:00:00','9999-12-31 23:59:59','0000111111111111','01111111',0,105),(106,0,'2016-09-01 00:00:00','2016-09-01 00:00:00',106,1,NULL,'A','A1','上カラーエクステセットプラン（カラー２色以上）',500,0,'',0,0,0,'1970-01-01 00:00:00','9999-12-31 23:59:59','0000111111111111','01111111','1970-01-01 00:00:00','9999-12-31 23:59:59','0000111111111111','01111111',0,106),(107,0,'2016-09-01 00:00:00','2016-09-01 00:00:00',107,1,NULL,'A','A1','下カラーエクステセットプラン（30本まで）',1000,0,'',0,0,0,'1970-01-01 00:00:00','9999-12-31 23:59:59','0000111111111111','01111111','1970-01-01 00:00:00','9999-12-31 23:59:59','0000111111111111','01111111',0,107),(108,0,'2016-09-01 00:00:00','2016-09-01 00:00:00',108,1,NULL,'A','A1','下カラーエクステセットプラン61本以降（30本追加）',500,0,'',0,0,0,'1970-01-01 00:00:00','9999-12-31 23:59:59','0000111111111111','01111111','1970-01-01 00:00:00','9999-12-31 23:59:59','0000111111111111','01111111',0,108),(109,0,'2016-09-01 00:00:00','2016-09-01 00:00:00',109,1,NULL,'A','A1','下カラーエクステセットプラン（カラー２色以上）',500,0,'',0,0,0,'1970-01-01 00:00:00','9999-12-31 23:59:59','0000111111111111','01111111','1970-01-01 00:00:00','9999-12-31 23:59:59','0000111111111111','01111111',0,109),(110,0,'2016-09-01 00:00:00','2016-09-01 00:00:00',110,1,NULL,'A','A1','10本プレゼント(次回予約)',0,0,'',0,0,0,'1970-01-01 00:00:00','9999-12-31 23:59:59','0000111111111111','01111111','1970-01-01 00:00:00','9999-12-31 23:59:59','0000111111111111','01111111',0,110),(111,0,'2016-09-01 00:00:00','2016-09-01 00:00:00',111,1,NULL,'D','D1','HPBポイント割引',0,0,'',0,0,0,'1970-01-01 00:00:00','9999-12-31 23:59:59','0000111111111111','01111111','1970-01-01 00:00:00','9999-12-31 23:59:59','0000111111111111','01111111',0,111),(112,0,'2016-09-01 00:00:00','2016-09-01 00:00:00',112,1,NULL,'D','D1','従業員割引（初回）',7389,0,'',0,0,0,'1970-01-01 00:00:00','9999-12-31 23:59:59','0000111111111111','01111111','1970-01-01 00:00:00','9999-12-31 23:59:59','0000111111111111','01111111',0,112),(113,0,'2016-09-01 00:00:00','2016-09-01 00:00:00',113,1,NULL,'D','D1','従業員割引（2回目以降）',0,0,'',0,0,0,'1970-01-01 00:00:00','9999-12-31 23:59:59','0000111111111111','01111111','1970-01-01 00:00:00','9999-12-31 23:59:59','0000111111111111','01111111',0,113),(114,0,'2016-09-01 00:00:00','2016-09-01 00:00:00',114,1,NULL,'A','A1','口コミ友人上まつげ',2778,0,'',0,0,0,'1970-01-01 00:00:00','9999-12-31 23:59:59','0000111111111111','01111111','1970-01-01 00:00:00','9999-12-31 23:59:59','0000111111111111','01111111',0,114),(115,0,'2016-09-01 00:00:00','2016-09-01 00:00:00',115,1,NULL,'D','D2','口コミ友人オプション半額割引額',0,0,'',0,0,0,'1970-01-01 00:00:00','9999-12-31 23:59:59','0000111111111111','01111111','1970-01-01 00:00:00','9999-12-31 23:59:59','0000111111111111','01111111',0,115),(116,0,'2016-09-01 00:00:00','2016-09-01 00:00:00',116,1,NULL,'A','A1','上まつげ100本（クインテッド優待チケット）',5000,0,'',0,0,0,'1970-01-01 00:00:00','9999-12-31 23:59:59','0000111111111111','01111111','1970-01-01 00:00:00','9999-12-31 23:59:59','0000111111111111','01111111',0,116),(117,0,'2016-09-01 00:00:00','2016-09-01 00:00:00',117,1,NULL,'A','A1','上まつげ160本（ベネフィットワン優待）',7389,0,'',0,0,0,'1970-01-01 00:00:00','9999-12-31 23:59:59','0000111111111111','01111111','1970-01-01 00:00:00','9999-12-31 23:59:59','0000111111111111','01111111',0,117),(118,0,'2016-09-01 00:00:00','2016-09-01 00:00:00',118,1,NULL,'A','A1','上まつげ100本（取引先チケット）',5000,0,'',0,0,0,'1970-01-01 00:00:00','9999-12-31 23:59:59','0000111111111111','01111111','1970-01-01 00:00:00','9999-12-31 23:59:59','0000111111111111','01111111',0,118),(119,0,'2016-09-01 00:00:00','2016-09-01 00:00:00',119,1,NULL,'A','A1','お直し',0,0,'',0,0,0,'1970-01-01 00:00:00','9999-12-31 23:59:59','0000111111111111','01111111','1970-01-01 00:00:00','9999-12-31 23:59:59','0000111111111111','01111111',0,119),(120,0,'2016-09-01 00:00:00','2016-09-01 00:00:00',120,1,NULL,'A','A1','他店リムーブ無料',0,0,'',0,0,0,'1970-01-01 00:00:00','9999-12-31 23:59:59','0000111111111111','01111111','1970-01-01 00:00:00','9999-12-31 23:59:59','0000111111111111','01111111',0,120),(121,0,'2016-09-01 00:00:00','2016-09-01 00:00:00',121,1,NULL,'A','A1','【初回】眉スタイリング',5000,0,'',0,0,0,'1970-01-01 00:00:00','9999-12-31 23:59:59','0000111111111111','01111111','1970-01-01 00:00:00','9999-12-31 23:59:59','0000111111111111','01111111',1,121),(122,0,'2016-09-01 00:00:00','2016-09-01 00:00:00',122,1,NULL,'A','A1','【2回目以降】眉スタイリング　キープ',4000,0,'',0,0,0,'1970-01-01 00:00:00','9999-12-31 23:59:59','0000111111111111','01111111','1970-01-01 00:00:00','9999-12-31 23:59:59','0000111111111111','01111111',1,122),(123,0,'2016-09-01 00:00:00','2016-09-01 00:00:00',123,1,NULL,'A','A1','眉スタイリング（カット・ツィジングのみ）',3000,0,'',0,0,0,'1970-01-01 00:00:00','9999-12-31 23:59:59','0000111111111111','01111111','1970-01-01 00:00:00','9999-12-31 23:59:59','0000111111111111','01111111',1,123),(124,0,'2016-09-01 00:00:00','2016-09-01 00:00:00',124,1,NULL,'A','A1','【エクステセット】眉スタイリング',4000,0,'',0,0,0,'1970-01-01 00:00:00','9999-12-31 23:59:59','0000111111111111','01111111','1970-01-01 00:00:00','9999-12-31 23:59:59','0000111111111111','01111111',1,124),(125,0,'2016-09-01 00:00:00','2016-09-01 00:00:00',125,1,NULL,'A','A1','【エクステセット】眉スタイリング　キープ',3000,0,'',0,0,0,'1970-01-01 00:00:00','9999-12-31 23:59:59','0000111111111111','01111111','1970-01-01 00:00:00','9999-12-31 23:59:59','0000111111111111','01111111',1,125),(126,0,'2016-09-01 00:00:00','2016-09-01 00:00:00',126,1,NULL,'A','A1','【初回無料】生コラーゲンポイントエステ（涙袋）',0,0,'',0,0,0,'1970-01-01 00:00:00','9999-12-31 23:59:59','0000111111111111','01111111','1970-01-01 00:00:00','9999-12-31 23:59:59','0000111111111111','01111111',1,126),(127,0,'2016-09-01 00:00:00','2016-09-01 00:00:00',127,1,NULL,'A','A1','【初回無料】生コラーゲンポイントエステ（目の上）',0,0,'',0,0,0,'1970-01-01 00:00:00','9999-12-31 23:59:59','0000111111111111','01111111','1970-01-01 00:00:00','9999-12-31 23:59:59','0000111111111111','01111111',1,127),(128,0,'2016-09-01 00:00:00','2016-09-01 00:00:00',128,1,NULL,'A','A1','【初回無料】生コラーゲンポイントエステ（目尻）',0,0,'',0,0,0,'1970-01-01 00:00:00','9999-12-31 23:59:59','0000111111111111','01111111','1970-01-01 00:00:00','9999-12-31 23:59:59','0000111111111111','01111111',1,128),(129,0,'2016-09-01 00:00:00','2016-09-01 00:00:00',129,1,NULL,'A','A1','【初回無料】生コラーゲンポイントエステ（ほうれい線）',0,0,'',0,0,0,'1970-01-01 00:00:00','9999-12-31 23:59:59','0000111111111111','01111111','1970-01-01 00:00:00','9999-12-31 23:59:59','0000111111111111','01111111',1,129),(130,0,'2016-09-01 00:00:00','2016-09-01 00:00:00',130,1,NULL,'A','A1','【初回価格】生コラーゲン顔全体エステ',926,0,'',0,0,0,'1970-01-01 00:00:00','9999-12-31 23:59:59','0000111111111111','01111111','1970-01-01 00:00:00','9999-12-31 23:59:59','0000111111111111','01111111',1,130),(131,0,'2016-09-01 00:00:00','2016-09-01 00:00:00',131,1,NULL,'A','A1','生コラーゲンポイントエステ（涙袋）',463,0,'',0,0,0,'1970-01-01 00:00:00','9999-12-31 23:59:59','0000111111111111','01111111','1970-01-01 00:00:00','9999-12-31 23:59:59','0000111111111111','01111111',1,131),(132,0,'2016-09-01 00:00:00','2016-09-01 00:00:00',132,1,NULL,'A','A1','生コラーゲンポイントエステ（目の上）',463,0,'',0,0,0,'1970-01-01 00:00:00','9999-12-31 23:59:59','0000111111111111','01111111','1970-01-01 00:00:00','9999-12-31 23:59:59','0000111111111111','01111111',1,132),(133,0,'2016-09-01 00:00:00','2016-09-01 00:00:00',133,1,NULL,'A','A1','生コラーゲンポイントエステ（目尻）',463,0,'',0,0,0,'1970-01-01 00:00:00','9999-12-31 23:59:59','0000111111111111','01111111','1970-01-01 00:00:00','9999-12-31 23:59:59','0000111111111111','01111111',1,133),(134,0,'2016-09-01 00:00:00','2016-09-01 00:00:00',134,1,NULL,'A','A1','生コラーゲンポイントエステ（ほうれい線）',463,0,'',0,0,0,'1970-01-01 00:00:00','9999-12-31 23:59:59','0000111111111111','01111111','1970-01-01 00:00:00','9999-12-31 23:59:59','0000111111111111','01111111',1,134),(135,0,'2016-09-01 00:00:00','2016-09-01 00:00:00',135,1,NULL,'A','A1','生コラーゲン顔全体エステ',2778,0,'',0,0,0,'1970-01-01 00:00:00','9999-12-31 23:59:59','0000111111111111','01111111','1970-01-01 00:00:00','9999-12-31 23:59:59','0000111111111111','01111111',1,135),(136,0,'2016-09-01 00:00:00','2016-09-01 00:00:00',136,1,NULL,'B','B1','マスカラ',2000,0,'',0,0,0,'1970-01-01 00:00:00','9999-12-31 23:59:59','0000111111111111','01111111','1970-01-01 00:00:00','9999-12-31 23:59:59','0000111111111111','01111111',0,136),(137,0,'2016-09-01 00:00:00','2016-09-01 00:00:00',137,1,NULL,'B','B1','ライナー',2700,0,'',0,0,0,'1970-01-01 00:00:00','9999-12-31 23:59:59','0000111111111111','01111111','1970-01-01 00:00:00','9999-12-31 23:59:59','0000111111111111','01111111',0,137),(138,0,'2016-09-01 00:00:00','2016-09-01 00:00:00',138,1,NULL,'B','B1','ラッシュコーム',398,0,'',0,0,0,'1970-01-01 00:00:00','9999-12-31 23:59:59','0000111111111111','01111111','1970-01-01 00:00:00','9999-12-31 23:59:59','0000111111111111','01111111',0,138),(139,0,'2016-09-01 00:00:00','2016-09-01 00:00:00',139,1,NULL,'A','B1','Moiアイラッシュセラム',4000,0,'',0,0,0,'1970-01-01 00:00:00','9999-12-31 23:59:59','0000111111111111','01111111','1970-01-01 00:00:00','9999-12-31 23:59:59','0000111111111111','01111111',0,139),(140,0,'2016-09-01 00:00:00','2016-09-01 00:00:00',140,1,NULL,'A','B1','Blancオリジナルラッシュコーム',600,0,'',0,0,0,'1970-01-01 00:00:00','9999-12-31 23:59:59','0000111111111111','01111111','1970-01-01 00:00:00','9999-12-31 23:59:59','0000111111111111','01111111',0,140),(141,0,'2016-09-01 00:00:00','2016-09-01 00:00:00',141,1,NULL,'A','B1','Moiダブルクレンジング（J）',3333,0,'',0,0,0,'1970-01-01 00:00:00','9999-12-31 23:59:59','0000111111111111','01111111','1970-01-01 00:00:00','9999-12-31 23:59:59','0000111111111111','01111111',0,141),(142,0,'2016-09-01 00:00:00','2016-09-01 00:00:00',142,1,NULL,'A','B1','Moiダブルクレンジング（RH）',3333,0,'',0,0,0,'1970-01-01 00:00:00','9999-12-31 23:59:59','0000111111111111','01111111','1970-01-01 00:00:00','9999-12-31 23:59:59','0000111111111111','01111111',0,142),(143,0,'2016-09-01 00:00:00','2016-09-01 00:00:00',143,1,NULL,'A','B1','Moiダブルクレンジング ミニボトル（J）',296,0,'',0,0,0,'1970-01-01 00:00:00','9999-12-31 23:59:59','0000111111111111','01111111','1970-01-01 00:00:00','9999-12-31 23:59:59','0000111111111111','01111111',0,143),(144,0,'2016-09-01 00:00:00','2016-09-01 00:00:00',144,1,NULL,'A','B1','Moiダブルクレンジング ミニボトル（RH）',296,0,'',0,0,0,'1970-01-01 00:00:00','9999-12-31 23:59:59','0000111111111111','01111111','1970-01-01 00:00:00','9999-12-31 23:59:59','0000111111111111','01111111',0,144),(145,0,'2016-09-01 00:00:00','2016-09-01 00:00:00',145,1,NULL,'A','B1','Moiオリジナルマスカラ',2000,0,'',0,0,0,'1970-01-01 00:00:00','9999-12-31 23:59:59','0000111111111111','01111111','1970-01-01 00:00:00','9999-12-31 23:59:59','0000111111111111','01111111',0,145),(146,0,'2016-09-01 00:00:00','2016-09-01 00:00:00',146,1,NULL,'A','B1','Moiオリジナルアイライナー',2500,0,'',0,0,0,'1970-01-01 00:00:00','9999-12-31 23:59:59','0000111111111111','01111111','1970-01-01 00:00:00','9999-12-31 23:59:59','0000111111111111','01111111',0,146),(147,0,'2016-09-01 00:00:00','2016-09-01 00:00:00',147,1,NULL,'A','B1','サクラ プチケア コンタクトケース',100,0,'',0,0,0,'1970-01-01 00:00:00','9999-12-31 23:59:59','0000111111111111','01111111','1970-01-01 00:00:00','9999-12-31 23:59:59','0000111111111111','01111111',0,147),(148,0,'2016-09-01 00:00:00','2016-09-01 00:00:00',148,1,NULL,'A','A1','4D　60本',2000,0,'',0,0,0,'1970-01-01 00:00:00','9999-12-31 23:59:59','0000111111111111','01111111','1970-01-01 00:00:00','9999-12-31 23:59:59','0000111111111111','01111111',0,148),(149,0,'2016-09-01 00:00:00','2016-09-01 00:00:00',149,1,NULL,'A','A1','4D　120本',4000,0,'',0,0,0,'1970-01-01 00:00:00','9999-12-31 23:59:59','0000111111111111','01111111','1970-01-01 00:00:00','9999-12-31 23:59:59','0000111111111111','01111111',0,149),(150,0,'2016-09-01 00:00:00','2016-09-01 00:00:00',150,1,NULL,'A','A1','4D　無制限',5000,0,'',0,0,0,'1970-01-01 00:00:00','9999-12-31 23:59:59','0000111111111111','01111111','1970-01-01 00:00:00','9999-12-31 23:59:59','0000111111111111','01111111',0,150),(151,0,'2016-09-01 00:00:00','2016-09-01 00:00:00',151,1,NULL,'A','A1','4D　友人モデル',1852,0,'',0,0,0,'1970-01-01 00:00:00','9999-12-31 23:59:59','0000111111111111','01111111','1970-01-01 00:00:00','9999-12-31 23:59:59','0000111111111111','01111111',0,151),(152,1,'2016-09-01 00:00:00','2016-09-01 00:00:00',152,1,NULL,'A','A1','【ご新規様】オープニングキャンペーン50%off　上まつげ80本',3889,0,'',0,0,0,'2016-08-22 00:00:00','2016-08-31 00:00:00','0000111111111111','01111111','2016-08-22 00:00:00','2016-08-31 00:00:00','0000111111111111','01111111',1,152),(153,1,'2016-09-01 00:00:00','2016-09-01 00:00:00',153,1,NULL,'A','A1','【ご新規様】オープニングキャンペーン50%off　上まつげ120本までつけ放題',6000,0,'',0,0,0,'2016-08-22 00:00:00','2016-08-31 00:00:00','0000111111111111','01111111','2016-08-22 00:00:00','2016-08-31 00:00:00','0000111111111111','01111111',1,153),(154,1,'2016-09-01 00:00:00','2016-09-01 00:00:00',154,1,NULL,'A','A1','【ご新規様】オープニングキャンペーン50%off　上まつげ140本までつけ放題',7000,0,'',0,0,0,'2016-08-22 00:00:00','2016-08-31 00:00:00','0000111111111111','01111111','2016-08-22 00:00:00','2016-08-31 00:00:00','0000111111111111','01111111',1,154),(155,1,'2016-09-01 00:00:00','2016-09-01 00:00:00',155,1,NULL,'A','A1','【全員】美眉スタリング',4000,0,'',0,0,0,'1970-01-01 00:00:00','9999-12-31 23:59:59','0000111111111111','01111111','1970-01-01 00:00:00','9999-12-31 23:59:59','0000111111111111','01111111',1,155),(156,1,'2016-09-01 00:00:00','2016-09-01 00:00:00',156,1,NULL,'A','A1','【2回目ご来店の方】　上まつげ80本　オフ別途',5537,0,'',0,0,0,'1970-01-01 00:00:00','9999-12-31 23:59:59','0000111111111111','01111111','1970-01-01 00:00:00','9999-12-31 23:59:59','0000111111111111','01111111',1,156),(157,1,'2016-09-01 00:00:00','2016-09-01 00:00:00',157,1,NULL,'A','A1','【2回目ご来店の方】　上まつげ120本　オフ別途',8315,0,'',0,0,0,'1970-01-01 00:00:00','9999-12-31 23:59:59','0000111111111111','01111111','1970-01-01 00:00:00','9999-12-31 23:59:59','0000111111111111','01111111',1,157),(158,1,'2016-09-01 00:00:00','2016-09-01 00:00:00',158,1,NULL,'A','A1','【ご新規様】下まつげ30本',2759,0,'',0,0,0,'1970-01-01 00:00:00','9999-12-31 23:59:59','0000111111111111','01111111','1970-01-01 00:00:00','9999-12-31 23:59:59','0000111111111111','01111111',1,158),(159,1,'2016-09-01 00:00:00','2016-09-01 00:00:00',159,1,NULL,'A','A1','【ご新規様】美眉スタリング',3000,0,'',0,0,0,'1970-01-01 00:00:00','9999-12-31 23:59:59','0000111111111111','01111111','1970-01-01 00:00:00','9999-12-31 23:59:59','0000111111111111','01111111',1,159),(160,0,'2016-09-01 00:00:00','2016-09-01 00:00:00',160,1,NULL,'A','A1','【顧客様】上まつげ120本(オフ代別途)',8315,0,'',0,0,0,'2016-08-22 00:00:00','2016-11-30 00:00:00','0000111111111111','01111111','2016-08-22 00:00:00','2016-11-30 00:00:00','0000111111111111','01111111',1,160),(161,0,'2016-09-01 00:00:00','2016-09-01 00:00:00',161,1,NULL,'A','A1','【顧客様】学生様限定！！上まつげ120本　(オフ代別途)',4630,0,'',0,0,0,'1970-01-01 00:00:00','9999-12-31 23:59:59','0000111111111111','01111111','1970-01-01 00:00:00','9999-12-31 23:59:59','0000111111111111','01111111',1,161),(162,0,'2016-09-01 00:00:00','2016-09-01 00:00:00',162,1,NULL,'A','A1','新生活応援キャンペーン上まつげつけ放題',9000,0,'',0,0,0,'1970-01-01 00:00:00','9999-12-31 23:59:59','0000111111111111','01111111','1970-01-01 00:00:00','9999-12-31 23:59:59','0000111111111111','01111111',0,162),(163,0,'2016-09-01 00:00:00','2016-09-01 00:00:00',163,1,NULL,'A','A1','新生活応援キャンペーン下まつげつけ放題',4500,0,'',0,0,0,'1970-01-01 00:00:00','9999-12-31 23:59:59','0000111111111111','01111111','1970-01-01 00:00:00','9999-12-31 23:59:59','0000111111111111','01111111',0,163),(164,0,'2016-09-01 00:00:00','2016-09-01 00:00:00',164,1,NULL,'A','A1','ブライダルコース エクステ(上)',9000,0,'',0,0,0,'1970-01-01 00:00:00','9999-12-31 23:59:59','0000010101010101','01111111','1970-01-01 00:00:00','9999-12-31 23:59:59','0000010101010101','01111111',1,165),(165,0,'2016-09-01 00:00:00','2016-09-01 00:00:00',165,1,NULL,'A','A1','ブライダルコース エクステ(下)',4000,0,'',0,0,0,'1970-01-01 00:00:00','9999-12-31 23:59:59','0000010101010101','01111111','1970-01-01 00:00:00','9999-12-31 23:59:59','0000010101010101','01111111',1,166),(166,0,'2016-09-01 00:00:00','2016-09-01 00:00:00',166,1,NULL,'A','A1','ブライダルコース エクステ(上・下)',12000,0,'',0,0,0,'1970-01-01 00:00:00','9999-12-31 23:59:59','0000010101010101','01111111','1970-01-01 00:00:00','9999-12-31 23:59:59','0000010101010101','01111111',1,167),(167,0,'2016-09-01 00:00:00','2016-09-01 00:00:00',167,1,NULL,'A','A1','ブライダルコース エクステ(上・アイブロウ)',12000,0,'',0,0,0,'1970-01-01 00:00:00','9999-12-31 23:59:59','0000010101010101','01111111','1970-01-01 00:00:00','9999-12-31 23:59:59','0000010101010101','01111111',1,168),(168,0,'2016-09-01 00:00:00','2016-09-01 00:00:00',168,1,NULL,'A','A1','新生活応援キャンペーン上下つけ放題',12000,0,'',0,0,0,'1970-01-01 00:00:00','9999-12-31 23:59:59','0000111111111111','01111111','1970-01-01 00:00:00','9999-12-31 23:59:59','0000111111111111','01111111',0,164),(169,1,'2016-09-01 00:00:00','2016-09-01 00:00:00',169,1,NULL,'A','A1','【ご新規様】オープニングキャンペーン50%off　上80本＋下30本',6648,0,'',0,0,0,'2016-08-22 00:00:00','2016-08-31 00:00:00','0000111111111111','01111111','2016-08-22 00:00:00','2016-08-31 00:00:00','0000111111111111','01111111',1,169),(170,1,'2016-09-01 00:00:00','2016-09-01 00:00:00',170,1,NULL,'A','A1','【ご新規様】オープニングキャンペーン50%off　上まつげ120本(60本までカラーエクステに変更可能)',7000,0,'',0,0,0,'2016-08-22 00:00:00','2016-08-31 00:00:00','0000111111111111','01111111','2016-08-22 00:00:00','2016-08-31 00:00:00','0000111111111111','01111111',1,170),(171,0,'2016-09-01 00:00:00','2016-09-01 00:00:00',171,1,NULL,'A','A1','【ご新規様】秋のビューティーアップキャンペーン　上まつげ160本までつけ放題(9/1～)',9000,0,'',0,0,0,'2016-08-31 00:00:00','2016-11-30 00:00:00','0000111111111111','01111111','2016-09-01 00:00:00','2016-11-30 00:00:00','0000111111111111','01111111',1,171),(172,0,'2016-09-01 00:00:00','2016-09-01 00:00:00',172,1,NULL,'A','A1','【ご新規様】秋のビューティーアップキャンペーン　下まつげ80本までつけ放題(9/1～)',4000,0,'',0,0,0,'2016-08-31 00:00:00','2016-11-30 00:00:00','0000111111111111','01111111','2016-09-01 00:00:00','2016-11-30 00:00:00','0000111111111111','01111111',1,172),(173,0,'2016-09-01 00:00:00','2016-09-01 00:00:00',173,1,NULL,'A','A1','【ご新規様】秋のビューティーアップキャンペーン　上まつげ160本まで＋下まつげ80本までつけ放題(9/1～)',12000,0,'',0,0,0,'2016-08-31 00:00:00','2016-11-30 00:00:00','0000111111111111','01111111','2016-09-01 00:00:00','2016-11-30 00:00:00','0000111111111111','01111111',1,173),(174,0,'2016-09-01 00:00:00','2016-09-01 00:00:00',174,1,NULL,'A','A1','【ご新規様】秋のビューティーアップキャンペーン　上まつげ160本まで＋美眉スタイリング(9/1～)',12000,0,'',0,0,0,'2016-08-31 00:00:00','2016-11-30 00:00:00','0000111111111111','01111111','2016-09-01 00:00:00','2016-11-30 00:00:00','0000111111111111','01111111',1,174),(175,0,'2016-09-01 00:00:00','2016-09-01 00:00:00',175,1,NULL,'A','A1','【顧客様】秋のビューティーアップキャンペーン　上まつげ160本までつけ放題(9/1～)',9000,0,'',0,0,0,'2016-08-31 00:00:00','2016-11-30 00:00:00','0000111111111111','01111111','2016-09-01 00:00:00','2016-11-30 00:00:00','0000111111111111','01111111',1,175),(176,0,'2016-09-01 00:00:00','2016-09-01 00:00:00',176,1,NULL,'A','A1','【顧客様】秋のビューティーアップキャンペーン　下まつげ80本までつけ放題(9/1～)',4000,0,'',0,0,0,'2016-08-31 00:00:00','2016-11-30 00:00:00','0000111111111111','01111111','2016-09-01 00:00:00','2016-11-30 00:00:00','0000111111111111','01111111',1,176),(177,0,'2016-09-01 00:00:00','2016-09-01 00:00:00',177,1,NULL,'A','A1','【顧客様】秋のビューティーアップキャンペーン　上まつげ160本まで＋下まつげ80本までつけ放題(9/1～)',12000,0,'',0,0,0,'2016-08-31 00:00:00','2016-11-30 00:00:00','0000111111111111','01111111','2016-09-01 00:00:00','2016-11-30 00:00:00','0000111111111111','01111111',1,177),(178,0,'2016-09-01 00:00:00','2016-09-01 00:00:00',178,1,NULL,'A','A1','【顧客様】秋のビューティーアップキャンペーン　上まつげ160本まで＋美眉スタイリング(9/1～)',12000,0,'',0,0,0,'2016-08-31 00:00:00','2016-11-30 00:00:00','0000111111111111','01111111','2016-09-01 00:00:00','2016-11-30 00:00:00','0000111111111111','01111111',1,178),(179,1,'2016-09-01 00:00:00','2016-09-01 00:00:00',179,1,NULL,'A','A1','【ご新規様】大人気4Dエクステ100束(約400本)　オフ＆アイシャンプー込み',11111,0,'',0,0,0,'1970-01-01 00:00:00','9999-12-31 23:59:59','0000111111111111','01111111','1970-01-01 00:00:00','9999-12-31 23:59:59','0000111111111111','01111111',1,179),(180,1,'2016-09-01 00:00:00','2016-09-01 00:00:00',180,1,NULL,'A','A1','【ご新規様】大人気4Dエクステ＆シングルMIX(約280本)　オフ込み',9111,0,'',0,0,0,'1970-01-01 00:00:00','9999-12-31 23:59:59','0000111111111111','01111111','1970-01-01 00:00:00','9999-12-31 23:59:59','0000111111111111','01111111',1,180),(181,1,'2016-09-01 00:00:00','2016-09-01 00:00:00',181,1,NULL,'A','A1','【ご新規様・2回目ご来店の方】　上まつげ80本　オフ込み',5537,0,'',0,0,0,'1970-01-01 00:00:00','9999-12-31 23:59:59','0000111111111111','01111111','1970-01-01 00:00:00','9999-12-31 23:59:59','0000111111111111','01111111',1,181),(182,1,'2016-09-01 00:00:00','2016-09-01 00:00:00',182,1,NULL,'A','A1','【ご新規様・2回目ご来店の方】　上まつげ120本　オフ込み',8315,0,'',0,0,0,'1970-01-01 00:00:00','9999-12-31 23:59:59','0000111111111111','01111111','1970-01-01 00:00:00','9999-12-31 23:59:59','0000111111111111','01111111',1,182),(183,0,'2016-09-01 00:00:00','2016-09-01 00:00:00',183,1,NULL,'A','A1','【ご新規様】ナチュラルなお目元♪上まつげ80本　オフ込み',4000,0,'',0,0,0,'2016-08-22 00:00:00','2016-11-30 00:00:00','0000111111111111','01111111','2016-08-22 00:00:00','2016-11-30 00:00:00','0000111111111111','01111111',1,183),(184,0,'2016-09-01 00:00:00','2016-09-01 00:00:00',184,1,NULL,'A','A1','【ご新規様】自然なパッチリ感☆上まつげ120本　オフ込み',6000,0,'',0,0,0,'2016-08-22 00:00:00','2016-11-30 00:00:00','0000111111111111','01111111','2016-08-22 00:00:00','2016-11-30 00:00:00','0000111111111111','01111111',1,184),(185,0,'2016-09-01 00:00:00','2016-09-01 00:00:00',185,1,NULL,'A','A1','【ご新規様】メイク崩れ防止に！下まつげ30本　オフ込み',2759,0,'',0,0,0,'1970-01-01 00:00:00','9999-12-31 23:59:59','0000111111111111','01111111','1970-01-01 00:00:00','9999-12-31 23:59:59','0000111111111111','01111111',1,185),(186,0,'2016-09-01 00:00:00','2016-09-01 00:00:00',186,1,NULL,'A','A1','【ご新規様】話題沸騰！4Dエクステ60束(約240本)＋シングル40本　オフ込み',7000,0,'',0,0,0,'1970-01-01 00:00:00','9999-12-31 23:59:59','0000111111111111','01111111','1970-01-01 00:00:00','9999-12-31 23:59:59','0000111111111111','01111111',1,186),(187,0,'2016-09-01 00:00:00','2016-09-01 00:00:00',187,1,NULL,'A','A1','【ご新規様】カラーエクステ60本＋ブラックエクステ60本　オフ込み',7000,0,'',0,0,0,'1970-01-01 00:00:00','9999-12-31 23:59:59','0000111111111111','01111111','1970-01-01 00:00:00','9999-12-31 23:59:59','0000111111111111','01111111',1,187),(188,0,'2016-09-01 00:00:00','2016-09-01 00:00:00',188,1,NULL,'A','A1','【ご新規様】上まつげ80本＋美眉スタイリング　オフ込み',8000,0,'',0,0,0,'2016-08-22 00:00:00','2016-11-30 00:00:00','0000111111111111','01111111','2016-08-22 00:00:00','2016-11-30 00:00:00','0000111111111111','01111111',1,188),(189,0,'2016-09-01 00:00:00','2016-09-01 00:00:00',189,1,NULL,'A','A1','【ご新規様】学生様限定！！上まつげ120本　オフ込み',4630,0,'',0,0,0,'1970-01-01 00:00:00','9999-12-31 23:59:59','0000111111111111','01111111','1970-01-01 00:00:00','9999-12-31 23:59:59','0000111111111111','01111111',1,189),(190,0,'2016-09-01 00:00:00','2016-09-01 00:00:00',190,1,NULL,'E','E1','事前設定し忘れたメニュー',3000,0,'',0,0,0,'1970-01-01 00:00:00','9999-12-31 23:59:59','0000111111111111','01111111','1970-01-01 00:00:00','9999-12-31 23:59:59','0000111111111111','01111111',0,190),(191,0,'2016-09-01 00:00:00','2016-09-01 00:00:00',191,1,NULL,'D','D1','一括割引きメニュー',0,0,'',0,0,0,'1970-01-01 00:00:00','9999-12-31 23:59:59','0000111111111111','01111111','1970-01-01 00:00:00','9999-12-31 23:59:59','0000111111111111','01111111',0,191);
/*!40000 ALTER TABLE `menu_entity4shops` ENABLE KEYS */;
UNLOCK TABLES;

--
-- Table structure for table `menu_units`
--

DROP TABLE IF EXISTS `menu_units`;
/*!40101 SET @saved_cs_client     = @@character_set_client */;
/*!40101 SET character_set_client = utf8 */;
CREATE TABLE `menu_units` (
  `id` int(11) NOT NULL AUTO_INCREMENT,
  `del_flg` tinyint(1) unsigned NOT NULL DEFAULT '0',
  `created` datetime NOT NULL,
  `modified` datetime NOT NULL,
  `contractors_id` int(11) NOT NULL,
  `specific_code` varchar(50) DEFAULT NULL COMMENT '特殊コード\nオーナーが自身の影響範囲下にある要素に対して、定義できるコード',
  `name` varchar(100) NOT NULL DEFAULT '' COMMENT 'メニュー名',
  `description` text NOT NULL COMMENT 'メニュー詳細',
  `price` int(11) NOT NULL DEFAULT '0' COMMENT '定価（税抜）',
  `rate` int(11) NOT NULL DEFAULT '0' COMMENT '基本割引（割増）率',
  `seq` int(11) NOT NULL COMMENT '表示順',
  PRIMARY KEY (`id`),
  KEY `fk_menu_units_contractors1_idx` (`contractors_id`),
  CONSTRAINT `fk_menu_units_contractors1` FOREIGN KEY (`contractors_id`) REFERENCES `contractors` (`id`) ON DELETE NO ACTION ON UPDATE NO ACTION
) ENGINE=InnoDB AUTO_INCREMENT=192 DEFAULT CHARSET=utf8;
/*!40101 SET character_set_client = @saved_cs_client */;

--
-- Dumping data for table `menu_units`
--

LOCK TABLES `menu_units` WRITE;
/*!40000 ALTER TABLE `menu_units` DISABLE KEYS */;
INSERT INTO `menu_units` VALUES (1,0,'2016-09-01 00:00:00','2016-09-01 00:00:00',0,NULL,'【ご新規様・2回目ご来店の方】上まつげ　80本','',5537,0,1),(2,0,'2016-09-01 00:00:00','2016-09-01 00:00:00',0,NULL,'【ご新規様・2回目ご来店の方】上まつげ　90本','',6324,0,2),(3,0,'2016-09-01 00:00:00','2016-09-01 00:00:00',0,NULL,'【ご新規様・2回目ご来店の方】上まつげ　100本','',7111,0,3),(4,0,'2016-09-01 00:00:00','2016-09-01 00:00:00',0,NULL,'【ご新規様・2回目ご来店の方】上まつげ　110本','',7898,0,4),(5,0,'2016-09-01 00:00:00','2016-09-01 00:00:00',0,NULL,'【ご新規様・2回目ご来店の方】上まつげ　120本','',8315,0,5),(6,0,'2016-09-01 00:00:00','2016-09-01 00:00:00',0,NULL,'【ご新規様・2回目ご来店の方】上まつげ　130本','',9102,0,6),(7,0,'2016-09-01 00:00:00','2016-09-01 00:00:00',0,NULL,'【ご新規様・2回目ご来店の方】上まつげ　140本','',9889,0,7),(8,0,'2016-09-01 00:00:00','2016-09-01 00:00:00',0,NULL,'【ご新規様・2回目ご来店の方】上まつげ　150本','',10676,0,8),(9,0,'2016-09-01 00:00:00','2016-09-01 00:00:00',0,NULL,'【ご新規様・2回目ご来店の方】上まつげ　160本','',11463,0,9),(10,0,'2016-09-01 00:00:00','2016-09-01 00:00:00',0,NULL,'【ご新規様・2回目ご来店の方】上まつげ　170本','',12250,0,10),(11,0,'2016-09-01 00:00:00','2016-09-01 00:00:00',0,NULL,'【ご新規様・2回目ご来店の方】上まつげ　180本','',13037,0,11),(12,0,'2016-09-01 00:00:00','2016-09-01 00:00:00',0,NULL,'【ご新規様・2回目ご来店の方】上まつげ　190本','',13824,0,12),(13,0,'2016-09-01 00:00:00','2016-09-01 00:00:00',0,NULL,'【ご新規様・2回目ご来店の方】上まつげ　200本','',14611,0,13),(14,0,'2016-09-01 00:00:00','2016-09-01 00:00:00',0,NULL,'【ご新規様・2回目ご来店の方】上まつげ追加1本','',79,0,14),(15,0,'2016-09-01 00:00:00','2016-09-01 00:00:00',0,NULL,'上まつげ　１0本　定価','',1000,0,15),(16,0,'2016-09-01 00:00:00','2016-09-01 00:00:00',0,NULL,'上まつげ　２0本　定価','',2000,0,16),(17,0,'2016-09-01 00:00:00','2016-09-01 00:00:00',0,NULL,'上まつげ　３0本　定価','',3000,0,17),(18,0,'2016-09-01 00:00:00','2016-09-01 00:00:00',0,NULL,'上まつげ　40本　定価','',4000,0,18),(19,0,'2016-09-01 00:00:00','2016-09-01 00:00:00',0,NULL,'上まつげ　50本　定価','',5000,0,19),(20,0,'2016-09-01 00:00:00','2016-09-01 00:00:00',0,NULL,'上まつげ　60本　定価','',6000,0,20),(21,0,'2016-09-01 00:00:00','2016-09-01 00:00:00',0,NULL,'上まつげ　70本　定価','',7000,0,21),(22,0,'2016-09-01 00:00:00','2016-09-01 00:00:00',0,NULL,'上まつげ　80本　定価','',8000,0,22),(23,0,'2016-09-01 00:00:00','2016-09-01 00:00:00',0,NULL,'上まつげ　90本　定価','',9000,0,23),(24,0,'2016-09-01 00:00:00','2016-09-01 00:00:00',0,NULL,'上まつげ　100本　定価','',10000,0,24),(25,0,'2016-09-01 00:00:00','2016-09-01 00:00:00',0,NULL,'上まつげ　110本　定価','',11000,0,25),(26,0,'2016-09-01 00:00:00','2016-09-01 00:00:00',0,NULL,'上まつげ　120本　定価','',12000,0,26),(27,0,'2016-09-01 00:00:00','2016-09-01 00:00:00',0,NULL,'上まつげ　130本　定価','',13000,0,27),(28,0,'2016-09-01 00:00:00','2016-09-01 00:00:00',0,NULL,'上まつげ　140本　定価','',14000,0,28),(29,0,'2016-09-01 00:00:00','2016-09-01 00:00:00',0,NULL,'上まつげ　150本　定価','',15000,0,29),(30,0,'2016-09-01 00:00:00','2016-09-01 00:00:00',0,NULL,'上まつげ　160本　定価','',16000,0,30),(31,0,'2016-09-01 00:00:00','2016-09-01 00:00:00',0,NULL,'上まつげ　170本　定価','',17000,0,31),(32,0,'2016-09-01 00:00:00','2016-09-01 00:00:00',0,NULL,'上まつげ　180本　定価','',18000,0,32),(33,0,'2016-09-01 00:00:00','2016-09-01 00:00:00',0,NULL,'上 まつげ　190本　定価','',19000,0,33),(34,0,'2016-09-01 00:00:00','2016-09-01 00:00:00',0,NULL,'上まつげ　200本　定価','',20000,0,34),(35,0,'2016-09-01 00:00:00','2016-09-01 00:00:00',0,NULL,'上まつげ追加1本　定価','',100,0,35),(36,0,'2016-09-01 00:00:00','2016-09-01 00:00:00',0,NULL,'上まつげ追加2本　定価','',200,0,36),(37,0,'2016-09-01 00:00:00','2016-09-01 00:00:00',0,NULL,'上まつげ追加3本　定価','',300,0,37),(38,0,'2016-09-01 00:00:00','2016-09-01 00:00:00',0,NULL,'上まつげ追加4本　定価','',400,0,38),(39,0,'2016-09-01 00:00:00','2016-09-01 00:00:00',0,NULL,'上まつげ追加5本　定価','',500,0,39),(40,0,'2016-09-01 00:00:00','2016-09-01 00:00:00',0,NULL,'上まつげ追加6本　定価','',600,0,40),(41,0,'2016-09-01 00:00:00','2016-09-01 00:00:00',0,NULL,'上まつげ追加7本　定価','',700,0,41),(42,0,'2016-09-01 00:00:00','2016-09-01 00:00:00',0,NULL,'上まつげ追加8本　定価','',800,0,42),(43,0,'2016-09-01 00:00:00','2016-09-01 00:00:00',0,NULL,'上まつげ追加9本　定価','',900,0,43),(44,0,'2016-09-01 00:00:00','2016-09-01 00:00:00',0,NULL,'上まつげ40本　リペア','',4000,0,44),(45,0,'2016-09-01 00:00:00','2016-09-01 00:00:00',0,NULL,'上まつげ50本　リペア','',5000,0,45),(46,0,'2016-09-01 00:00:00','2016-09-01 00:00:00',0,NULL,'上まつげ60本　リペア','',6000,0,46),(47,0,'2016-09-01 00:00:00','2016-09-01 00:00:00',0,NULL,'上まつげ70本　リペア','',7000,0,47),(48,0,'2016-09-01 00:00:00','2016-09-01 00:00:00',0,NULL,'上まつげ80本　リペア','',7000,0,48),(49,0,'2016-09-01 00:00:00','2016-09-01 00:00:00',0,NULL,'上まつげ90本　リペア','',8000,0,49),(50,0,'2016-09-01 00:00:00','2016-09-01 00:00:00',0,NULL,'上まつげ100本　リペア','',9000,0,50),(51,0,'2016-09-01 00:00:00','2016-09-01 00:00:00',0,NULL,'上まつげ110本　リペア','',10000,0,51),(52,0,'2016-09-01 00:00:00','2016-09-01 00:00:00',0,NULL,'上まつげ120本　リペア','',10000,0,52),(53,0,'2016-09-01 00:00:00','2016-09-01 00:00:00',0,NULL,'上まつげ130本　リペア','',11000,0,53),(54,0,'2016-09-01 00:00:00','2016-09-01 00:00:00',0,NULL,'上まつげ140本　リペア','',12000,0,54),(55,0,'2016-09-01 00:00:00','2016-09-01 00:00:00',0,NULL,'上まつげ150本　リペア','',13000,0,55),(56,0,'2016-09-01 00:00:00','2016-09-01 00:00:00',0,NULL,'上まつげ160本　リペア','',14000,0,56),(57,0,'2016-09-01 00:00:00','2016-09-01 00:00:00',0,NULL,'上まつげ170本　リペア','',15000,0,57),(58,0,'2016-09-01 00:00:00','2016-09-01 00:00:00',0,NULL,'上まつげ180本　リペア','',16000,0,58),(59,0,'2016-09-01 00:00:00','2016-09-01 00:00:00',0,NULL,'上まつげ190本　リペア','',17000,0,59),(60,0,'2016-09-01 00:00:00','2016-09-01 00:00:00',0,NULL,'上まつげ200本　リペア','',18000,0,60),(61,0,'2016-09-01 00:00:00','2016-09-01 00:00:00',0,NULL,'上まつげ追加1本につき　リペア','',100,0,61),(62,0,'2016-09-01 00:00:00','2016-09-01 00:00:00',0,NULL,'下まつげ30本（ご新規様＆2回目（6週間以内）','',2759,0,62),(63,0,'2016-09-01 00:00:00','2016-09-01 00:00:00',0,NULL,'下まつげセット（３回目以降（６週間以内））かつ上まつげ80本以上施術）','',2315,0,63),(64,0,'2016-09-01 00:00:00','2016-09-01 00:00:00',0,NULL,'下まつげ1本定価','',100,0,64),(65,0,'2016-09-01 00:00:00','2016-09-01 00:00:00',0,NULL,'下まつげ１本','',100,0,65),(66,0,'2016-09-01 00:00:00','2016-09-01 00:00:00',0,NULL,'下まつげ２本','',200,0,66),(67,0,'2016-09-01 00:00:00','2016-09-01 00:00:00',0,NULL,'下まつげ３本','',300,0,67),(68,0,'2016-09-01 00:00:00','2016-09-01 00:00:00',0,NULL,'下まつげ４本','',400,0,68),(69,0,'2016-09-01 00:00:00','2016-09-01 00:00:00',0,NULL,'下まつげ５本','',500,0,69),(70,0,'2016-09-01 00:00:00','2016-09-01 00:00:00',0,NULL,'下まつげ６本','',600,0,70),(71,0,'2016-09-01 00:00:00','2016-09-01 00:00:00',0,NULL,'下まつげ７本','',700,0,71),(72,0,'2016-09-01 00:00:00','2016-09-01 00:00:00',0,NULL,'下まつげ８本','',800,0,72),(73,0,'2016-09-01 00:00:00','2016-09-01 00:00:00',0,NULL,'下まつげ９本','',900,0,73),(74,0,'2016-09-01 00:00:00','2016-09-01 00:00:00',0,NULL,'下まつげ１０本','',1000,0,74),(75,0,'2016-09-01 00:00:00','2016-09-01 00:00:00',0,NULL,'下まつげ２０本','',2000,0,75),(76,0,'2016-09-01 00:00:00','2016-09-01 00:00:00',0,NULL,'下まつげ３０本','',3000,0,76),(77,0,'2016-09-01 00:00:00','2016-09-01 00:00:00',0,NULL,'下まつげ４０本','',4000,0,77),(78,0,'2016-09-01 00:00:00','2016-09-01 00:00:00',0,NULL,'下まつげ５０本','',5000,0,78),(79,0,'2016-09-01 00:00:00','2016-09-01 00:00:00',0,NULL,'下まつげ６０本','',6000,0,79),(80,0,'2016-09-01 00:00:00','2016-09-01 00:00:00',0,NULL,'下まつげ７０本','',7000,0,80),(81,0,'2016-09-01 00:00:00','2016-09-01 00:00:00',0,NULL,'下まつげ８０本','',8000,0,81),(82,0,'2016-09-01 00:00:00','2016-09-01 00:00:00',0,NULL,'下まつげ９０本','',9000,0,82),(83,0,'2016-09-01 00:00:00','2016-09-01 00:00:00',0,NULL,'下まつげ１００本','',10000,0,83),(84,0,'2016-09-01 00:00:00','2016-09-01 00:00:00',0,NULL,'メイクオフ','',472,0,84),(85,0,'2016-09-01 00:00:00','2016-09-01 00:00:00',0,NULL,'メイクオフ(ウォータープルーフ)','',667,0,85),(86,0,'2016-09-01 00:00:00','2016-09-01 00:00:00',0,NULL,'ラメエクステ','',167,0,86),(87,0,'2016-09-01 00:00:00','2016-09-01 00:00:00',0,NULL,'指名料','',472,0,87),(88,0,'2016-09-01 00:00:00','2016-09-01 00:00:00',0,NULL,'他店リムーブ(他店でエクステされた方)','',2000,0,88),(89,0,'2016-09-01 00:00:00','2016-09-01 00:00:00',0,NULL,'Blancリムーブ(Blancでエクステされた方)','',1000,0,89),(90,0,'2016-09-01 00:00:00','2016-09-01 00:00:00',0,NULL,'無料リムーブ(ご新規様に限りリムーブ無料)','',0,0,90),(91,0,'2016-09-01 00:00:00','2016-09-01 00:00:00',0,NULL,'トリートメント（単品）','',1000,0,91),(92,0,'2016-09-01 00:00:00','2016-09-01 00:00:00',0,NULL,'トリートメント（リムーブとセット）','',750,0,92),(93,0,'2016-09-01 00:00:00','2016-09-01 00:00:00',0,NULL,'目元パック（単品）','',1000,0,93),(94,0,'2016-09-01 00:00:00','2016-09-01 00:00:00',0,NULL,'ハンドパック（単品）','',1000,0,94),(95,0,'2016-09-01 00:00:00','2016-09-01 00:00:00',0,NULL,'リップパック（単品）','',1000,0,95),(96,0,'2016-09-01 00:00:00','2016-09-01 00:00:00',0,NULL,'目元パック（２つ以上）','',898,0,96),(97,0,'2016-09-01 00:00:00','2016-09-01 00:00:00',0,NULL,'ハンドパック（２つ以上）','',898,0,97),(98,0,'2016-09-01 00:00:00','2016-09-01 00:00:00',0,NULL,'リップパック（２つ以上）','',898,0,98),(99,0,'2016-09-01 00:00:00','2016-09-01 00:00:00',0,NULL,'トリートメント半額','',500,0,99),(100,0,'2016-09-01 00:00:00','2016-09-01 00:00:00',0,NULL,'目元半額','',500,0,100),(101,0,'2016-09-01 00:00:00','2016-09-01 00:00:00',0,NULL,'ハンド半額','',500,0,101),(102,0,'2016-09-01 00:00:00','2016-09-01 00:00:00',0,NULL,'リップ半額','',500,0,102),(103,0,'2016-09-01 00:00:00','2016-09-01 00:00:00',0,NULL,'パッチテスト','',1000,0,103),(104,0,'2016-09-01 00:00:00','2016-09-01 00:00:00',0,NULL,'上カラーエクステセットプラン（60本まで）','',1000,0,104),(105,0,'2016-09-01 00:00:00','2016-09-01 00:00:00',0,NULL,'上カラーエクステセットプラン61本以降（60本追加）','',500,0,105),(106,0,'2016-09-01 00:00:00','2016-09-01 00:00:00',0,NULL,'上カラーエクステセットプラン（カラー２色以上）','',500,0,106),(107,0,'2016-09-01 00:00:00','2016-09-01 00:00:00',0,NULL,'下カラーエクステセットプラン（30本まで）','',1000,0,107),(108,0,'2016-09-01 00:00:00','2016-09-01 00:00:00',0,NULL,'下カラーエクステセットプラン61本以降（30本追加）','',500,0,108),(109,0,'2016-09-01 00:00:00','2016-09-01 00:00:00',0,NULL,'下カラーエクステセットプラン（カラー２色以上）','',500,0,109),(110,0,'2016-09-01 00:00:00','2016-09-01 00:00:00',0,NULL,'10本プレゼント(次回予約)','',0,0,110),(111,0,'2016-09-01 00:00:00','2016-09-01 00:00:00',0,NULL,'HPBポイント割引','',0,0,111),(112,0,'2016-09-01 00:00:00','2016-09-01 00:00:00',0,NULL,'従業員割引（初回）','',7389,0,112),(113,0,'2016-09-01 00:00:00','2016-09-01 00:00:00',0,NULL,'従業員割引（2回目以降）','',0,0,113),(114,0,'2016-09-01 00:00:00','2016-09-01 00:00:00',0,NULL,'口コミ友人上まつげ','',2778,0,114),(115,0,'2016-09-01 00:00:00','2016-09-01 00:00:00',0,NULL,'口コミ友人オプション半額割引額','',0,0,115),(116,0,'2016-09-01 00:00:00','2016-09-01 00:00:00',0,NULL,'上まつげ100本（クインテッド優待チケット）','',5000,0,116),(117,0,'2016-09-01 00:00:00','2016-09-01 00:00:00',0,NULL,'上まつげ160本（ベネフィットワン優待）','',7389,0,117),(118,0,'2016-09-01 00:00:00','2016-09-01 00:00:00',0,NULL,'上まつげ100本（取引先チケット）','',5000,0,118),(119,0,'2016-09-01 00:00:00','2016-09-01 00:00:00',0,NULL,'お直し','',0,0,119),(120,0,'2016-09-01 00:00:00','2016-09-01 00:00:00',0,NULL,'他店リムーブ無料','',0,0,120),(121,0,'2016-09-01 00:00:00','2016-09-01 00:00:00',0,NULL,'【初回】眉スタイリング','',5000,0,121),(122,0,'2016-09-01 00:00:00','2016-09-01 00:00:00',0,NULL,'【2回目以降】眉スタイリング　キープ','',4000,0,122),(123,0,'2016-09-01 00:00:00','2016-09-01 00:00:00',0,NULL,'眉スタイリング（カット・ツィジングのみ）','',3000,0,123),(124,0,'2016-09-01 00:00:00','2016-09-01 00:00:00',0,NULL,'【エクステセット】眉スタイリング','',4000,0,124),(125,0,'2016-09-01 00:00:00','2016-09-01 00:00:00',0,NULL,'【エクステセット】眉スタイリング　キープ','',3000,0,125),(126,0,'2016-09-01 00:00:00','2016-09-01 00:00:00',0,NULL,'【初回無料】生コラーゲンポイントエステ（涙袋）','',0,0,126),(127,0,'2016-09-01 00:00:00','2016-09-01 00:00:00',0,NULL,'【初回無料】生コラーゲンポイントエステ（目の上）','',0,0,127),(128,0,'2016-09-01 00:00:00','2016-09-01 00:00:00',0,NULL,'【初回無料】生コラーゲンポイントエステ（目尻）','',0,0,128),(129,0,'2016-09-01 00:00:00','2016-09-01 00:00:00',0,NULL,'【初回無料】生コラーゲンポイントエステ（ほうれい線）','',0,0,129),(130,0,'2016-09-01 00:00:00','2016-09-01 00:00:00',0,NULL,'【初回価格】生コラーゲン顔全体エステ','',926,0,130),(131,0,'2016-09-01 00:00:00','2016-09-01 00:00:00',0,NULL,'生コラーゲンポイントエステ（涙袋）','',463,0,131),(132,0,'2016-09-01 00:00:00','2016-09-01 00:00:00',0,NULL,'生コラーゲンポイントエステ（目の上）','',463,0,132),(133,0,'2016-09-01 00:00:00','2016-09-01 00:00:00',0,NULL,'生コラーゲンポイントエステ（目尻）','',463,0,133),(134,0,'2016-09-01 00:00:00','2016-09-01 00:00:00',0,NULL,'生コラーゲンポイントエステ（ほうれい線）','',463,0,134),(135,0,'2016-09-01 00:00:00','2016-09-01 00:00:00',0,NULL,'生コラーゲン顔全体エステ','',2778,0,135),(136,0,'2016-09-01 00:00:00','2016-09-01 00:00:00',0,NULL,'マスカラ','',2000,0,136),(137,0,'2016-09-01 00:00:00','2016-09-01 00:00:00',0,NULL,'ライナー','',2700,0,137),(138,0,'2016-09-01 00:00:00','2016-09-01 00:00:00',0,NULL,'ラッシュコーム','',398,0,138),(139,0,'2016-09-01 00:00:00','2016-09-01 00:00:00',0,NULL,'Moiアイラッシュセラム','',4000,0,139),(140,0,'2016-09-01 00:00:00','2016-09-01 00:00:00',0,NULL,'Blancオリジナルラッシュコーム','',600,0,140),(141,0,'2016-09-01 00:00:00','2016-09-01 00:00:00',0,NULL,'Moiダブルクレンジング（J）','',3333,0,141),(142,0,'2016-09-01 00:00:00','2016-09-01 00:00:00',0,NULL,'Moiダブルクレンジング（RH）','',3333,0,142),(143,0,'2016-09-01 00:00:00','2016-09-01 00:00:00',0,NULL,'Moiダブルクレンジング ミニボトル（J）','',296,0,143),(144,0,'2016-09-01 00:00:00','2016-09-01 00:00:00',0,NULL,'Moiダブルクレンジング ミニボトル（RH）','',296,0,144),(145,0,'2016-09-01 00:00:00','2016-09-01 00:00:00',0,NULL,'Moiオリジナルマスカラ','',2000,0,145),(146,0,'2016-09-01 00:00:00','2016-09-01 00:00:00',0,NULL,'Moiオリジナルアイライナー','',2500,0,146),(147,0,'2016-09-01 00:00:00','2016-09-01 00:00:00',0,NULL,'サクラ プチケア コンタクトケース','',100,0,147),(148,0,'2016-09-01 00:00:00','2016-09-01 00:00:00',0,NULL,'4D　60本','',2000,0,148),(149,0,'2016-09-01 00:00:00','2016-09-01 00:00:00',0,NULL,'4D　120本','',4000,0,149),(150,0,'2016-09-01 00:00:00','2016-09-01 00:00:00',0,NULL,'4D　無制限','',5000,0,150),(151,0,'2016-09-01 00:00:00','2016-09-01 00:00:00',0,NULL,'4D　友人モデル','',1852,0,151),(152,0,'2016-09-01 00:00:00','2016-09-01 00:00:00',0,NULL,'【ご新規様】オープニングキャンペーン50%off　上まつげ80本','',3889,0,152),(153,0,'2016-09-01 00:00:00','2016-09-01 00:00:00',0,NULL,'【ご新規様】オープニングキャンペーン50%off　上まつげ120本までつけ放題','',6000,0,153),(154,0,'2016-09-01 00:00:00','2016-09-01 00:00:00',0,NULL,'【ご新規様】オープニングキャンペーン50%off　上まつげ140本までつけ放題','',7000,0,154),(155,0,'2016-09-01 00:00:00','2016-09-01 00:00:00',0,NULL,'【全員】美眉スタリング','',4000,0,155),(156,0,'2016-09-01 00:00:00','2016-09-01 00:00:00',0,NULL,'【2回目ご来店の方】　上まつげ80本　オフ別途','',5537,0,156),(157,0,'2016-09-01 00:00:00','2016-09-01 00:00:00',0,NULL,'【2回目ご来店の方】　上まつげ120本　オフ別途','',8315,0,157),(158,0,'2016-09-01 00:00:00','2016-09-01 00:00:00',0,NULL,'【ご新規様】下まつげ30本','',2759,0,158),(159,0,'2016-09-01 00:00:00','2016-09-01 00:00:00',0,NULL,'【ご新規様】美眉スタリング','',3000,0,159),(160,0,'2016-09-01 00:00:00','2016-09-01 00:00:00',0,NULL,'【顧客様】上まつげ120本(オフ代別途)','',8315,0,160),(161,0,'2016-09-01 00:00:00','2016-09-01 00:00:00',0,NULL,'【顧客様】学生様限定！！上まつげ120本　(オフ代別途)','',4630,0,161),(162,0,'2016-09-01 00:00:00','2016-09-01 00:00:00',0,NULL,'新生活応援キャンペーン上まつげつけ放題','',9000,0,162),(163,0,'2016-09-01 00:00:00','2016-09-01 00:00:00',0,NULL,'新生活応援キャンペーン下まつげつけ放題','',4500,0,163),(164,0,'2016-09-01 00:00:00','2016-09-01 00:00:00',0,NULL,'ブライダルコース エクステ(上)','',9000,0,164),(165,0,'2016-09-01 00:00:00','2016-09-01 00:00:00',0,NULL,'ブライダルコース エクステ(下)','',4000,0,165),(166,0,'2016-09-01 00:00:00','2016-09-01 00:00:00',0,NULL,'ブライダルコース エクステ(上・下)','',12000,0,166),(167,0,'2016-09-01 00:00:00','2016-09-01 00:00:00',0,NULL,'ブライダルコース エクステ(上・アイブロウ)','',12000,0,167),(168,0,'2016-09-01 00:00:00','2016-09-01 00:00:00',0,NULL,'新生活応援キャンペーン上下つけ放題','',12000,0,168),(169,0,'2016-09-01 00:00:00','2016-09-01 00:00:00',0,NULL,'【ご新規様】オープニングキャンペーン50%off　上80本＋下30本','',6648,0,169),(170,0,'2016-09-01 00:00:00','2016-09-01 00:00:00',0,NULL,'【ご新規様】オープニングキャンペーン50%off　上まつげ120本(60本までカラーエクステに変更可能)','',7000,0,170),(171,0,'2016-09-01 00:00:00','2016-09-01 00:00:00',0,NULL,'【ご新規様】秋のビューティーアップキャンペーン　上まつげ160本までつけ放題(9/1～)','',9000,0,171),(172,0,'2016-09-01 00:00:00','2016-09-01 00:00:00',0,NULL,'【ご新規様】秋のビューティーアップキャンペーン　下まつげ80本までつけ放題(9/1～)','',4000,0,172),(173,0,'2016-09-01 00:00:00','2016-09-01 00:00:00',0,NULL,'【ご新規様】秋のビューティーアップキャンペーン　上まつげ160本まで＋下まつげ80本までつけ放題(9/1～)','',12000,0,173),(174,0,'2016-09-01 00:00:00','2016-09-01 00:00:00',0,NULL,'【ご新規様】秋のビューティーアップキャンペーン　上まつげ160本まで＋美眉スタイリング(9/1～)','',12000,0,174),(175,0,'2016-09-01 00:00:00','2016-09-01 00:00:00',0,NULL,'【顧客様】秋のビューティーアップキャンペーン　上まつげ160本までつけ放題(9/1～)','',9000,0,175),(176,0,'2016-09-01 00:00:00','2016-09-01 00:00:00',0,NULL,'【顧客様】秋のビューティーアップキャンペーン　下まつげ80本までつけ放題(9/1～)','',4000,0,176),(177,0,'2016-09-01 00:00:00','2016-09-01 00:00:00',0,NULL,'【顧客様】秋のビューティーアップキャンペーン　上まつげ160本まで＋下まつげ80本までつけ放題(9/1～)','',12000,0,177),(178,0,'2016-09-01 00:00:00','2016-09-01 00:00:00',0,NULL,'【顧客様】秋のビューティーアップキャンペーン　上まつげ160本まで＋美眉スタイリング(9/1～)','',12000,0,178),(179,0,'2016-09-01 00:00:00','2016-09-01 00:00:00',0,NULL,'【ご新規様】大人気4Dエクステ100束(約400本)　オフ＆アイシャンプー込み','',11111,0,179),(180,0,'2016-09-01 00:00:00','2016-09-01 00:00:00',0,NULL,'【ご新規様】大人気4Dエクステ＆シングルMIX(約280本)　オフ込み','※4Dエクステ60束(約240本)＋シングル40本=約280本がこの価格！',9111,0,180),(181,0,'2016-09-01 00:00:00','2016-09-01 00:00:00',0,NULL,'【ご新規様・2回目ご来店の方】　上まつげ80本　オフ込み','',5537,0,181),(182,0,'2016-09-01 00:00:00','2016-09-01 00:00:00',0,NULL,'【ご新規様・2回目ご来店の方】　上まつげ120本　オフ込み','',8315,0,182),(183,0,'2016-09-01 00:00:00','2016-09-01 00:00:00',0,NULL,'【ご新規様】ナチュラルなお目元♪上まつげ80本　オフ込み','',4000,0,183),(184,0,'2016-09-01 00:00:00','2016-09-01 00:00:00',0,NULL,'【ご新規様】自然なパッチリ感☆上まつげ120本　オフ込み','',6000,0,184),(185,0,'2016-09-01 00:00:00','2016-09-01 00:00:00',0,NULL,'【ご新規様】メイク崩れ防止に！下まつげ30本　オフ込み','',2759,0,185),(186,0,'2016-09-01 00:00:00','2016-09-01 00:00:00',0,NULL,'【ご新規様】話題沸騰！4Dエクステ60束(約240本)＋シングル40本　オフ込み','',7000,0,186),(187,0,'2016-09-01 00:00:00','2016-09-01 00:00:00',0,NULL,'【ご新規様】カラーエクステ60本＋ブラックエクステ60本　オフ込み','',7000,0,187),(188,0,'2016-09-01 00:00:00','2016-09-01 00:00:00',0,NULL,'【ご新規様】上まつげ80本＋美眉スタイリング　オフ込み','',8000,0,188),(189,0,'2016-09-01 00:00:00','2016-09-01 00:00:00',0,NULL,'【ご新規様】学生様限定！！上まつげ120本　オフ込み','',4630,0,189),(190,0,'2016-09-01 00:00:00','2016-09-01 00:00:00',0,NULL,'一時メニュー','',0,0,190),(191,0,'2016-09-01 00:00:00','2016-09-01 00:00:00',0,NULL,'一括割引','',0,0,191);
/*!40000 ALTER TABLE `menu_units` ENABLE KEYS */;
UNLOCK TABLES;

--
-- Table structure for table `menus`
--

DROP TABLE IF EXISTS `menus`;
/*!40101 SET @saved_cs_client     = @@character_set_client */;
/*!40101 SET character_set_client = utf8 */;
CREATE TABLE `menus` (
  `id` int(11) NOT NULL AUTO_INCREMENT COMMENT '※削除予定テーブル',
  `del_flg` tinyint(1) unsigned NOT NULL DEFAULT '0',
  `created` datetime NOT NULL,
  `modified` datetime NOT NULL,
  `shops_id` int(11) NOT NULL,
  `categories_id` int(11) NOT NULL,
  `contractor_menus_id` int(11) DEFAULT NULL,
  `menu_name` varchar(100) NOT NULL,
  `seq` int(11) NOT NULL,
  `display_flg` tinyint(2) unsigned NOT NULL DEFAULT '1' COMMENT '表示と非表示',
  PRIMARY KEY (`id`),
  KEY `fk_menus_shops1_idx` (`shops_id`),
  KEY `fk_menus_categories1_idx` (`categories_id`),
  CONSTRAINT `fk_menus_categories1` FOREIGN KEY (`categories_id`) REFERENCES `categories` (`id`) ON DELETE NO ACTION ON UPDATE NO ACTION,
  CONSTRAINT `fk_menus_shops1` FOREIGN KEY (`shops_id`) REFERENCES `shops` (`id`) ON DELETE NO ACTION ON UPDATE NO ACTION
) ENGINE=InnoDB DEFAULT CHARSET=utf8;
/*!40101 SET character_set_client = @saved_cs_client */;

--
-- Dumping data for table `menus`
--

LOCK TABLES `menus` WRITE;
/*!40000 ALTER TABLE `menus` DISABLE KEYS */;
/*!40000 ALTER TABLE `menus` ENABLE KEYS */;
UNLOCK TABLES;

--
-- Table structure for table `message_notifications`
--

DROP TABLE IF EXISTS `message_notifications`;
/*!40101 SET @saved_cs_client     = @@character_set_client */;
/*!40101 SET character_set_client = utf8 */;
CREATE TABLE `message_notifications` (
  `id` int(11) NOT NULL AUTO_INCREMENT,
  `del_flg` tinyint(1) unsigned NOT NULL DEFAULT '0',
  `created` datetime NOT NULL,
  `modified` datetime NOT NULL,
  `shops_id` int(11) NOT NULL,
  `regist_time` datetime NOT NULL,
  `subject` text NOT NULL,
  `content` text NOT NULL,
  `message_lcd` char(4) NOT NULL COMMENT 'メッセージタイプ\n(A : 予約)\nA001 : Web予約（新規）※現在未使用\nA002 : Web予約（更新）※現在未使用\nA003 : Web予約（キャンセル）※現在未使用\nA010 : HPB',
  `notification_type` char(1) NOT NULL DEFAULT 'A' COMMENT '通知タイプ\nA : 通知のみ\nB : タスク',
  `been_accessed_flg` tinyint(1) unsigned NOT NULL DEFAULT '0' COMMENT '既読フラグ\n0 : 未読\n1 : 既読',
  `status_flg` tinyint(1) unsigned NOT NULL DEFAULT '0' COMMENT 'ステータスフラグ\n0 : false\n1 : true',
  `status_flg_modify_time` datetime DEFAULT NULL COMMENT 'ステータスフラグを変更した時間',
  `rev_bar_finish_flg` tinyint(1) unsigned NOT NULL DEFAULT '1' COMMENT 'HBPケース専用\nデフォルトは1\n0: 予約バーはまだ作ってない\n1: 予約バーが作った、または予約バーは要らない',
  `note1` varchar(128) DEFAULT NULL COMMENT '備考1\nHot Pepper Beauty処理のところは予約者の名前が入ってる\n通知タイトルで出したいですので',
  PRIMARY KEY (`id`),
  KEY `fk_message_notifications_shops1_idx` (`shops_id`),
  CONSTRAINT `fk_message_notifications_shops1` FOREIGN KEY (`shops_id`) REFERENCES `shops` (`id`) ON DELETE NO ACTION ON UPDATE NO ACTION
) ENGINE=InnoDB DEFAULT CHARSET=utf8;
/*!40101 SET character_set_client = @saved_cs_client */;

--
-- Dumping data for table `message_notifications`
--

LOCK TABLES `message_notifications` WRITE;
/*!40000 ALTER TABLE `message_notifications` DISABLE KEYS */;
/*!40000 ALTER TABLE `message_notifications` ENABLE KEYS */;
UNLOCK TABLES;

--
-- Table structure for table `name_route_cds`
--

DROP TABLE IF EXISTS `name_route_cds`;
/*!40101 SET @saved_cs_client     = @@character_set_client */;
/*!40101 SET character_set_client = utf8 */;
CREATE TABLE `name_route_cds` (
  `id` int(11) NOT NULL AUTO_INCREMENT,
  `cd` varchar(2) NOT NULL,
  `del_flg` int(10) unsigned NOT NULL DEFAULT '0',
  `created` datetime NOT NULL,
  `modified` datetime NOT NULL,
  `name` varchar(50) DEFAULT NULL,
  `sort_key` tinyint(3) unsigned DEFAULT NULL,
  PRIMARY KEY (`id`)
) ENGINE=InnoDB AUTO_INCREMENT=6 DEFAULT CHARSET=utf8;
/*!40101 SET character_set_client = @saved_cs_client */;

--
-- Dumping data for table `name_route_cds`
--

LOCK TABLES `name_route_cds` WRITE;
/*!40000 ALTER TABLE `name_route_cds` DISABLE KEYS */;
INSERT INTO `name_route_cds` VALUES (1,'01',0,'2014-05-20 00:00:00','2014-05-20 00:00:00','電話',1),(2,'02',0,'2014-05-20 00:00:00','2014-05-20 00:00:00','直接来店',2),(3,'03',0,'2014-05-20 00:00:00','2014-05-20 00:00:00','次回予約',3),(4,'04',0,'2014-08-26 00:00:00','2014-08-26 00:00:00','Web予約',4),(5,'05',0,'2016-04-11 00:00:00','2016-04-11 00:00:00','HPB',5);
/*!40000 ALTER TABLE `name_route_cds` ENABLE KEYS */;
UNLOCK TABLES;

--
-- Table structure for table `name_sex_cds`
--

DROP TABLE IF EXISTS `name_sex_cds`;
/*!40101 SET @saved_cs_client     = @@character_set_client */;
/*!40101 SET character_set_client = utf8 */;
CREATE TABLE `name_sex_cds` (
  `id` int(11) NOT NULL AUTO_INCREMENT,
  `cd` varchar(2) NOT NULL,
  `del_flg` int(10) unsigned NOT NULL DEFAULT '0',
  `created` datetime NOT NULL,
  `modified` datetime NOT NULL,
  `name` varchar(50) DEFAULT NULL,
  `sort_key` tinyint(3) unsigned DEFAULT NULL,
  PRIMARY KEY (`id`)
) ENGINE=InnoDB AUTO_INCREMENT=3 DEFAULT CHARSET=utf8;
/*!40101 SET character_set_client = @saved_cs_client */;

--
-- Dumping data for table `name_sex_cds`
--

LOCK TABLES `name_sex_cds` WRITE;
/*!40000 ALTER TABLE `name_sex_cds` DISABLE KEYS */;
INSERT INTO `name_sex_cds` VALUES (1,'1',0,'2014-06-16 00:00:00','2014-06-16 00:00:00','男性',1),(2,'2',0,'2014-06-16 00:00:00','2014-06-16 00:00:00','女性',2);
/*!40000 ALTER TABLE `name_sex_cds` ENABLE KEYS */;
UNLOCK TABLES;

--
-- Table structure for table `name_tel_status_cds`
--

DROP TABLE IF EXISTS `name_tel_status_cds`;
/*!40101 SET @saved_cs_client     = @@character_set_client */;
/*!40101 SET character_set_client = utf8 */;
CREATE TABLE `name_tel_status_cds` (
  `id` int(11) NOT NULL AUTO_INCREMENT,
  `cd` varchar(2) NOT NULL,
  `del_flg` int(10) unsigned NOT NULL DEFAULT '0',
  `created` datetime NOT NULL,
  `modified` datetime NOT NULL,
  `name` varchar(50) DEFAULT NULL,
  `sort_key` tinyint(3) unsigned DEFAULT NULL,
  PRIMARY KEY (`id`)
) ENGINE=InnoDB AUTO_INCREMENT=5 DEFAULT CHARSET=utf8;
/*!40101 SET character_set_client = @saved_cs_client */;

--
-- Dumping data for table `name_tel_status_cds`
--

LOCK TABLES `name_tel_status_cds` WRITE;
/*!40000 ALTER TABLE `name_tel_status_cds` DISABLE KEYS */;
INSERT INTO `name_tel_status_cds` VALUES (1,'0',0,'2014-06-16 00:00:00','2014-06-16 00:00:00','着信中',1),(2,'1',0,'2014-06-16 00:00:00','2014-06-16 00:00:00','通話中',2),(3,'2',0,'2014-06-16 00:00:00','2014-06-16 00:00:00','通話終了',3),(4,'3',0,'2014-06-16 00:00:00','2014-06-16 00:00:00','未応答',4);
/*!40000 ALTER TABLE `name_tel_status_cds` ENABLE KEYS */;
UNLOCK TABLES;

--
-- Table structure for table `payment_methods`
--

DROP TABLE IF EXISTS `payment_methods`;
/*!40101 SET @saved_cs_client     = @@character_set_client */;
/*!40101 SET character_set_client = utf8 */;
CREATE TABLE `payment_methods` (
  `id` int(11) NOT NULL AUTO_INCREMENT,
  `del_flg` tinyint(1) unsigned NOT NULL DEFAULT '0',
  `created` datetime NOT NULL,
  `modified` datetime NOT NULL,
  `payslips_id` int(11) NOT NULL,
  `contractor_payment_methods_id` int(11) DEFAULT NULL,
  `payment_type` char(1) NOT NULL DEFAULT 'A' COMMENT '支払い方法\nA : 現金\nB : クレジット\nC : その他',
  `deposit_amount` int(11) NOT NULL COMMENT '預り金額',
  `change_amount` int(11) NOT NULL DEFAULT '0' COMMENT '釣銭金額',
  `credit_card_type` char(1) DEFAULT NULL COMMENT 'クレジットカードタイプ\nA : VISA\nB : JCB\nC : Master\nD : AMEX\nE : Diners\nF : 銀聯',
  `card_app_code` varchar(100) NOT NULL DEFAULT '' COMMENT 'クレジットカード決済時の承認番号',
  `card_slip_code` varchar(100) NOT NULL DEFAULT '' COMMENT 'クレジットカード決済時の伝票番号',
  PRIMARY KEY (`id`),
  KEY `fk_payment_methods_payslips1_idx` (`payslips_id`),
  KEY `fk_payment_methods_contractor_payment_methods1_idx` (`contractor_payment_methods_id`),
  CONSTRAINT `fk_payment_methods_contractor_payment_methods1` FOREIGN KEY (`contractor_payment_methods_id`) REFERENCES `contractor_payment_methods` (`id`) ON DELETE NO ACTION ON UPDATE NO ACTION,
  CONSTRAINT `fk_payment_methods_payslips1` FOREIGN KEY (`payslips_id`) REFERENCES `payslips` (`id`) ON DELETE NO ACTION ON UPDATE NO ACTION
) ENGINE=InnoDB AUTO_INCREMENT=5 DEFAULT CHARSET=utf8;
/*!40101 SET character_set_client = @saved_cs_client */;

--
-- Dumping data for table `payment_methods`
--

LOCK TABLES `payment_methods` WRITE;
/*!40000 ALTER TABLE `payment_methods` DISABLE KEYS */;
INSERT INTO `payment_methods` VALUES (1,0,'2016-09-01 00:00:00','2016-09-01 00:00:00',1,NULL,'A',6000,0,NULL,'',''),(2,0,'2016-09-01 00:00:00','2016-09-01 00:00:00',2,NULL,'B',26400,0,'A','1234567',''),(3,0,'2016-09-01 00:00:00','2016-09-01 00:00:00',3,NULL,'A',6500,200,NULL,'',''),(4,0,'2016-09-01 00:00:00','2016-09-01 00:00:00',3,2,'C',396,0,NULL,'','');
/*!40000 ALTER TABLE `payment_methods` ENABLE KEYS */;
UNLOCK TABLES;

--
-- Table structure for table `payslip4payslips`
--

DROP TABLE IF EXISTS `payslip4payslips`;
/*!40101 SET @saved_cs_client     = @@character_set_client */;
/*!40101 SET character_set_client = utf8 */;
CREATE TABLE `payslip4payslips` (
  `id` int(11) NOT NULL AUTO_INCREMENT COMMENT '※返金・返品時の紐付け用テーブル',
  `del_flg` tinyint(1) unsigned NOT NULL DEFAULT '0',
  `created` datetime NOT NULL,
  `modified` datetime NOT NULL,
  `parent_payslips_id` int(11) NOT NULL,
  `child_payslips_id` int(11) NOT NULL,
  PRIMARY KEY (`id`),
  KEY `fk_payslip4payslips_payslips3_idx` (`parent_payslips_id`),
  KEY `fk_payslip4payslips_payslips4_idx` (`child_payslips_id`),
  CONSTRAINT `fk_payslip4payslips_payslips3` FOREIGN KEY (`parent_payslips_id`) REFERENCES `payslips` (`id`) ON DELETE NO ACTION ON UPDATE NO ACTION,
  CONSTRAINT `fk_payslip4payslips_payslips4` FOREIGN KEY (`child_payslips_id`) REFERENCES `payslips` (`id`) ON DELETE NO ACTION ON UPDATE NO ACTION
) ENGINE=InnoDB DEFAULT CHARSET=utf8;
/*!40101 SET character_set_client = @saved_cs_client */;

--
-- Dumping data for table `payslip4payslips`
--

LOCK TABLES `payslip4payslips` WRITE;
/*!40000 ALTER TABLE `payslip4payslips` DISABLE KEYS */;
/*!40000 ALTER TABLE `payslip4payslips` ENABLE KEYS */;
UNLOCK TABLES;

--
-- Table structure for table `payslip_detail4payslip_details`
--

DROP TABLE IF EXISTS `payslip_detail4payslip_details`;
/*!40101 SET @saved_cs_client     = @@character_set_client */;
/*!40101 SET character_set_client = utf8 */;
CREATE TABLE `payslip_detail4payslip_details` (
  `id` int(11) NOT NULL AUTO_INCREMENT COMMENT '※返金・返品時の紐付け用テーブル',
  `del_flg` tinyint(1) unsigned NOT NULL DEFAULT '0',
  `created` datetime NOT NULL,
  `modified` datetime NOT NULL,
  `parent_payslip_details_id` int(11) NOT NULL,
  `child_payslip_details_id` int(11) NOT NULL,
  PRIMARY KEY (`id`),
  KEY `fk_payslip_detail4payslip_details_payslip_details1_idx` (`parent_payslip_details_id`),
  KEY `fk_payslip_detail4payslip_details_payslip_details2_idx` (`child_payslip_details_id`),
  CONSTRAINT `fk_payslip_detail4payslip_details_payslip_details1` FOREIGN KEY (`parent_payslip_details_id`) REFERENCES `payslip_details` (`id`) ON DELETE NO ACTION ON UPDATE NO ACTION,
  CONSTRAINT `fk_payslip_detail4payslip_details_payslip_details2` FOREIGN KEY (`child_payslip_details_id`) REFERENCES `payslip_details` (`id`) ON DELETE NO ACTION ON UPDATE NO ACTION
) ENGINE=InnoDB DEFAULT CHARSET=utf8;
/*!40101 SET character_set_client = @saved_cs_client */;

--
-- Dumping data for table `payslip_detail4payslip_details`
--

LOCK TABLES `payslip_detail4payslip_details` WRITE;
/*!40000 ALTER TABLE `payslip_detail4payslip_details` DISABLE KEYS */;
/*!40000 ALTER TABLE `payslip_detail4payslip_details` ENABLE KEYS */;
UNLOCK TABLES;

--
-- Table structure for table `payslip_detail4staffs`
--

DROP TABLE IF EXISTS `payslip_detail4staffs`;
/*!40101 SET @saved_cs_client     = @@character_set_client */;
/*!40101 SET character_set_client = utf8 */;
CREATE TABLE `payslip_detail4staffs` (
  `id` int(11) NOT NULL AUTO_INCREMENT,
  `del_flg` tinyint(1) unsigned NOT NULL DEFAULT '0',
  `created` datetime NOT NULL,
  `modified` datetime NOT NULL,
  `staffs_id` int(11) NOT NULL,
  `payslip_details_id` int(11) NOT NULL,
  PRIMARY KEY (`id`),
  KEY `fk_payslip_detail4staffs_staffs1_idx` (`staffs_id`),
  KEY `fk_payslip_detail4staffs_payslip_details1_idx` (`payslip_details_id`),
  CONSTRAINT `fk_payslip_detail4staffs_payslip_details1` FOREIGN KEY (`payslip_details_id`) REFERENCES `payslip_details` (`id`) ON DELETE NO ACTION ON UPDATE NO ACTION,
  CONSTRAINT `fk_payslip_detail4staffs_staffs1` FOREIGN KEY (`staffs_id`) REFERENCES `staffs` (`id`) ON DELETE NO ACTION ON UPDATE NO ACTION
) ENGINE=InnoDB AUTO_INCREMENT=14 DEFAULT CHARSET=utf8;
/*!40101 SET character_set_client = @saved_cs_client */;

--
-- Dumping data for table `payslip_detail4staffs`
--

LOCK TABLES `payslip_detail4staffs` WRITE;
/*!40000 ALTER TABLE `payslip_detail4staffs` DISABLE KEYS */;
INSERT INTO `payslip_detail4staffs` VALUES (1,0,'2016-09-01 00:00:00','2016-09-01 00:00:00',4,1),(2,0,'2016-09-01 00:00:00','2016-09-01 00:00:00',4,2),(3,0,'2016-09-01 00:00:00','2016-09-01 00:00:00',4,3),(4,0,'2016-09-01 00:00:00','2016-09-01 00:00:00',4,4),(5,0,'2016-09-01 00:00:00','2016-09-01 00:00:00',5,5),(6,0,'2016-09-01 00:00:00','2016-09-01 00:00:00',5,6),(7,0,'2016-09-01 00:00:00','2016-09-01 00:00:00',6,7),(12,0,'2016-09-01 00:00:00','2016-09-01 00:00:00',4,9),(13,0,'2016-09-01 00:00:00','2016-09-01 00:00:00',4,10);
/*!40000 ALTER TABLE `payslip_detail4staffs` ENABLE KEYS */;
UNLOCK TABLES;

--
-- Table structure for table `payslip_details`
--

DROP TABLE IF EXISTS `payslip_details`;
/*!40101 SET @saved_cs_client     = @@character_set_client */;
/*!40101 SET character_set_client = utf8 */;
CREATE TABLE `payslip_details` (
  `id` int(11) NOT NULL AUTO_INCREMENT,
  `del_flg` tinyint(1) unsigned NOT NULL DEFAULT '0',
  `created` datetime NOT NULL,
  `modified` datetime NOT NULL,
  `payslips_id` int(11) NOT NULL,
  `shops_id` int(11) NOT NULL,
  `customers_id` int(11) DEFAULT NULL COMMENT '一括割引メニューに特定の顧客情報が紐付けられないため、NN制約は外して対応',
  `menu_entity4shops_id` int(11) NOT NULL,
  `contractor_categories_id` int(11) NOT NULL,
  `menu_cd` char(2) NOT NULL DEFAULT 'A1' COMMENT 'メニューコード\n※menu_entity4shopsから取得・保存する\nA1 : サービス\nB1 : 店販商品\nC1 : 施術指名(個人)\nC2 : 施術指名(男性)\nC3 : 施術指名(女性)\nD1 : 特殊調整(全体調整)\nD2 : 特殊調整(サービス調整)\nD3 : 特殊調整(店販商品調整)\nE1 : 一時メニュー',
  `name` varchar(100) NOT NULL DEFAULT '' COMMENT 'メニュー名\n※menu_entity4shopsから取得・保存する',
  `fixed_price` int(11) NOT NULL COMMENT '定価（税抜）\n※ menu_unitsのpriceから取得・保存する',
  `price` int(11) NOT NULL COMMENT '単価（税抜）\n※menu_entity4shopsから取得・保存する',
  `rate` int(11) NOT NULL COMMENT '割引（割増）率',
  `tax` int(11) NOT NULL COMMENT '消費税額',
  `amount` int(11) NOT NULL COMMENT '数量\n※マイナス値は減算として扱う',
  PRIMARY KEY (`id`),
  KEY `fk_payslip_details_shops1_idx` (`shops_id`),
  KEY `fk_payslip_details_customers1_idx` (`customers_id`),
  KEY `fk_payslip_details_menu_entity4shops1_idx` (`menu_entity4shops_id`),
  KEY `fk_payslip_details_payslips1_idx` (`payslips_id`),
  KEY `fk_payslip_details_contractor_categories1_idx` (`contractor_categories_id`),
  CONSTRAINT `fk_payslip_details_contractor_categories1` FOREIGN KEY (`contractor_categories_id`) REFERENCES `contractor_categories` (`id`) ON DELETE NO ACTION ON UPDATE NO ACTION,
  CONSTRAINT `fk_payslip_details_customers1` FOREIGN KEY (`customers_id`) REFERENCES `customers` (`id`) ON DELETE NO ACTION ON UPDATE NO ACTION,
  CONSTRAINT `fk_payslip_details_menu_entity4shops1` FOREIGN KEY (`menu_entity4shops_id`) REFERENCES `menu_entity4shops` (`id`) ON DELETE NO ACTION ON UPDATE NO ACTION,
  CONSTRAINT `fk_payslip_details_payslips1` FOREIGN KEY (`payslips_id`) REFERENCES `payslips` (`id`) ON DELETE NO ACTION ON UPDATE NO ACTION,
  CONSTRAINT `fk_payslip_details_shops1` FOREIGN KEY (`shops_id`) REFERENCES `shops` (`id`) ON DELETE NO ACTION ON UPDATE NO ACTION
) ENGINE=InnoDB AUTO_INCREMENT=11 DEFAULT CHARSET=utf8;
/*!40101 SET character_set_client = @saved_cs_client */;

--
-- Dumping data for table `payslip_details`
--

LOCK TABLES `payslip_details` WRITE;
/*!40000 ALTER TABLE `payslip_details` DISABLE KEYS */;
INSERT INTO `payslip_details` VALUES (1,0,'2016-09-01 00:00:00','2016-09-01 00:00:00',1,1,1,1,1,'A1','【ご新規様・2回目ご来店の方】上まつげ　80本',5537,5537,0,443,1),(2,0,'2016-09-01 00:00:00','2016-09-01 00:00:00',2,1,19,13,1,'A1','【ご新規様・2回目ご来店の方】上まつげ　200本',14611,14611,0,1169,1),(3,0,'2016-09-01 00:00:00','2016-09-01 00:00:00',2,1,19,110,11,'A1','10本プレゼント(次回予約)',0,0,0,0,1),(4,0,'2016-09-01 00:00:00','2016-09-01 00:00:00',2,1,19,84,4,'A1','メイクオフ',472,472,0,38,1),(5,0,'2016-09-01 00:00:00','2016-09-01 00:00:00',2,1,24,87,17,'C1','指名料',472,472,0,38,1),(6,0,'2016-09-01 00:00:00','2016-09-01 00:00:00',2,1,24,29,2,'A1','上まつげ　150本　定価',15000,15000,0,1200,1),(7,0,'2016-09-01 00:00:00','2016-09-01 00:00:00',2,1,NULL,191,20,'D1','一括割引',0,-6111,-20,-489,1),(9,0,'2016-09-01 00:00:00','2016-09-01 00:00:00',3,1,25,140,10,'B1','Blancオリジナルラッシュコーム',600,600,0,48,2),(10,0,'2016-09-01 00:00:00','2016-09-01 00:00:00',3,1,25,45,8,'A1','上まつげ50本　リペア',5000,5000,0,400,1);
/*!40000 ALTER TABLE `payslip_details` ENABLE KEYS */;
UNLOCK TABLES;

--
-- Table structure for table `payslips`
--

DROP TABLE IF EXISTS `payslips`;
/*!40101 SET @saved_cs_client     = @@character_set_client */;
/*!40101 SET character_set_client = utf8 */;
CREATE TABLE `payslips` (
  `id` int(11) NOT NULL AUTO_INCREMENT,
  `del_flg` tinyint(1) unsigned NOT NULL DEFAULT '0',
  `created` datetime NOT NULL,
  `modified` datetime NOT NULL,
  `shops_id` int(11) NOT NULL,
  `customers_id` int(11) DEFAULT NULL COMMENT '支払い者',
  `staffs_id` int(11) DEFAULT NULL COMMENT '会計担当者',
  `payslip_code` varchar(50) NOT NULL DEFAULT '' COMMENT '伝票コード\n以下のABCを順に結合したもの\nA ＝ 会計時の西暦年下2桁をA-Jのアルファベット変換したもの\nB ＝ idを36進数変換したもの\nD ＝ 保存時点時間の分',
  `payslip_condition_type` char(1) NOT NULL DEFAULT 'A' COMMENT '伝票コンディションタイプ\nA : 保留会計\nZ : 会計済み',
  `total_price` int(11) NOT NULL DEFAULT '0' COMMENT '合計金額（税抜）',
  `total_tax` int(11) NOT NULL DEFAULT '0' COMMENT '合計消費税額',
  `payment_date` datetime NOT NULL DEFAULT '0000-00-00 00:00:00' COMMENT '会計日時',
  `receipt_print_count` int(11) NOT NULL DEFAULT '0' COMMENT 'レシート発行回数\n0は未発行\n1以上は再発行',
  `quittance_print_count` int(11) NOT NULL DEFAULT '0' COMMENT '領収証発行回数\n0は未発行\n1以上は再発行',
  `notes` text NOT NULL COMMENT '会計の備考',
  PRIMARY KEY (`id`),
  KEY `fk_payslips_shops2_idx` (`shops_id`),
  KEY `fk_payslips_customers2_idx` (`customers_id`),
  KEY `fk_payslips_staffs1_idx` (`staffs_id`),
  CONSTRAINT `fk_payslips_customers2` FOREIGN KEY (`customers_id`) REFERENCES `customers` (`id`) ON DELETE NO ACTION ON UPDATE NO ACTION,
  CONSTRAINT `fk_payslips_shops2` FOREIGN KEY (`shops_id`) REFERENCES `shops` (`id`) ON DELETE NO ACTION ON UPDATE NO ACTION,
  CONSTRAINT `fk_payslips_staffs1` FOREIGN KEY (`staffs_id`) REFERENCES `staffs` (`id`) ON DELETE NO ACTION ON UPDATE NO ACTION
) ENGINE=InnoDB AUTO_INCREMENT=4 DEFAULT CHARSET=utf8;
/*!40101 SET character_set_client = @saved_cs_client */;

--
-- Dumping data for table `payslips`
--

LOCK TABLES `payslips` WRITE;
/*!40000 ALTER TABLE `payslips` DISABLE KEYS */;
INSERT INTO `payslips` VALUES (1,0,'2016-09-01 00:00:00','2016-09-01 00:00:00',1,1,4,'BG100','Z',5537,443,'2016-09-01 00:00:00',1,0,''),(2,0,'2016-09-01 00:00:00','2016-09-01 00:00:00',1,11,6,'BG200','Z',24444,1956,'2016-09-01 00:00:00',1,0,''),(3,0,'2016-09-01 00:00:00','2016-09-01 00:00:00',1,25,4,'BG300','Z',6200,496,'2016-09-01 00:00:00',1,0,'');
/*!40000 ALTER TABLE `payslips` ENABLE KEYS */;
UNLOCK TABLES;

--
-- Table structure for table `pos_access_logs`
--

DROP TABLE IF EXISTS `pos_access_logs`;
/*!40101 SET @saved_cs_client     = @@character_set_client */;
/*!40101 SET character_set_client = utf8 */;
CREATE TABLE `pos_access_logs` (
  `id` int(11) NOT NULL AUTO_INCREMENT,
  `start_datetime` datetime DEFAULT NULL COMMENT '処理開始時間',
  `end_datetime` datetime DEFAULT NULL COMMENT '処理終了時間',
  `try_login_id` varchar(200) DEFAULT NULL COMMENT 'ログインユーザーID',
  `success_flg` tinyint(1) unsigned DEFAULT '0',
  `session_id` varchar(255) DEFAULT NULL COMMENT 'セッションID',
  `client_ip` varchar(15) DEFAULT NULL COMMENT 'クライアントIPアドレス',
  `server_ip` varchar(15) DEFAULT NULL COMMENT 'サーバーIPアドレス',
  `agent` text COMMENT 'USER_AGENT',
  `method` varchar(10) DEFAULT NULL COMMENT 'リクエストメソッド',
  `url` varchar(100) DEFAULT NULL COMMENT 'ドキュメントルート以下URL',
  `referer` text COMMENT 'リファラー',
  `http_status` varchar(3) DEFAULT NULL COMMENT 'HTTPステータス',
  PRIMARY KEY (`id`)
) ENGINE=InnoDB DEFAULT CHARSET=utf8;
/*!40101 SET character_set_client = @saved_cs_client */;

--
-- Dumping data for table `pos_access_logs`
--

LOCK TABLES `pos_access_logs` WRITE;
/*!40000 ALTER TABLE `pos_access_logs` DISABLE KEYS */;
/*!40000 ALTER TABLE `pos_access_logs` ENABLE KEYS */;
UNLOCK TABLES;

--
-- Table structure for table `pos_staff4shops`
--

DROP TABLE IF EXISTS `pos_staff4shops`;
/*!40101 SET @saved_cs_client     = @@character_set_client */;
/*!40101 SET character_set_client = utf8 */;
CREATE TABLE `pos_staff4shops` (
  `id` int(11) NOT NULL AUTO_INCREMENT COMMENT '※POS操作可能スタッフの紐付けテーブル',
  `del_flg` tinyint(1) unsigned NOT NULL DEFAULT '0',
  `created` datetime NOT NULL,
  `modified` datetime NOT NULL,
  `staffs_id` int(11) NOT NULL,
  `shops_id` int(11) NOT NULL,
  `duty_type` char(1) NOT NULL DEFAULT 'A' COMMENT '役割タイプ\n※Aは当日の予約表に存在し、かつ当テーブルに紐付けが存在すれば。Zは当テーブルに紐付けが存在すれば一覧に表示・選択可能\nA : 一般スタッフ\nZ : 店舗管理者',
  PRIMARY KEY (`id`),
  KEY `fk_pos_staff4shops_staffs1_idx` (`staffs_id`),
  KEY `fk_pos_staff4shops_shops1_idx` (`shops_id`),
  CONSTRAINT `fk_pos_staff4shops_shops1` FOREIGN KEY (`shops_id`) REFERENCES `shops` (`id`) ON DELETE NO ACTION ON UPDATE NO ACTION,
  CONSTRAINT `fk_pos_staff4shops_staffs1` FOREIGN KEY (`staffs_id`) REFERENCES `staffs` (`id`) ON DELETE NO ACTION ON UPDATE NO ACTION
) ENGINE=InnoDB AUTO_INCREMENT=5 DEFAULT CHARSET=utf8;
/*!40101 SET character_set_client = @saved_cs_client */;

--
-- Dumping data for table `pos_staff4shops`
--

LOCK TABLES `pos_staff4shops` WRITE;
/*!40000 ALTER TABLE `pos_staff4shops` DISABLE KEYS */;
INSERT INTO `pos_staff4shops` VALUES (1,0,'2016-09-01 00:00:00','2016-09-01 00:00:00',3,1,'A'),(2,0,'2016-09-01 00:00:00','2016-09-01 00:00:00',4,1,'A'),(3,0,'2016-09-01 00:00:00','2016-09-01 00:00:00',5,1,'A'),(4,0,'2016-09-01 00:00:00','2016-09-01 00:00:00',6,1,'A');
/*!40000 ALTER TABLE `pos_staff4shops` ENABLE KEYS */;
UNLOCK TABLES;

--
-- Table structure for table `pos_user4shops`
--

DROP TABLE IF EXISTS `pos_user4shops`;
/*!40101 SET @saved_cs_client     = @@character_set_client */;
/*!40101 SET character_set_client = utf8 */;
CREATE TABLE `pos_user4shops` (
  `id` int(11) NOT NULL AUTO_INCREMENT,
  `del_flg` tinyint(1) unsigned NOT NULL DEFAULT '0',
  `created` datetime NOT NULL,
  `modified` datetime NOT NULL,
  `users_id` int(11) NOT NULL,
  `shops_id` int(11) NOT NULL,
  PRIMARY KEY (`id`),
  KEY `fk_pos_user4shops_users1_idx` (`users_id`),
  KEY `fk_pos_user4shops_shops1_idx` (`shops_id`),
  CONSTRAINT `fk_pos_user4shops_shops1` FOREIGN KEY (`shops_id`) REFERENCES `shops` (`id`) ON DELETE NO ACTION ON UPDATE NO ACTION,
  CONSTRAINT `fk_pos_user4shops_users1` FOREIGN KEY (`users_id`) REFERENCES `users` (`id`) ON DELETE NO ACTION ON UPDATE NO ACTION
) ENGINE=InnoDB AUTO_INCREMENT=3 DEFAULT CHARSET=utf8;
/*!40101 SET character_set_client = @saved_cs_client */;

--
-- Dumping data for table `pos_user4shops`
--

LOCK TABLES `pos_user4shops` WRITE;
/*!40000 ALTER TABLE `pos_user4shops` DISABLE KEYS */;
INSERT INTO `pos_user4shops` VALUES (1,0,'2016-09-01 00:00:00','2016-09-01 00:00:00',1,1),(2,1,'2016-09-01 00:00:00','2016-09-01 00:00:00',2,2);
/*!40000 ALTER TABLE `pos_user4shops` ENABLE KEYS */;
UNLOCK TABLES;

--
-- Table structure for table `raspi_histories`
--

DROP TABLE IF EXISTS `raspi_histories`;
/*!40101 SET @saved_cs_client     = @@character_set_client */;
/*!40101 SET character_set_client = utf8 */;
CREATE TABLE `raspi_histories` (
  `id` int(11) NOT NULL AUTO_INCREMENT,
  `del_flg` tinyint(1) unsigned NOT NULL DEFAULT '0',
  `created` datetime NOT NULL,
  `modified` datetime NOT NULL,
  `raspi` varchar(40) NOT NULL COMMENT 'RasPi固有',
  `tel` varchar(20) NOT NULL COMMENT '着信電話番号',
  `access_time` datetime DEFAULT NULL COMMENT '着信時間',
  `answer_second` mediumint(8) unsigned DEFAULT NULL COMMENT '応答時間',
  `conversation_second` mediumint(8) unsigned DEFAULT NULL COMMENT '通話時間',
  `not_answer_second` mediumint(8) unsigned DEFAULT NULL COMMENT '未応答時間',
  `tel_status` int(1) NOT NULL DEFAULT '0' COMMENT '通話状態[0:着信中，1:通話中， 2:通話終了，3:未応答]',
  `customers_id` int(11) DEFAULT NULL,
  `note` text COMMENT 'メモ',
  `status` int(1) NOT NULL DEFAULT '0',
  `contractors_id` int(11) NOT NULL,
  `users_id` int(11) DEFAULT NULL,
  PRIMARY KEY (`id`),
  KEY `fk_raspi_histories_contractors1_idx` (`contractors_id`),
  CONSTRAINT `fk_raspi_histories_contractors1` FOREIGN KEY (`contractors_id`) REFERENCES `contractors` (`id`) ON DELETE NO ACTION ON UPDATE NO ACTION
) ENGINE=InnoDB DEFAULT CHARSET=utf8;
/*!40101 SET character_set_client = @saved_cs_client */;

--
-- Dumping data for table `raspi_histories`
--

LOCK TABLES `raspi_histories` WRITE;
/*!40000 ALTER TABLE `raspi_histories` DISABLE KEYS */;
/*!40000 ALTER TABLE `raspi_histories` ENABLE KEYS */;
UNLOCK TABLES;

--
-- Table structure for table `raspi_notices`
--

DROP TABLE IF EXISTS `raspi_notices`;
/*!40101 SET @saved_cs_client     = @@character_set_client */;
/*!40101 SET character_set_client = utf8 */;
CREATE TABLE `raspi_notices` (
  `id` int(11) NOT NULL AUTO_INCREMENT,
  `del_flg` tinyint(1) unsigned NOT NULL DEFAULT '0',
  `created` datetime NOT NULL,
  `modified` datetime NOT NULL,
  `lasttime` datetime NOT NULL COMMENT '最終更新',
  `raspi` varchar(40) NOT NULL COMMENT 'RasPi固有',
  `tel` varchar(20) NOT NULL,
  PRIMARY KEY (`id`)
) ENGINE=InnoDB DEFAULT CHARSET=utf8;
/*!40101 SET character_set_client = @saved_cs_client */;

--
-- Dumping data for table `raspi_notices`
--

LOCK TABLES `raspi_notices` WRITE;
/*!40000 ALTER TABLE `raspi_notices` DISABLE KEYS */;
/*!40000 ALTER TABLE `raspi_notices` ENABLE KEYS */;
UNLOCK TABLES;

--
-- Table structure for table `raspi_watchdogs`
--

DROP TABLE IF EXISTS `raspi_watchdogs`;
/*!40101 SET @saved_cs_client     = @@character_set_client */;
/*!40101 SET character_set_client = utf8 */;
CREATE TABLE `raspi_watchdogs` (
  `id` int(11) NOT NULL AUTO_INCREMENT,
  `del_flg` tinyint(1) unsigned NOT NULL DEFAULT '0',
  `created` datetime NOT NULL,
  `modified` datetime NOT NULL,
  `raspi` varchar(40) NOT NULL,
  `last_time` datetime NOT NULL,
  `dead_flg` tinyint(2) unsigned DEFAULT '0',
  `mail_send_time` datetime NOT NULL,
  `send_result_flg` int(10) unsigned DEFAULT '0',
  PRIMARY KEY (`id`)
) ENGINE=InnoDB DEFAULT CHARSET=utf8;
/*!40101 SET character_set_client = @saved_cs_client */;

--
-- Dumping data for table `raspi_watchdogs`
--

LOCK TABLES `raspi_watchdogs` WRITE;
/*!40000 ALTER TABLE `raspi_watchdogs` DISABLE KEYS */;
/*!40000 ALTER TABLE `raspi_watchdogs` ENABLE KEYS */;
UNLOCK TABLES;

--
-- Table structure for table `raspis`
--

DROP TABLE IF EXISTS `raspis`;
/*!40101 SET @saved_cs_client     = @@character_set_client */;
/*!40101 SET character_set_client = utf8 */;
CREATE TABLE `raspis` (
  `id` int(11) NOT NULL AUTO_INCREMENT,
  `del_flg` tinyint(1) unsigned NOT NULL DEFAULT '0',
  `created` datetime NOT NULL,
  `modified` datetime NOT NULL,
  `contractors_id` int(11) NOT NULL,
  `raspi` varchar(40) NOT NULL,
  `name` varchar(10) DEFAULT NULL,
  `order_number` tinyint(3) unsigned NOT NULL DEFAULT '0',
  `adjust_second` tinyint(3) unsigned NOT NULL DEFAULT '0',
  `status` int(11) NOT NULL DEFAULT '0',
  PRIMARY KEY (`id`),
  KEY `fk_raspis_contractors1_idx` (`contractors_id`),
  CONSTRAINT `fk_raspis_contractors1` FOREIGN KEY (`contractors_id`) REFERENCES `contractors` (`id`) ON DELETE NO ACTION ON UPDATE NO ACTION
) ENGINE=InnoDB DEFAULT CHARSET=utf8;
/*!40101 SET character_set_client = @saved_cs_client */;

--
-- Dumping data for table `raspis`
--

LOCK TABLES `raspis` WRITE;
/*!40000 ALTER TABLE `raspis` DISABLE KEYS */;
/*!40000 ALTER TABLE `raspis` ENABLE KEYS */;
UNLOCK TABLES;

--
-- Table structure for table `receiving_shipping_log_details`
--

DROP TABLE IF EXISTS `receiving_shipping_log_details`;
/*!40101 SET @saved_cs_client     = @@character_set_client */;
/*!40101 SET character_set_client = utf8 */;
CREATE TABLE `receiving_shipping_log_details` (
  `id` int(11) NOT NULL AUTO_INCREMENT,
  `del_flg` tinyint(1) unsigned NOT NULL DEFAULT '0',
  `created` datetime NOT NULL,
  `modified` datetime NOT NULL,
  `receiving_shipping_logs_id` int(11) NOT NULL,
  `item_details_id` int(11) NOT NULL,
  `item_separate_type` char(1) NOT NULL DEFAULT 'A' COMMENT 'アイテムの分類タイプ\nA : 商品として分類\nB : 消耗品として分類',
  `amount` int(11) NOT NULL COMMENT '数量\nマイナス値は減算として扱う',
  PRIMARY KEY (`id`),
  KEY `fk_receiving_shipping_log_details_receiving_shipping_logs1_idx` (`receiving_shipping_logs_id`),
  KEY `fk_receiving_shipping_log_details_item_details1_idx` (`item_details_id`),
  CONSTRAINT `fk_receiving_shipping_log_details_item_details1` FOREIGN KEY (`item_details_id`) REFERENCES `item_details` (`id`) ON DELETE NO ACTION ON UPDATE NO ACTION,
  CONSTRAINT `fk_receiving_shipping_log_details_receiving_shipping_logs1` FOREIGN KEY (`receiving_shipping_logs_id`) REFERENCES `receiving_shipping_logs` (`id`) ON DELETE NO ACTION ON UPDATE NO ACTION
) ENGINE=InnoDB DEFAULT CHARSET=utf8;
/*!40101 SET character_set_client = @saved_cs_client */;

--
-- Dumping data for table `receiving_shipping_log_details`
--

LOCK TABLES `receiving_shipping_log_details` WRITE;
/*!40000 ALTER TABLE `receiving_shipping_log_details` DISABLE KEYS */;
/*!40000 ALTER TABLE `receiving_shipping_log_details` ENABLE KEYS */;
UNLOCK TABLES;

--
-- Table structure for table `receiving_shipping_logs`
--

DROP TABLE IF EXISTS `receiving_shipping_logs`;
/*!40101 SET @saved_cs_client     = @@character_set_client */;
/*!40101 SET character_set_client = utf8 */;
CREATE TABLE `receiving_shipping_logs` (
  `id` int(11) NOT NULL AUTO_INCREMENT,
  `del_flg` tinyint(1) unsigned NOT NULL DEFAULT '0',
  `created` datetime NOT NULL,
  `modified` datetime NOT NULL,
  `shops_id` int(11) NOT NULL,
  `staffs_id` int(11) NOT NULL,
  `items_id` int(11) NOT NULL,
  `payslip_details_id` int(11) DEFAULT NULL,
  `item_purchases_id` int(11) DEFAULT NULL,
  `inventory_details_id` int(11) DEFAULT NULL,
  `process_date` datetime NOT NULL COMMENT '入出庫が発生した日時',
  `item_adjustment_type` char(1) NOT NULL COMMENT 'アイテムの調整タイプ\n・加算\nA : 仕入れ\nB : 他店融通（入庫）\nC : 返品\n・減算\nR : サンプル提供\nS : 施術（静的）\nT : 施術（動的）※カルテからの調整用\nU : 他店融通（出庫）\nV : 破棄（期限切れ）\nW : 破棄（その他）\nX : 仕損\nY : 紛失\nZ : 事故 ※基本不要',
  `item_separate_type` char(1) NOT NULL DEFAULT 'A' COMMENT 'アイテムの分類タイプ\nA : 商品として分類\nB : 消耗品として分類',
  `amount` int(11) NOT NULL COMMENT '数量\nマイナス値は減算として扱う',
  `control_code` varchar(50) NOT NULL DEFAULT '' COMMENT '管理コード（任意）',
  `notes` text NOT NULL COMMENT '入出庫の備考',
  PRIMARY KEY (`id`),
  KEY `fk_receiving_shipping_logs_shops1_idx` (`shops_id`),
  KEY `fk_receiving_shipping_logs_staffs1_idx` (`staffs_id`),
  KEY `fk_receiving_shipping_logs_items1_idx` (`items_id`),
  KEY `fk_receiving_shipping_logs_payslip_details1_idx` (`payslip_details_id`),
  KEY `fk_receiving_shipping_logs_inventory_details1_idx` (`inventory_details_id`),
  KEY `fk_receiving_shipping_logs_item_purchases1_idx` (`item_purchases_id`),
  CONSTRAINT `fk_receiving_shipping_logs_inventory_details1` FOREIGN KEY (`inventory_details_id`) REFERENCES `inventory_details` (`id`) ON DELETE NO ACTION ON UPDATE NO ACTION,
  CONSTRAINT `fk_receiving_shipping_logs_item_purchases1` FOREIGN KEY (`item_purchases_id`) REFERENCES `item_purchases` (`id`) ON DELETE NO ACTION ON UPDATE NO ACTION,
  CONSTRAINT `fk_receiving_shipping_logs_items1` FOREIGN KEY (`items_id`) REFERENCES `items` (`id`) ON DELETE NO ACTION ON UPDATE NO ACTION,
  CONSTRAINT `fk_receiving_shipping_logs_payslip_details1` FOREIGN KEY (`payslip_details_id`) REFERENCES `payslip_details` (`id`) ON DELETE NO ACTION ON UPDATE NO ACTION,
  CONSTRAINT `fk_receiving_shipping_logs_shops1` FOREIGN KEY (`shops_id`) REFERENCES `shops` (`id`) ON DELETE NO ACTION ON UPDATE NO ACTION,
  CONSTRAINT `fk_receiving_shipping_logs_staffs1` FOREIGN KEY (`staffs_id`) REFERENCES `staffs` (`id`) ON DELETE NO ACTION ON UPDATE NO ACTION
) ENGINE=InnoDB DEFAULT CHARSET=utf8;
/*!40101 SET character_set_client = @saved_cs_client */;

--
-- Dumping data for table `receiving_shipping_logs`
--

LOCK TABLES `receiving_shipping_logs` WRITE;
/*!40000 ALTER TABLE `receiving_shipping_logs` DISABLE KEYS */;
/*!40000 ALTER TABLE `receiving_shipping_logs` ENABLE KEYS */;
UNLOCK TABLES;

--
-- Table structure for table `reservation_details`
--

DROP TABLE IF EXISTS `reservation_details`;
/*!40101 SET @saved_cs_client     = @@character_set_client */;
/*!40101 SET character_set_client = utf8 */;
CREATE TABLE `reservation_details` (
  `id` int(11) NOT NULL AUTO_INCREMENT,
  `del_flg` tinyint(1) unsigned NOT NULL DEFAULT '0',
  `created` datetime NOT NULL,
  `modified` datetime NOT NULL,
  `reservations_id` int(11) NOT NULL,
  `staffs_id` int(11) NOT NULL COMMENT '担当スタッフid',
  `staff_name` varchar(50) NOT NULL COMMENT '担当スタッフ名',
  `designate_flg` tinyint(2) unsigned NOT NULL DEFAULT '0' COMMENT '指名フラグ\n0 : 指名なし\n1 : 指名あり',
  `reservation_start_time` time NOT NULL COMMENT '予約時間（開始）',
  `reservation_end_time` time NOT NULL COMMENT '予約時間（終了）',
  PRIMARY KEY (`id`),
  KEY `fk_reservation_details_reservations1_idx` (`reservations_id`),
  CONSTRAINT `fk_reservation_details_reservations1` FOREIGN KEY (`reservations_id`) REFERENCES `reservations` (`id`) ON DELETE NO ACTION ON UPDATE NO ACTION
) ENGINE=InnoDB AUTO_INCREMENT=6 DEFAULT CHARSET=utf8;
/*!40101 SET character_set_client = @saved_cs_client */;

--
-- Dumping data for table `reservation_details`
--

LOCK TABLES `reservation_details` WRITE;
/*!40000 ALTER TABLE `reservation_details` DISABLE KEYS */;
INSERT INTO `reservation_details` VALUES (1,0,'2016-09-08 20:50:37','2016-09-08 20:50:37',1,4,'田崎 詩織',0,'15:00:00','16:00:00'),(2,0,'2016-09-08 20:52:48','2016-09-08 20:52:48',2,5,'石倉 あい',0,'15:00:00','16:00:00'),(3,0,'2016-10-25 13:19:27','2016-10-25 13:19:27',3,5,'石倉 あい',1,'16:30:00','17:30:00'),(4,0,'2016-10-25 13:19:52','2016-10-25 13:19:52',4,4,'田崎 詩織',0,'17:45:00','18:45:00'),(5,0,'2016-10-25 13:20:44','2016-10-25 13:20:44',5,6,'武藤 薫',1,'18:00:00','19:00:00');
/*!40000 ALTER TABLE `reservation_details` ENABLE KEYS */;
UNLOCK TABLES;

--
-- Table structure for table `reservation_menus`
--

DROP TABLE IF EXISTS `reservation_menus`;
/*!40101 SET @saved_cs_client     = @@character_set_client */;
/*!40101 SET character_set_client = utf8 */;
CREATE TABLE `reservation_menus` (
  `id` bigint(20) NOT NULL AUTO_INCREMENT,
  `del_flg` tinyint(1) unsigned NOT NULL DEFAULT '0',
  `created` datetime NOT NULL,
  `modified` datetime NOT NULL,
  `reservations_id` int(11) NOT NULL,
  `categories_id` int(11) DEFAULT NULL COMMENT '※削除予定',
  `reservation_details_id` int(11) DEFAULT NULL,
  `category_name` varchar(50) DEFAULT NULL COMMENT '※削除予定',
  `menus_id` int(11) DEFAULT NULL COMMENT '※削除予定',
  `menu_name` varchar(100) DEFAULT NULL,
  `menu_entity4shops_id` int(11) NOT NULL,
  `contractor_categories_id` int(11) NOT NULL,
  PRIMARY KEY (`id`),
  KEY `fk_reservation_menus_reservation_details1_idx` (`reservation_details_id`),
  KEY `fk_reservation_menus_menu_entity4shops1_idx` (`menu_entity4shops_id`),
  KEY `fk_reservation_menus_contractor_categories1_idx` (`contractor_categories_id`),
  KEY `fk_reservation_menus_reservations1_idx` (`reservations_id`),
  CONSTRAINT `fk_reservation_menus_contractor_categories1` FOREIGN KEY (`contractor_categories_id`) REFERENCES `contractor_categories` (`id`) ON DELETE NO ACTION ON UPDATE NO ACTION,
  CONSTRAINT `fk_reservation_menus_menu_entity4shops1` FOREIGN KEY (`menu_entity4shops_id`) REFERENCES `menu_entity4shops` (`id`) ON DELETE NO ACTION ON UPDATE NO ACTION,
  CONSTRAINT `fk_reservation_menus_reservation_details1` FOREIGN KEY (`reservation_details_id`) REFERENCES `reservation_details` (`id`) ON DELETE NO ACTION ON UPDATE NO ACTION,
  CONSTRAINT `fk_reservation_menus_reservations1` FOREIGN KEY (`reservations_id`) REFERENCES `reservations` (`id`) ON DELETE NO ACTION ON UPDATE NO ACTION
) ENGINE=InnoDB AUTO_INCREMENT=10 DEFAULT CHARSET=utf8;
/*!40101 SET character_set_client = @saved_cs_client */;

--
-- Dumping data for table `reservation_menus`
--

LOCK TABLES `reservation_menus` WRITE;
/*!40000 ALTER TABLE `reservation_menus` DISABLE KEYS */;
INSERT INTO `reservation_menus` VALUES (1,0,'2016-09-08 20:50:37','2016-09-08 20:51:06',1,NULL,1,NULL,NULL,NULL,1,1),(2,0,'2016-09-08 20:52:48','2016-09-08 20:52:48',2,NULL,2,NULL,NULL,NULL,1,1),(3,0,'2016-10-25 13:19:27','2016-10-25 13:19:27',3,NULL,3,NULL,NULL,NULL,1,1),(4,0,'2016-10-25 13:19:27','2016-10-25 13:19:27',3,NULL,3,NULL,NULL,NULL,87,17),(5,0,'2016-10-25 13:19:52','2016-10-25 13:19:52',4,NULL,4,NULL,NULL,NULL,1,1),(6,0,'2016-10-25 13:19:52','2016-10-25 13:19:52',4,NULL,4,NULL,NULL,NULL,140,10),(7,0,'2016-10-25 13:20:44','2016-10-25 13:20:44',5,NULL,5,NULL,NULL,NULL,15,2),(8,0,'2016-10-25 13:20:44','2016-10-25 13:20:44',5,NULL,5,NULL,NULL,NULL,110,11),(9,0,'2016-10-25 13:20:44','2016-10-25 13:20:44',5,NULL,5,NULL,NULL,NULL,87,17);
/*!40000 ALTER TABLE `reservation_menus` ENABLE KEYS */;
UNLOCK TABLES;

--
-- Table structure for table `reservation_notice_mail_logs`
--

DROP TABLE IF EXISTS `reservation_notice_mail_logs`;
/*!40101 SET @saved_cs_client     = @@character_set_client */;
/*!40101 SET character_set_client = utf8 */;
CREATE TABLE `reservation_notice_mail_logs` (
  `id` int(11) NOT NULL AUTO_INCREMENT,
  `del_flg` tinyint(1) unsigned NOT NULL DEFAULT '0',
  `created` datetime NOT NULL,
  `modified` datetime NOT NULL,
  `shops_id` int(11) NOT NULL,
  `reservations_id` int(11) NOT NULL,
  `users_id` int(11) DEFAULT NULL,
  `sent_deadline` datetime NOT NULL,
  `from` varchar(64) NOT NULL,
  `to` varchar(64) NOT NULL,
  `cc` varchar(128) DEFAULT NULL,
  `subject` text NOT NULL,
  `content` text NOT NULL,
  `sent` tinyint(2) unsigned NOT NULL DEFAULT '0',
  `sent_time` datetime DEFAULT NULL,
  PRIMARY KEY (`id`),
  KEY `fk_reservation_notice_mail_logs_shops1_idx` (`shops_id`),
  KEY `fk_reservation_notice_mail_logs_reservations1_idx` (`reservations_id`),
  KEY `fk_reservation_notice_mail_logs_users1_idx` (`users_id`),
  CONSTRAINT `fk_reservation_notice_mail_logs_reservations1` FOREIGN KEY (`reservations_id`) REFERENCES `reservations` (`id`) ON DELETE NO ACTION ON UPDATE NO ACTION,
  CONSTRAINT `fk_reservation_notice_mail_logs_shops1` FOREIGN KEY (`shops_id`) REFERENCES `shops` (`id`) ON DELETE NO ACTION ON UPDATE NO ACTION,
  CONSTRAINT `fk_reservation_notice_mail_logs_users1` FOREIGN KEY (`users_id`) REFERENCES `users` (`id`) ON DELETE NO ACTION ON UPDATE NO ACTION
) ENGINE=InnoDB DEFAULT CHARSET=utf8;
/*!40101 SET character_set_client = @saved_cs_client */;

--
-- Dumping data for table `reservation_notice_mail_logs`
--

LOCK TABLES `reservation_notice_mail_logs` WRITE;
/*!40000 ALTER TABLE `reservation_notice_mail_logs` DISABLE KEYS */;
/*!40000 ALTER TABLE `reservation_notice_mail_logs` ENABLE KEYS */;
UNLOCK TABLES;

--
-- Table structure for table `reservation_web_menus`
--

DROP TABLE IF EXISTS `reservation_web_menus`;
/*!40101 SET @saved_cs_client     = @@character_set_client */;
/*!40101 SET character_set_client = utf8 */;
CREATE TABLE `reservation_web_menus` (
  `id` int(11) NOT NULL AUTO_INCREMENT COMMENT '※削除予定テーブル',
  `del_flg` tinyint(1) unsigned NOT NULL DEFAULT '0',
  `created` datetime NOT NULL,
  `modified` datetime NOT NULL,
  `reservations_id` int(11) NOT NULL,
  `web_menus_id` int(11) NOT NULL,
  `menu_name` varchar(100) NOT NULL,
  PRIMARY KEY (`id`),
  KEY `fk_reservation_web_menus_reservations1_idx` (`reservations_id`),
  KEY `fk_reservation_web_menus_web_menus1_idx` (`web_menus_id`),
  CONSTRAINT `fk_reservation_web_menus_reservations1` FOREIGN KEY (`reservations_id`) REFERENCES `reservations` (`id`) ON DELETE NO ACTION ON UPDATE NO ACTION,
  CONSTRAINT `fk_reservation_web_menus_web_menus1` FOREIGN KEY (`web_menus_id`) REFERENCES `web_menus` (`id`) ON DELETE NO ACTION ON UPDATE NO ACTION
) ENGINE=InnoDB DEFAULT CHARSET=utf8;
/*!40101 SET character_set_client = @saved_cs_client */;

--
-- Dumping data for table `reservation_web_menus`
--

LOCK TABLES `reservation_web_menus` WRITE;
/*!40000 ALTER TABLE `reservation_web_menus` DISABLE KEYS */;
/*!40000 ALTER TABLE `reservation_web_menus` ENABLE KEYS */;
UNLOCK TABLES;

--
-- Table structure for table `reservations`
--

DROP TABLE IF EXISTS `reservations`;
/*!40101 SET @saved_cs_client     = @@character_set_client */;
/*!40101 SET character_set_client = utf8 */;
CREATE TABLE `reservations` (
  `id` int(11) NOT NULL AUTO_INCREMENT,
  `del_flg` tinyint(1) unsigned NOT NULL DEFAULT '0',
  `created` datetime NOT NULL,
  `modified` datetime NOT NULL,
  `reservation_cd` char(30) NOT NULL COMMENT '予約コード\n以下のABCを順に結合したもの\nA ＝ 会計時の西暦年下2桁をA-Jのアルファベット変換したもの\nB ＝ idを36進数変換したもの\nD ＝ 保存時点時間の分',
  `shops_id` int(11) NOT NULL,
  `customers_id` int(11) NOT NULL,
  `cus_name` varchar(50) NOT NULL,
  `cus_name_mei` varchar(50) DEFAULT NULL,
  `tel` varchar(20) DEFAULT NULL,
  `staffs_id` int(11) NOT NULL COMMENT '担当スタッフid',
  `staff_name` varchar(50) NOT NULL COMMENT '担当スタッフ名',
  `designate_flg` tinyint(2) unsigned NOT NULL DEFAULT '0' COMMENT '指名フラグ\n0 : 指名なし\n1 : 指名あり',
  `cancel_type` char(1) NOT NULL DEFAULT '0' COMMENT 'キャンセルタイプ\n 0:キャンセルなし 1:キャンセルあり（Lisavation）\n2 : キャンセルあり（Belle-Calla）',
  `end_with_time_flg` tinyint(2) unsigned NOT NULL DEFAULT '0' COMMENT '終了時間希望フラグ 0:希望なし 1:希望あり',
  `introduction_flg` tinyint(2) unsigned NOT NULL DEFAULT '0' COMMENT '紹介フラグ 0:紹介ではない 1:紹介',
  `simplicity_flg` tinyint(2) unsigned NOT NULL DEFAULT '0' COMMENT '簡易フラグ 0:本予約 1:簡単予約',
  `coming_check_flg` tinyint(2) unsigned NOT NULL DEFAULT '0' COMMENT '来店チェックフラグ \n0:　来店前\n1:　退店済\n2:  来店済\n3:  会計済',
  `reservation_route_cd` char(2) NOT NULL COMMENT '予約経路\n01 : 電話\n02 : 直接来店\n03 : 次回予約\n04 : Web予約\n05 : HPB',
  `reservation_date` date NOT NULL,
  `reservation_start_time` time NOT NULL COMMENT '予約時間（開始）',
  `reservation_end_time` time NOT NULL COMMENT '予約時間（終了）',
  `moto_reservation_cd` char(30) DEFAULT NULL COMMENT '※使ってないかも。\nTODO : 使ってないなら削除',
  `note1` varchar(255) DEFAULT NULL,
  `note2` text,
  `note3` text,
  `baby_number` int(1) NOT NULL DEFAULT '0' COMMENT '赤ちゃんの人数',
  `kids_number` int(1) NOT NULL DEFAULT '0' COMMENT '子供の人数',
  `cus_note` text COMMENT '顧客からの備考',
  `notify_change_flg` tinyint(2) unsigned NOT NULL DEFAULT '0' COMMENT 'web予約が変更・キャンセルされた場合の通知フラグ',
  `payment_ship_flg` tinyint(2) unsigned NOT NULL DEFAULT '0' COMMENT '伝票が用意されているかどうか\n0: まだ用意されていない\n1: 用意済み',
  `record_card_flg` tinyint(2) unsigned NOT NULL DEFAULT '0' COMMENT 'カルテが用意されているかどうか\n0: まだ用意されていない\n1: 用意済み',
  PRIMARY KEY (`id`),
  KEY `fk_reservations_customers_idx` (`customers_id`),
  KEY `fk_reservations_shops1_idx` (`shops_id`),
  CONSTRAINT `fk_reservations_customers` FOREIGN KEY (`customers_id`) REFERENCES `customers` (`id`) ON DELETE NO ACTION ON UPDATE NO ACTION,
  CONSTRAINT `fk_reservations_shops1` FOREIGN KEY (`shops_id`) REFERENCES `shops` (`id`) ON DELETE NO ACTION ON UPDATE NO ACTION
) ENGINE=InnoDB AUTO_INCREMENT=6 DEFAULT CHARSET=utf8;
/*!40101 SET character_set_client = @saved_cs_client */;

--
-- Dumping data for table `reservations`
--

LOCK TABLES `reservations` WRITE;
/*!40000 ALTER TABLE `reservations` DISABLE KEYS */;
INSERT INTO `reservations` VALUES (1,0,'2016-09-08 20:50:37','2016-09-08 20:51:06','BG150',1,25,'123','','',4,'田崎 詩織',0,'0',0,0,1,0,'01','2016-09-08','15:00:00','16:00:00',NULL,NULL,NULL,NULL,0,0,NULL,0,0,0),(2,0,'2016-09-08 20:52:48','2016-09-08 20:52:48','BG252',1,26,'11111','11111','',5,'石倉 あい',0,'0',0,0,1,0,'01','2016-09-08','15:00:00','16:00:00',NULL,NULL,NULL,NULL,0,0,NULL,0,0,0),(3,0,'2016-10-25 13:19:27','2016-10-25 13:19:27','BG319',1,9,'梅村','勝美','0184949254',5,'石倉 あい',1,'0',0,0,0,0,'01','2016-10-25','16:30:00','17:30:00',NULL,NULL,NULL,NULL,0,0,NULL,0,0,0),(4,0,'2016-10-25 13:19:52','2016-10-25 13:19:52','BG419',1,17,'武田','江民','0796147369',4,'田崎 詩織',0,'0',0,0,0,0,'01','2016-10-25','17:45:00','18:45:00',NULL,NULL,NULL,NULL,0,0,NULL,0,0,0),(5,0,'2016-10-25 13:20:44','2016-10-25 13:20:44','BG520',1,7,'長岡','涼花','0764135657',6,'武藤 薫',1,'0',0,0,0,0,'03','2016-10-25','18:00:00','19:00:00',NULL,NULL,NULL,NULL,0,0,NULL,0,1,0);
/*!40000 ALTER TABLE `reservations` ENABLE KEYS */;
UNLOCK TABLES;

--
-- Table structure for table `reserved_tables`
--

DROP TABLE IF EXISTS `reserved_tables`;
/*!40101 SET @saved_cs_client     = @@character_set_client */;
/*!40101 SET character_set_client = utf8 */;
CREATE TABLE `reserved_tables` (
  `id` int(11) NOT NULL AUTO_INCREMENT,
  `del_flg` tinyint(1) unsigned NOT NULL DEFAULT '0',
  `created` datetime NOT NULL,
  `modified` datetime NOT NULL,
  `shops_id` int(11) NOT NULL,
  `reserved_table_date` date NOT NULL COMMENT '予約表日付',
  `business_start_time` time NOT NULL COMMENT '営業開始時間',
  `business_end_time` time NOT NULL COMMENT '営業終了時間',
  `transaction_num` int(11) NOT NULL COMMENT '処理件数',
  `holiday_flg` tinyint(2) unsigned NOT NULL DEFAULT '0' COMMENT '0：営業日\n1：非営業日',
  PRIMARY KEY (`id`),
  KEY `fk_reserved_tables_shops1_idx` (`shops_id`),
  CONSTRAINT `fk_reserved_tables_shops1` FOREIGN KEY (`shops_id`) REFERENCES `shops` (`id`) ON DELETE NO ACTION ON UPDATE NO ACTION
) ENGINE=InnoDB AUTO_INCREMENT=3 DEFAULT CHARSET=utf8;
/*!40101 SET character_set_client = @saved_cs_client */;

--
-- Dumping data for table `reserved_tables`
--

LOCK TABLES `reserved_tables` WRITE;
/*!40000 ALTER TABLE `reserved_tables` DISABLE KEYS */;
INSERT INTO `reserved_tables` VALUES (1,0,'2016-09-08 19:50:50','2016-09-08 19:50:50',1,'2016-09-08','10:00:00','19:00:00',1,0),(2,0,'2016-10-25 13:19:00','2016-10-25 13:19:00',1,'2016-10-25','10:00:00','19:00:00',1,0);
/*!40000 ALTER TABLE `reserved_tables` ENABLE KEYS */;
UNLOCK TABLES;

--
-- Table structure for table `sales_details`
--

DROP TABLE IF EXISTS `sales_details`;
/*!40101 SET @saved_cs_client     = @@character_set_client */;
/*!40101 SET character_set_client = utf8 */;
CREATE TABLE `sales_details` (
  `id` int(11) NOT NULL AUTO_INCREMENT,
  `shop_cd` varchar(10) DEFAULT NULL,
  `accept_date` datetime DEFAULT NULL,
  `accept_no` int(11) DEFAULT NULL,
  `main_pic_cd` varchar(10) DEFAULT NULL,
  `appoint_pic_cd` varchar(10) DEFAULT NULL,
  `staff_name` varchar(50) DEFAULT NULL,
  `member_number` varchar(200) DEFAULT NULL,
  `customer_family_name` varchar(50) DEFAULT NULL,
  `customer_first_name` varchar(50) DEFAULT NULL,
  `own_point` int(11) DEFAULT NULL,
  `point_update_date` datetime DEFAULT NULL,
  `rank` varchar(5) DEFAULT NULL,
  `product_cd` varchar(10) DEFAULT NULL,
  `product_name` varchar(200) DEFAULT NULL,
  `sales_price` decimal(10,0) DEFAULT NULL,
  `discount_price` decimal(10,0) DEFAULT NULL,
  `customers_id` int(11) DEFAULT NULL COMMENT 'データ連携で作成されるデータのため\n確実に存在するわけではない（2014/07/04現在）',
  `shops_id` int(11) DEFAULT NULL,
  PRIMARY KEY (`id`)
) ENGINE=InnoDB DEFAULT CHARSET=utf8;
/*!40101 SET character_set_client = @saved_cs_client */;

--
-- Dumping data for table `sales_details`
--

LOCK TABLES `sales_details` WRITE;
/*!40000 ALTER TABLE `sales_details` DISABLE KEYS */;
/*!40000 ALTER TABLE `sales_details` ENABLE KEYS */;
UNLOCK TABLES;

--
-- Table structure for table `sessions`
--

DROP TABLE IF EXISTS `sessions`;
/*!40101 SET @saved_cs_client     = @@character_set_client */;
/*!40101 SET character_set_client = utf8 */;
CREATE TABLE `sessions` (
  `id` varchar(255) NOT NULL DEFAULT '',
  `data` text NOT NULL,
  `expires` int(11) DEFAULT NULL,
  PRIMARY KEY (`id`)
) ENGINE=InnoDB DEFAULT CHARSET=utf8;
/*!40101 SET character_set_client = @saved_cs_client */;

--
-- Dumping data for table `sessions`
--

LOCK TABLES `sessions` WRITE;
/*!40000 ALTER TABLE `sessions` DISABLE KEYS */;
INSERT INTO `sessions` VALUES ('58r2g5ssmc3v3oh86g69s47353','Config|a:3:{s:9:\"userAgent\";s:32:\"a8b762e206746b7020e41045f4ebeeb7\";s:4:\"time\";i:1476088550;s:9:\"countdown\";i:10;}_Token|a:5:{s:3:\"key\";s:128:\"41ab309152189a1ced04aa9fe295af7a21af83721573515f4ba2dab4de50c8eb05cc618f0f57160f0427d935a1c661ecf3f33fb2eee005ece7031a4bb1112909\";s:18:\"allowedControllers\";a:0:{}s:14:\"allowedActions\";a:0:{}s:14:\"unlockedFields\";a:0:{}s:10:\"csrfTokens\";a:1:{s:128:\"41ab309152189a1ced04aa9fe295af7a21af83721573515f4ba2dab4de50c8eb05cc618f0f57160f0427d935a1c661ecf3f33fb2eee005ece7031a4bb1112909\";i:1476088550;}}',1476088550),('t3u314pauacbeokafoc5a92vq7','Config|a:3:{s:9:\"userAgent\";s:32:\"a8b762e206746b7020e41045f4ebeeb7\";s:4:\"time\";i:1478083394;s:9:\"countdown\";i:10;}_Token|a:5:{s:3:\"key\";s:128:\"3cb26e0cadc36d83898c99835073a601bdd994e521e6dcd55bf83d5a295756840d6286fe9b98803a70f20d2223a479a502a26d65abb43ba25f393e848579ed82\";s:18:\"allowedControllers\";a:0:{}s:14:\"allowedActions\";a:0:{}s:14:\"unlockedFields\";a:0:{}s:10:\"csrfTokens\";a:1:{s:128:\"3cb26e0cadc36d83898c99835073a601bdd994e521e6dcd55bf83d5a295756840d6286fe9b98803a70f20d2223a479a502a26d65abb43ba25f393e848579ed82\";i:1478083394;}}',1478083394),('tpl4k0ppbjs1ksaue0bqi47nd7','Config|a:3:{s:9:\"userAgent\";s:32:\"d6fdf1d77f6fd750bf326b4396e6f8ba\";s:4:\"time\";i:1473338057;s:9:\"countdown\";i:10;}_Token|a:5:{s:3:\"key\";s:128:\"4847d5ade40258fbd914e4e706d527e6995889e091066d7214c32fec143f2814c93bfb920d6446fdb721cb6de63d5d86d9220221b1ec9ac818c256bc28ef9e6d\";s:18:\"allowedControllers\";a:0:{}s:14:\"allowedActions\";a:0:{}s:14:\"unlockedFields\";a:0:{}s:10:\"csrfTokens\";a:92:{s:128:\"7f9c1fe533b3ea29bbe0235ab545a0aa12730499b4f0cfbcaf1ae44e0c404e41adb2c36c930befb198bbbb7b0a910b9e5f686aed14018c7ed840cc63735afe0c\";i:1473336960;s:128:\"3f641fa740f071cd881341a82c0f52d870486e4f18c006d0d54e02080f4079c65b4e62ec07929539bc0b2827666c31c4d00c37cb4d3601c45025382e05530016\";i:1473336961;s:128:\"3728b7589338daa0b3d2ad514f1070db8edf8298b1bac4b2ddb4ec2ed2a12e9fd530d4cb8d93c85f385f83874a0640d7784811fc75735b74df0c3f7dfa96a4e8\";i:1473337056;s:128:\"a60066b61439ff4ef2ecabd6b77d07c93d98d3d9daaae608200e77af59151474e7f9a53efbead1b11ddf7adf4bea041c411e9735d16f92ca150429ee0858ac7d\";i:1473337057;s:128:\"d195ab19604333a38aa007ca7c53f69fe67cdcd33e3874fb83f4bb26d234989bb721dd875a27ff96479f404ee4784d31792e2fe50d2744f7fb8255b4c6f121ba\";i:1473337063;s:128:\"85da61916a6207d990e92ba84bcbdee4161d4fbefd6450dd9eec7da1c8098eeeb8ca073937d36f81c0bad5f7bdb50bf9804c1f5fb2a1702909e27601d7e1f1a0\";i:1473337065;s:128:\"57ecb06069944ce2a24f212e6d1f48ec54cf32910b2f46676819a51a76b1de4184f48c116947a1297be4a56fc9771d64add682ce4b83c943a201c662c2da82f0\";i:1473337105;s:128:\"081c9cd120d1ab2edaebfd4e2adfe5d46b71e2315c26db9fe760d496747a198660e56b4cc7ae38c812510afd7c7ad384d353516aeaf3a6031c47771a5b513bce\";i:1473337106;s:128:\"8878e4ea113d6105c3c14731dff4dedcd34a6da85e2806c143ef1d4271856d0b11cff2f8b73b923b6de0a3bcbe62f440af689daedcdefdc6891d3e74c5304d29\";i:1473337126;s:128:\"ae3afad5af1e4d29246955dfc404d406e4b364e8225579f4476b314efb57dac39e1afa4fdf32f3854c488e9080385e358134c3c734693510c7e44a648dacee31\";i:1473337218;s:128:\"5d92be3cac79b26abeeb268551146ec99f1ea8ca9e47692d3f43a328acd586db5f7f38cf94bd99e8277bba761a179cee69045965c789e476f1c6340f2fdb36e6\";i:1473337219;s:128:\"816b3e4cb290aa408e2d895d2bf7bd6ccf5381eee741329a12cfec4ac6fdcf47db24e250f7fe5de5b7e4eb6c70b35714b9ba79eb3727731269bd84d75449a844\";i:1473337222;s:128:\"63cbe59a0b7e0925f106bc432e832fd69e7862bb3668c9669ee7b465f03365dbdc5ce9b3f28c287d0fae184a64e9a6a055cbfb32bccf22bbc999799cc3a114b0\";i:1473337223;s:128:\"d796152a3170b3ef30b6c3eec6577a785f9afe4dcd9557365400d549aeb52e7e6a48603d1bd8886b3523db0cdc9f2088e9603780f8b8e9ce86a6cdbd3232532b\";i:1473337223;s:128:\"dbb8f9d8c485c322de6bb8db628bf1ff0411d0cd1525d4ce1a9e3417c67b72d19e0a2031464cbebbd0c7dbc7f4f5d7df20746e908b20de34766a44f950d3e666\";i:1473337224;s:128:\"f919f944a65e70174581de375d705154213155ada6410c60e6b5067bb20aa2448a734d762f78434abecdb3b692b1874f244199d76db0294eeb17154b6a4019bc\";i:1473337224;s:128:\"4d57793d9ba801517536b8c17d8f73662bbc27b105488ffe3a377d62cd9dbd518bd7e2a9a03f30fe63029b4b00381e89de5d36319073bdf5687b5917e1611617\";i:1473337226;s:128:\"2260d446afb904d28916ad711770dfb59463ba199ac5f1a0423b6f433ed67c00de769e42a4c58a9fa5e7161a326c59d89ef5d1217ac2dc866b52d869c3aafb29\";i:1473337227;s:128:\"ab74fd75f62c686fe151a961c1ee18ec645f88e33db60c45460119dbad6e036964530c163b02b3017c144e84b57a5bd748f0e9ae750b92b3b58c11e045eda894\";i:1473337237;s:128:\"76a3c43d1b3b8c95296d31a381b3f77fd3edd30263c19e9c2391c5319f8886ae4b03c3989fa2d7649df7539c0df4a442f5caef449ecd06600fe4fb3f55ca84ec\";i:1473337237;s:128:\"2c11705e4aef21ff9ad337dea0485dbc2de4d8bb9a2434e84dc6c3df0fc0441b11bac8f8e846d5dfac90bccc3821f256514259447e325f78e69143c558c7ae7f\";i:1473337238;s:128:\"2551bbd018d7adccab5faf0b5e953e9e468640050388590a97a396521e07c9159dee6732885795b06f896e54e7dd2dce9415ef0772470ddab2230c8bd877463e\";i:1473337239;s:128:\"5955ec8e567759ad65ee99730e0befc9c010bc69aef5d822d1e250eb1023f3ef78473c7fe164839effb391975036e98d418bc9178721d191a8c580bb38c3d7c1\";i:1473337239;s:128:\"74e536f183b3ff151841c779087a9829115be90fcca0aa02a5e42d8a16741ce47911b9e92a8627939f056c5f9853469e21866c53ad469407f7267822db5c0968\";i:1473337240;s:128:\"7821fd7765e3fc31a972f3c2c8f14a3af508a34d382d63868d0cdcffbed2738ea022fab08636177672197807d198903c13a2872e7c0b9a94bd9fe94521c5a80e\";i:1473337241;s:128:\"b677050a828f68411e3e5f49490c87b680ac5dde06044f1b07f70ac98f2fe075da3f6e5b401042c6cb52648eefa56e044056a8098a4ae84705c9ef1172deda7e\";i:1473337243;s:128:\"a34cd5a0ea9980cffb1e310d46c2c6fbf1fbaa8298cffc0be31a72332b80a119dc4a91e4e7c8e3b1a4e5613be67cb6a647c5ac8dde98a857ea3d334436b61ac6\";i:1473337249;s:128:\"00be65048990164c933d8967b7dc9dc472f2d70720db85d45868de9922d84bb3aec844a555a9f49aaa4937c6302724234478b0f3b2b00f2c2a431824b7a54535\";i:1473337258;s:128:\"57fd669c2e44b97c290ebb5148576c32a1bf8e396aeb3ebaa8b9acec03429d3e6b4a8c0db5a422bb9ba618bd4d2db857fd13b0d3fc2e5134dfa064be627bfaaa\";i:1473337258;s:128:\"dd77e8df6cf89b0beb07f6edbcbcb38828bad70a4a2581f7d27949b4a06a18100d0201ef008393c404d90959b86e08dd3f5f7bb3f14491255e77bae159dcdd07\";i:1473337259;s:128:\"ec4b4a36e0029262b357982e2cbd41671ab2459d6e7e92221ea7a0a0bff866e30121968b21ba8de164a5bfc5e0b45d02a3be90437cf2f75c71507ddb35de4ab9\";i:1473337265;s:128:\"51d281a077ee47a18cd0ba999cf7c9418fbe23464af7eb436bca945686f3cb0ee92925cd6908844a5f8d57d5c65fe9733f84ff0c061a43ee0a508e89f4cb3b43\";i:1473337265;s:128:\"a189f1bef50da0917877e592c422955973cc5e8388955675bbe7a976bdd76c29e1497e0bf38d9c33cfd133cc431136c97855f688fe3943c4d0489a9d441bc3a9\";i:1473337266;s:128:\"2140a60acbef610999df042adb7091dff524bbedbac4400834979ff59686f66856fd187c448e3b061d886a94e52efe68f7b8329d6907aa3cbd42e4d825e69af5\";i:1473337267;s:128:\"2cd6c8ad5a4b949ad1078d881180288c2b21488abd4964f2ac97bb44561e161cde76a2e43863a09c074e010be538e92118218e8f3a25fa88270b903d25cb06f3\";i:1473337267;s:128:\"da6de21212b9aa139cb73b6af102c7d83a25a27af81d459f458a81befb46a37a86462440caf640d99b62977ea4b4110a260007eae46f11275730e5133bec2377\";i:1473337269;s:128:\"689154accceb9fd81d3c69798082a417efc88b06fbc24722785b7eb4e5705f3de4e714782a7a8164b4976b6fb5442ea599602ef3256b2971d220ee79ce717892\";i:1473337270;s:128:\"e33a118b533dd55bc175332c4b1d0ef1568692f01c5fbafecd8e6533507186711a17817377bb39ebaa3870571fe06c74a66b3e4f2aec91dd3ec4c83676d5ac6d\";i:1473337272;s:128:\"9a2ef45c017f3ecd79943c1c6e3d282a8494746d6aed9d4cfd7e37c4945e72fc840badab1fb9068fca20497a814f84a021e14811466ff7322bc9d396aa450348\";i:1473337272;s:128:\"55a681fbb5cb0b0e05374d8ee5f24beddeb153ad179f6838e985b085da3c136b00aa43fcd53d61712c46b33e620b031666771ebbfc7a17a4db20c5ec48c8022d\";i:1473337275;s:128:\"63d23bfaed496a86d78b7023201f85a9f6912d8ffa9a5782d65dc73f39a15e57da297d736d077283b020993bba41b4049e180272acbb31c1e85e0ee22aa4da78\";i:1473337354;s:128:\"81159b35f49ed91fc8356c00039c84c58dc01d275b0e932b9558e87809731549532fffdabf75b51ce7252e15bb006257d82db6294901ca3f35af0877fa4ad538\";i:1473337355;s:128:\"515063ac181953db380384a1daba4afc6bf6c72af7026026927ac506d86f7bb6fd6faa0afb1dda40347dbd3e0b992339053c344f1a8e7d3911851216a301461d\";i:1473337367;s:128:\"5ab68198f869ce634537fe8008767b9fd85ed0bc7b2cfe5eac9119cca3f4e85f2438c8bc9c781e3cfdb937ce42add7ffde6ffeed85e09b0099b4a35c5c60ec6a\";i:1473337368;s:128:\"b05e7a6abe752c2f5603406597b8fdb25b33e08d698e748f7007f92fc03350810c12f36ad4aa2ed8da763700097967c464887ac95b59a3fa1870d6e83041d010\";i:1473337368;s:128:\"0b37d7e27407db177409ea20d5ababe6d9de008fd8ffc1d2ca54eb706e439f4af1cc2027b214bf4cffd2fc31554708081b48ea49f1589385800e781b0842d71e\";i:1473337369;s:128:\"6802e1fbd563ee9bfd266c17b62d8f90b183605cc1f55d31f1f982b6a49382a47659303ab35a20b7363982392a08b0cb2d30c96610800cd6a759bc48ebd7fa0a\";i:1473337370;s:128:\"7892775c1dfc4baa449812c1cc6f1a1a355d37004293a03861bf746ec2aa13169fd09b563738e954fe50afe31776e0d3b6c3e53b5eb7616e198d67515193167f\";i:1473337372;s:128:\"16dc62f0490d350e031dbe22c5b9d660b14a318394887c3e17aeac09636fe9a344f71d52c2c651623b31e2d037638ca3491b9119d9b3735872199191edb449ae\";i:1473337372;s:128:\"8ddc842ae1d583182d8f20399d0788c80830e29d0195e3aa5f5f1f3690db11e35fd98ede447ef4889f3cbf52ece9305935f98c961456cc1ac382051c2910bd66\";i:1473337375;s:128:\"5fc80b43c0aee62d9b282e40aaa44b00630c773cd3c23364c12ee6945f96ff3f99af2523a218e4664ba865d0e72163e7876d1f40f378678466b83a14fa27be5e\";i:1473337380;s:128:\"3b0cf3a9596bae89586102459f989083918a35862a5276d2cc83564beecaca733ba23dec2ec73c175f138ca5c9f98cfd98587a9772d9b8e11285415da3e4a006\";i:1473337380;s:128:\"e7c6285832b28e1750c653e73b98386b1546e17130b548dd477757447c8885179e9fa0e79ed3d009fe9a46f2f172dd4fbf695c86afd0a7d7fde73abb9aae10e5\";i:1473337385;s:128:\"ee2975d215fe9639537bc6d986b421f3cd7351f8e4d569fdd66ac08d98b42de2875672ba811f00021d8af63b77bb105a10884664e6c49d7d0762aa02595ec992\";i:1473337386;s:128:\"9a8ef2a042a48b59990011ef2270e515e5d5b5c241f45f16abbb4cd5ba551e134757e8834612fe01fc8b9ed10524b827693f5c4424654ef74d5ba9872c5ed2a7\";i:1473337398;s:128:\"e4f9e64844bcdb81f7fb20f4880c77f0338381ff5c82ac48bf4ffc830190284c9fe4309baf78e633c71f841c8e0dea853c578b02a11b3ebd0ff4c8a8e756891f\";i:1473337399;s:128:\"1af5d9e16ddd5a9094c2cd7dde03425490fee161a7ad77f81f097ff112e299607d14e48be1ca6049be6b876c4ebefed7f24601ef899ed45371e892c3c082bfc6\";i:1473337403;s:128:\"9e74b9691b2ce7db984500fd9d92dd8df2877d23ea0983c267deb3269fba335f8411513d45722239ed7d185fadbdc9e34c457cb88fdcbcb38997180db801439e\";i:1473337406;s:128:\"1d9754247efee504f29661845ffd5453d1bbd906606793207e4ee57491366ff070bcdc43f5137ab997c96895df67138eb53331f71759bd64c7d8f26a48db4d27\";i:1473337415;s:128:\"24ddf1edd469b117d4527ce99323133b44b3480f03803c85da066849a84a26a277576ae595523a6ea72b380a562815c3d5c96f5f19ecb2ba8bb25f3eccd2b2d7\";i:1473337418;s:128:\"8afe741ba7ca3075c782fd32e856cc8cfd4ec2fff3911b4dc3d7005dd0865bb2caf8ab1beadb77d0a2fb5bc40b75634e00030c095f02f6a087e91983cfd6ffcb\";i:1473337426;s:128:\"c71de4a8e5d3e8307e69c428c5e439fcdf9dc39c2516f7134b1339beacf157e02fa26062d4d3709e07c7491546c432ea9bc34acf02fe882114def3d94878620f\";i:1473337434;s:128:\"2f472d95d655c0b80b30771cc031537cd081d547df973558479f952d312c569ae0adcb8d831c740d88246a11c7ef21640459d08146af88d205a141de0bed62fd\";i:1473337437;s:128:\"b229b4cc9cfa032d1e43c2ed0fcfb188da4cf3aa99b7e1c4a0ac9223225540d4475e30a320e0a2fbaa7d3644a2cc184c70cb41d4302580f78d48190535db7397\";i:1473337437;s:128:\"3af414f217276f40aa6d41cd1de405d6a33429730e45f1e0938c5dc80aed8b49bf24a24027dd6c6b149bf21b5e1220cb06bf165572680d5a51374046ef48c9b3\";i:1473337439;s:128:\"3cac9a536a5b029724f7b614943e724334f6c5db8c17e001cbdfe1f6ef63ef8cf2d00081a6ba8aa9a575eab2e0fcb27be733fc886c8d596ae86148b8686539ed\";i:1473337440;s:128:\"67a390f626086588d0cd11239204889bc831c1e5d8fe4346fcfa5c54feb313caea31a29c292fabf850cdb1f64909a2b45dd1e7b5ac62dc110efb717119bc28e5\";i:1473337444;s:128:\"bdf0572740980debfccb2290cbc6917e7e2f91672396af582331240d9091eb1e7d6d1d1799794ab6bc9e33e9ad693bdfd75b7672b2b3b32502905ac087b9b85c\";i:1473337444;s:128:\"9203f830e424c6fdc22380ad1f4a56783a86adb661220b16273d6b428f7d61f9b1d3a37b07169ec4d1b15aa03a160b014005b99789016f2bc01178018240e729\";i:1473337449;s:128:\"31fb740de1de84b218a2a01c431d2c03328dda946d3ce5e178a39d604f1d59e057912cf6c83cd72ac2c05fc0f8ec50af676ee9f9d8ed12b27058984872c0f643\";i:1473337449;s:128:\"7795ce3dd88cf1bf7a5504b43b7c48a35872cc1b2c924c65185881394c72e5dbe15cf1b9c84c630b2c98ef9c5c357d8a2e23387869ef1d1f81b03f9c347165f2\";i:1473337450;s:128:\"fdf8ffcae50d11342276126361a80a9e37828a5e69392f0474e4b46d307a8eedf9b8c7f32ba39d4efc20ce8b641f71587dea9e614285cf2c8fc7477ffb736b75\";i:1473337450;s:128:\"7c6caa64a92993b0f794ffe4baebc540154cb447768ac93fc9888e36ff1f67274a19302fa4fe6c4482b34fb3f5898e7e1ac6fd41be58aeb551757b6257d7d814\";i:1473337452;s:128:\"7569864a6bdeefd74ef2b0c3ebf21d0e7d2f51c8762435a1b0e18a711c29c9403e215002a6dee002656485819b2510370bd271ec4b7c19137cb3fa74d3dbbdfb\";i:1473337453;s:128:\"011dbb16f3bf7365a5b145e37eebf9024d95640c320f6f531fc4943a611096ba8777a241a582d1c36efba531caf7ec07e76604032387220e0a2cc0df58fa7235\";i:1473337453;s:128:\"e92782320ba2bc6b129af47ebf8502e3534ba76df3d7a7895455e5c5ca6e655f174280e6241e6b152077a3c434055548993bba1617dd6483343ffe47f5de3e28\";i:1473337454;s:128:\"38273802af491032decb8ff65c36856ff772cbee6841848329ae970fda1f80886e9cfa022e2370b4c3a5d4ae17e704e983dcdc8476730733bbd7861a74c09fa0\";i:1473337472;s:128:\"363abe1552f61fcc445a3e071f5420b73899da4fe0a02d8d0fdfd5150ed1bbde4096242ffd3d836d1b63c06a5e88f7a6d076cd1d4ba5dd40f962906cc95a687d\";i:1473337472;s:128:\"76c097c59c409be9f6c95486cc026482126225b14825f8862503520130446eedad981200b1e2d9343914181627d29e05d1cfd3d6af4e3482bdf4e960c34f4e47\";i:1473337475;s:128:\"2f1c0498f5de9571d44f92e3c136f9e93ea3f224a1870e4e23974f19f1b0000264a8d6a2a385bc97003e16f0b863a3062ed0cb6c1048a3336f945099da31de63\";i:1473337503;s:128:\"a274f6275ec1dd98fcac5dd4fafe93b261443c88ebce87426981af8867a628aab72201f9bf3ee8d8f13ac0cfc51c51dd1a45bddbd06ab06a6e69219017420100\";i:1473337531;s:128:\"51fe128cbfb6fdc96fa8c772a5a7e6701d33292e286c2945229ce82eda3bc4327083087fb94e48c09d46aad8cdbc68fa6c22ee943e6c4c191cb283ec0d088af5\";i:1473337533;s:128:\"bc0e4de99e23559a9421ceea894d7bcf2147295f873de6f837e4fe48bfdb36569b09c83e0bfde81ffceb9aebda7f5a2110bf77240625e99841e5428fd518c032\";i:1473337593;s:128:\"d873f26db40c0ef897f311da88c8ef57ce08fb0aa1db85f034cecfaf86182bc1fb8b0ac441300532e50fc0bc2c2df202a85a7fb31d374df191af2cf86477001a\";i:1473337636;s:128:\"7309d09f58426a02f810d7782c705c31cc25cea8a10a3fe4f48fb07d62f0be17ad5639f3722beae48c614d5e652fbf047b267b37ea7aaa338d5f4c93527b62a4\";i:1473337637;s:128:\"115d39efa11e0ecc1e46fbe94980c09a50f6e57087cdf61de38726f3d87c2ce8f6971c64f798d51355c60a991db4895a5bb77723c1f1b513a319eb0e64569b1a\";i:1473337638;s:128:\"37fed2f58cb2c1a90d05aa63ad12c3ad8fb2d1dc8f10368a7b6a22275843fe82165d55214be692ae61ec5fddce63e83a340251803d6531d2fccf1ede0fc7775c\";i:1473337640;s:128:\"5dea979ee8111eaf9c486899156d6da69f4f6dc4b7aeac304d04ae079239e5573c0ff4e2081bf6119ff2f5e84a5921ee19db75006b0308999f5a208971276759\";i:1473337933;s:128:\"531ca144eb5b5511dcc3ba4c6d21c14778f50d5aa0800c5a148e5374510f5d290cce92f9eedb4d882fedc852324f2ab7e13724416711f802c43e6f4a30e4a696\";i:1473338053;s:128:\"62befd6e9e9bbc5cc4dfc2257f727460512f6ae1976f91635db5477cd468e7df55a38acaa8c9bc574cd076d05b04f3703ed2a7efdd4a59ece865b4a0f6004c93\";i:1473338054;s:128:\"79962eb64c8177bb3408f7eeabefaf86cf18aa55d973c37794e0ae53471ed48422e9994274e7fbe3697055bf3c7e25e8223868abaaad50cb95497e9706e42ab0\";i:1473338055;s:128:\"4847d5ade40258fbd914e4e706d527e6995889e091066d7214c32fec143f2814c93bfb920d6446fdb721cb6de63d5d86d9220221b1ec9ac818c256bc28ef9e6d\";i:1473338057;}}Auth|a:1:{s:6:\"LvUser\";a:8:{s:2:\"id\";s:1:\"1\";s:7:\"del_flg\";b:0;s:7:\"created\";s:19:\"2016-09-01 00:00:00\";s:8:\"modified\";s:19:\"2016-09-01 00:00:00\";s:7:\"user_id\";s:6:\"dummy1\";s:9:\"user_name\";s:22:\"ダミーユーザー1\";s:14:\"contractors_id\";s:1:\"1\";s:9:\"mail_addr\";s:22:\"sample@rdcl-opti.co.jp\";}}LvUser|a:1:{s:12:\"reminder_flg\";s:1:\"0\";}pagingSupport_customer_managecustomer_list|a:3:{s:11:\"search_name\";s:0:\"\";s:20:\"search_member_number\";s:0:\"\";s:10:\"search_tel\";s:0:\"\";}',1473338057);
/*!40000 ALTER TABLE `sessions` ENABLE KEYS */;
UNLOCK TABLES;

--
-- Table structure for table `shops`
--

DROP TABLE IF EXISTS `shops`;
/*!40101 SET @saved_cs_client     = @@character_set_client */;
/*!40101 SET character_set_client = utf8 */;
CREATE TABLE `shops` (
  `id` int(11) NOT NULL AUTO_INCREMENT,
  `del_flg` tinyint(1) unsigned NOT NULL DEFAULT '0',
  `created` datetime NOT NULL,
  `modified` datetime NOT NULL,
  `contractors_id` int(11) NOT NULL,
  `specific_code` varchar(50) DEFAULT NULL COMMENT '特殊コード\nオーナーが自身の影響範囲下にある要素に対して、定義できるコード',
  `shop_name` varchar(50) NOT NULL COMMENT '店舗名',
  `shop_kana` varchar(50) NOT NULL COMMENT '店舗名かな',
  `business_start_time` time NOT NULL,
  `business_end_time` time NOT NULL,
  `woeid` varchar(8) NOT NULL,
  `nursery_flg` tinyint(2) unsigned NOT NULL DEFAULT '0' COMMENT '託児所',
  `web_shop_name` varchar(50) NOT NULL COMMENT 'Web予約時に表示する店舗名',
  `tel` varchar(20) NOT NULL,
  `reservation_mail` varchar(300) NOT NULL COMMENT '予約通知用メールアドレス\nカンマ(,)区切りで複数指定可能',
  `system_mail` varchar(100) NOT NULL COMMENT 'システムからの通知用メールアドレス',
  `zip_no` varchar(20) NOT NULL COMMENT '店舗郵便番号',
  `addr` varchar(255) NOT NULL COMMENT '店舗住所',
  `url` varchar(200) NOT NULL COMMENT 'サロンWEBサイトURL',
  `access` text NOT NULL COMMENT 'アクセス（◯◯線◯◯駅徒歩◯◯分）',
  `map_lat` geometry NOT NULL COMMENT '緯度（GoogleMapAPI用）',
  `map_lang` geometry NOT NULL COMMENT '経度（GoogleMapAPI用）',
  `pathname` varchar(200) NOT NULL COMMENT '店舗画像ファイルパス',
  `booking_cutoff_type` varchar(2) NOT NULL DEFAULT '1' COMMENT 'booking_cutoff_timeの値はVAL\nA = (VAL % 1000)\nB = (VAL / 1000) % 1000\nbooking_cutoff_typeによって違う意味がある。\n01: B日前のA時まで予約を受け付けます。\n02: 前日閉店後A時間まで...\n03: 前営業日閉店後A時間まで...\n04: 営業開始前A時間まで...\n05: 施術開始のA時間前まで...\n     営業時間中B時間前まで...',
  `booking_cutoff_time` int(10) unsigned NOT NULL DEFAULT '1' COMMENT 'booking_cutoff_timeの値はVAL\nA = (VAL % 1000)\nB = (VAL / 1000) % 1000\nbooking_cutoff_typeによって違う意味がある。\n01: B日前のA時まで予約を受け付けます。\n02: 前日閉店後A時間まで...\n03: 前営業日閉店後A時間まで...\n04: 営業開始前A時間まで...\n05: 施術開始のA時間前まで...\n     営業時間中B時間前まで...\n',
  `web_valid_days` int(11) NOT NULL COMMENT 'WEBでの予約可能期間',
  `cancelable_time_type` char(1) NOT NULL DEFAULT 'A' COMMENT 'キャンセル可能期限のタイプ\nA : 施術開始時間より◯時間前（非営業日を含む）\nB：施術開始時間より◯時間前（非営業日を含まない）',
  `cancelable_time_value` int(10) unsigned NOT NULL DEFAULT '24' COMMENT 'キャンセル可能期限のタイプの時間\nA : 施術開始時間より◯時間前（非営業日を含む）\nB：施術開始時間より◯時間前（非営業日を含まない）',
  `auto_settlement_time` time NOT NULL DEFAULT '00:00:00' COMMENT '自動締め処理時間\n※当日の営業終了時間から●●時間として扱う\n※日をまたぐことは許容しない仕様のため、24時を超える場合は本カラムを無視する\n※最小単位は15分',
  `rcpt_notice` text NOT NULL COMMENT 'レシートの告知部分テキスト（店舗個別用）',
  PRIMARY KEY (`id`),
  KEY `fk_shops_contractors1_idx` (`contractors_id`),
  CONSTRAINT `fk_shops_contractors1` FOREIGN KEY (`contractors_id`) REFERENCES `contractors` (`id`) ON DELETE NO ACTION ON UPDATE NO ACTION
) ENGINE=InnoDB AUTO_INCREMENT=3 DEFAULT CHARSET=utf8;
/*!40101 SET character_set_client = @saved_cs_client */;

--
-- Dumping data for table `shops`
--

LOCK TABLES `shops` WRITE;
/*!40000 ALTER TABLE `shops` DISABLE KEYS */;
INSERT INTO `shops` VALUES (1,0,'2016-09-01 00:00:00','2016-09-01 00:00:00',1,NULL,'Eyelash SHOP1','アイラッシュ ショップ イチ','10:00:00','19:00:00','2345881',1,'Eyelash SHOP1','0664508903','sample@rdcl-opti.co.jp','sample@rdcl-opti.co.jp','5310072','大阪府大阪市北区豊崎5丁目6番2号\n北梅田大宮ビル1階','','','','','','02',5,0,'A',24,'00:00:00','レシート用ダミーテキストレシート用ダミーテキストレシート用ダミーテキストレシート用ダミーテキストレシート用ダミーテキストレシート用ダミーテキストレシート用ダミーテキスト'),(2,0,'2016-09-01 00:00:00','2016-09-01 00:00:00',1,NULL,'Hair SHOP1','ヘア ショップ イチ','10:00:00','19:00:00','2345881',1,'Hair SHOP1','0664508903','sample@rdcl-opti.co.jp','sample@rdcl-opti.co.jp','5310072','大阪府大阪市北区豊崎5丁目6番2号\n北梅田大宮ビル1階','','','','','','02',5,0,'A',24,'00:00:00','レシート用ダミーテキストレシート用ダミーテキストレシート用ダミーテキストレシート用ダミーテキストレシート用ダミーテキストレシート用ダミーテキストレシート用ダミーテキスト');
/*!40000 ALTER TABLE `shops` ENABLE KEYS */;
UNLOCK TABLES;

--
-- Table structure for table `staff4staff_competences`
--

DROP TABLE IF EXISTS `staff4staff_competences`;
/*!40101 SET @saved_cs_client     = @@character_set_client */;
/*!40101 SET character_set_client = utf8 */;
CREATE TABLE `staff4staff_competences` (
  `id` int(11) NOT NULL AUTO_INCREMENT,
  `del_flg` tinyint(1) unsigned NOT NULL DEFAULT '0',
  `created` datetime NOT NULL,
  `modified` datetime NOT NULL,
  `staff_competences_id` int(11) NOT NULL,
  `staffs_id` int(11) NOT NULL,
  `apply_period_from` datetime NOT NULL DEFAULT '1970-01-01 00:00:00' COMMENT '適用期間（開始）',
  `apply_period_to` datetime NOT NULL DEFAULT '9999-12-31 23:59:59' COMMENT '適用期間（終了）',
  PRIMARY KEY (`id`),
  KEY `fk_staff4staff_competences_staffs1_idx` (`staffs_id`),
  KEY `fk_staff4staff_competences_staff_competences1_idx` (`staff_competences_id`),
  CONSTRAINT `fk_staff4staff_competences_staff_competences1` FOREIGN KEY (`staff_competences_id`) REFERENCES `staff_competences` (`id`) ON DELETE NO ACTION ON UPDATE NO ACTION,
  CONSTRAINT `fk_staff4staff_competences_staffs1` FOREIGN KEY (`staffs_id`) REFERENCES `staffs` (`id`) ON DELETE NO ACTION ON UPDATE NO ACTION
) ENGINE=InnoDB AUTO_INCREMENT=21 DEFAULT CHARSET=utf8;
/*!40101 SET character_set_client = @saved_cs_client */;

--
-- Dumping data for table `staff4staff_competences`
--

LOCK TABLES `staff4staff_competences` WRITE;
/*!40000 ALTER TABLE `staff4staff_competences` DISABLE KEYS */;
INSERT INTO `staff4staff_competences` VALUES (1,0,'2016-09-01 00:00:00','2016-09-01 00:00:00',1,3,'1970-01-01 00:00:00','9999-12-31 23:59:59'),(2,0,'2016-09-01 00:00:00','2016-09-01 00:00:00',1,5,'1970-01-01 00:00:00','9999-12-31 23:59:59'),(3,0,'2016-09-01 00:00:00','2016-09-01 00:00:00',2,3,'1970-01-01 00:00:00','9999-12-31 23:59:59'),(4,0,'2016-09-01 00:00:00','2016-09-01 00:00:00',2,5,'1970-01-01 00:00:00','9999-12-31 23:59:59'),(5,0,'2016-09-01 00:00:00','2016-09-01 00:00:00',3,3,'1970-01-01 00:00:00','9999-12-31 23:59:59'),(6,0,'2016-09-01 00:00:00','2016-09-01 00:00:00',3,4,'1970-01-01 00:00:00','9999-12-31 23:59:59'),(7,0,'2016-09-01 00:00:00','2016-09-01 00:00:00',3,5,'1970-01-01 00:00:00','9999-12-31 23:59:59'),(8,0,'2016-09-01 00:00:00','2016-09-01 00:00:00',4,3,'1970-01-01 00:00:00','9999-12-31 23:59:59'),(9,0,'2016-09-01 00:00:00','2016-09-01 00:00:00',4,4,'1970-01-01 00:00:00','9999-12-31 23:59:59'),(10,0,'2016-09-01 00:00:00','2016-09-01 00:00:00',5,3,'1970-01-01 00:00:00','9999-12-31 23:59:59'),(11,0,'2016-09-01 00:00:00','2016-09-01 00:00:00',5,4,'1970-01-01 00:00:00','9999-12-31 23:59:59'),(12,0,'2016-09-01 00:00:00','2016-09-01 00:00:00',5,6,'1970-01-01 00:00:00','9999-12-31 23:59:59'),(13,0,'2016-09-01 00:00:00','2016-09-01 00:00:00',6,3,'1970-01-01 00:00:00','9999-12-31 23:59:59'),(14,0,'2016-09-01 00:00:00','2016-09-01 00:00:00',6,6,'1970-01-01 00:00:00','9999-12-31 23:59:59'),(15,0,'2016-09-01 00:00:00','2016-09-01 00:00:00',7,3,'1970-01-01 00:00:00','9999-12-31 23:59:59'),(16,0,'2016-09-01 00:00:00','2016-09-01 00:00:00',8,3,'1970-01-01 00:00:00','9999-12-31 23:59:59'),(17,0,'2016-09-01 00:00:00','2016-09-01 00:00:00',9,3,'1970-01-01 00:00:00','9999-12-31 23:59:59'),(18,0,'2016-09-01 00:00:00','2016-09-01 00:00:00',9,4,'1970-01-01 00:00:00','9999-12-31 23:59:59'),(19,0,'2016-09-01 00:00:00','2016-09-01 00:00:00',10,3,'1970-01-01 00:00:00','9999-12-31 23:59:59'),(20,0,'2016-09-01 00:00:00','2016-09-01 00:00:00',10,4,'1970-01-01 00:00:00','9999-12-31 23:59:59');
/*!40000 ALTER TABLE `staff4staff_competences` ENABLE KEYS */;
UNLOCK TABLES;

--
-- Table structure for table `staff_competences`
--

DROP TABLE IF EXISTS `staff_competences`;
/*!40101 SET @saved_cs_client     = @@character_set_client */;
/*!40101 SET character_set_client = utf8 */;
CREATE TABLE `staff_competences` (
  `id` int(11) NOT NULL AUTO_INCREMENT,
  `del_flg` tinyint(1) unsigned NOT NULL DEFAULT '0',
  `created` datetime NOT NULL,
  `modified` datetime NOT NULL,
  `contractors_id` int(11) NOT NULL,
  `specific_code` varchar(50) DEFAULT NULL COMMENT '特殊コード\nオーナーが自身の影響範囲下にある要素に対して、定義できるコード',
  `menu_cd` char(2) NOT NULL DEFAULT 'A1' COMMENT 'メニューコード\nA1 : サービス\nB1 : 店販商品\nC1 : 施術指名(個人)\nC2 : 施術指名(男性)\nC3 : 施術指名(女性)\nD1 : 特殊調整(全体調整)\nD2 : 特殊調整(サービス調整)\nD3 : 特殊調整(店販商品調整)\nE1 : 一時メニュー',
  `name` varchar(100) NOT NULL DEFAULT '' COMMENT '技術グループ名称',
  `description` text NOT NULL COMMENT '技術グループ詳細',
  `seq` int(11) NOT NULL COMMENT '表示順',
  PRIMARY KEY (`id`),
  KEY `fk_staff_competences_contractors1_idx` (`contractors_id`),
  CONSTRAINT `fk_staff_competences_contractors1` FOREIGN KEY (`contractors_id`) REFERENCES `contractors` (`id`) ON DELETE NO ACTION ON UPDATE NO ACTION
) ENGINE=InnoDB AUTO_INCREMENT=11 DEFAULT CHARSET=utf8;
/*!40101 SET character_set_client = @saved_cs_client */;

--
-- Dumping data for table `staff_competences`
--

LOCK TABLES `staff_competences` WRITE;
/*!40000 ALTER TABLE `staff_competences` DISABLE KEYS */;
INSERT INTO `staff_competences` VALUES (1,0,'2016-09-01 00:00:00','2016-09-01 00:00:00',1,NULL,'A1','エクステ検定1級','',1),(2,0,'2016-09-01 00:00:00','2016-09-01 00:00:00',1,NULL,'A1','エクステ検定2級','',2),(3,0,'2016-09-01 00:00:00','2016-09-01 00:00:00',1,NULL,'A1','エクステ検定3級','',3),(4,0,'2016-09-01 00:00:00','2016-09-01 00:00:00',1,NULL,'A1','4D検定','',4),(5,0,'2016-09-01 00:00:00','2016-09-01 00:00:00',1,NULL,'A1','アイブロウ検定','',5),(6,0,'2016-09-01 00:00:00','2016-09-01 00:00:00',1,NULL,'A1','ネイル','',6),(7,0,'2016-09-01 00:00:00','2016-09-01 00:00:00',1,NULL,'A1','エクステ検定1級＋アイブロウ検定','',7),(8,0,'2016-09-01 00:00:00','2016-09-01 00:00:00',1,NULL,'A1','エクステ検定2級＋アイブロウ検定','',8),(9,0,'2016-09-01 00:00:00','2016-09-01 00:00:00',1,NULL,'A1','エクステ検定3級＋アイブロウ検定','',9),(10,0,'2016-09-01 00:00:00','2016-09-01 00:00:00',1,NULL,'A1','4D検定＋アイブロウ検定','',10);
/*!40000 ALTER TABLE `staff_competences` ENABLE KEYS */;
UNLOCK TABLES;

--
-- Table structure for table `staff_shifts`
--

DROP TABLE IF EXISTS `staff_shifts`;
/*!40101 SET @saved_cs_client     = @@character_set_client */;
/*!40101 SET character_set_client = utf8 */;
CREATE TABLE `staff_shifts` (
  `id` int(11) NOT NULL AUTO_INCREMENT,
  `del_flg` tinyint(1) unsigned NOT NULL DEFAULT '0',
  `created` datetime NOT NULL,
  `modified` datetime NOT NULL,
  `specific_code` varchar(50) DEFAULT NULL COMMENT '特殊コード\nオーナーが自身の影響範囲下にある要素に対して、定義できるコード',
  `shift_name` varchar(100) NOT NULL DEFAULT '',
  `shift_short_name` varchar(10) NOT NULL DEFAULT '',
  `start_time` time NOT NULL,
  `end_time` time NOT NULL,
  `contractors_id` int(11) NOT NULL,
  `shops_id` int(11) NOT NULL,
  PRIMARY KEY (`id`),
  KEY `fk_staff_shifts_contractors1_idx` (`contractors_id`),
  KEY `fk_staff_shifts_shops1_idx` (`shops_id`),
  CONSTRAINT `fk_staff_shifts_contractors1` FOREIGN KEY (`contractors_id`) REFERENCES `contractors` (`id`) ON DELETE NO ACTION ON UPDATE NO ACTION,
  CONSTRAINT `fk_staff_shifts_shops1` FOREIGN KEY (`shops_id`) REFERENCES `shops` (`id`) ON DELETE NO ACTION ON UPDATE NO ACTION
) ENGINE=InnoDB DEFAULT CHARSET=utf8;
/*!40101 SET character_set_client = @saved_cs_client */;

--
-- Dumping data for table `staff_shifts`
--

LOCK TABLES `staff_shifts` WRITE;
/*!40000 ALTER TABLE `staff_shifts` DISABLE KEYS */;
/*!40000 ALTER TABLE `staff_shifts` ENABLE KEYS */;
UNLOCK TABLES;

--
-- Table structure for table `staff_types`
--

DROP TABLE IF EXISTS `staff_types`;
/*!40101 SET @saved_cs_client     = @@character_set_client */;
/*!40101 SET character_set_client = utf8 */;
CREATE TABLE `staff_types` (
  `id` int(11) NOT NULL AUTO_INCREMENT,
  `del_flg` tinyint(1) unsigned NOT NULL DEFAULT '0',
  `created` datetime NOT NULL,
  `modified` datetime NOT NULL,
  `staffs_id` int(11) NOT NULL,
  `industry_type` char(1) NOT NULL COMMENT '業種タイプ\nA : 美容\nB : 理容\nC : ネイル\nD : アイ',
  PRIMARY KEY (`id`),
  KEY `fk_staffs4industry_types_staffs1_idx` (`staffs_id`),
  CONSTRAINT `fk_staffs4industry_types_staffs1` FOREIGN KEY (`staffs_id`) REFERENCES `staffs` (`id`) ON DELETE NO ACTION ON UPDATE NO ACTION
) ENGINE=InnoDB AUTO_INCREMENT=8 DEFAULT CHARSET=utf8;
/*!40101 SET character_set_client = @saved_cs_client */;

--
-- Dumping data for table `staff_types`
--

LOCK TABLES `staff_types` WRITE;
/*!40000 ALTER TABLE `staff_types` DISABLE KEYS */;
INSERT INTO `staff_types` VALUES (1,0,'2016-09-01 00:00:00','2016-09-01 00:00:00',3,'D'),(2,0,'2016-09-01 00:00:00','2016-09-01 00:00:00',4,'D'),(3,0,'2016-09-01 00:00:00','2016-09-01 00:00:00',5,'D'),(4,0,'2016-09-01 00:00:00','2016-09-01 00:00:00',6,'D'),(5,0,'2016-09-01 00:00:00','2016-09-01 00:00:00',7,'A'),(6,0,'2016-09-01 00:00:00','2016-09-01 00:00:00',8,'A'),(7,0,'2016-09-01 00:00:00','2016-09-01 00:00:00',9,'A');
/*!40000 ALTER TABLE `staff_types` ENABLE KEYS */;
UNLOCK TABLES;

--
-- Table structure for table `staff_work_times`
--

DROP TABLE IF EXISTS `staff_work_times`;
/*!40101 SET @saved_cs_client     = @@character_set_client */;
/*!40101 SET character_set_client = utf8 */;
CREATE TABLE `staff_work_times` (
  `id` int(11) NOT NULL AUTO_INCREMENT,
  `del_flg` tinyint(1) unsigned NOT NULL DEFAULT '0',
  `created` datetime NOT NULL,
  `modified` datetime NOT NULL,
  `reserved_tables_id` int(11) NOT NULL,
  `staffs_id` int(11) NOT NULL,
  `start_time` time NOT NULL,
  `end_time` time NOT NULL,
  PRIMARY KEY (`id`),
  KEY `fk_staff_work_times_reserved_tables1_idx` (`reserved_tables_id`),
  CONSTRAINT `fk_staff_work_times_reserved_tables1` FOREIGN KEY (`reserved_tables_id`) REFERENCES `reserved_tables` (`id`) ON DELETE NO ACTION ON UPDATE NO ACTION
) ENGINE=InnoDB AUTO_INCREMENT=9 DEFAULT CHARSET=utf8;
/*!40101 SET character_set_client = @saved_cs_client */;

--
-- Dumping data for table `staff_work_times`
--

LOCK TABLES `staff_work_times` WRITE;
/*!40000 ALTER TABLE `staff_work_times` DISABLE KEYS */;
INSERT INTO `staff_work_times` VALUES (1,0,'2016-09-08 19:50:50','2016-09-08 19:50:50',1,3,'10:00:00','19:00:00'),(2,0,'2016-09-08 19:50:50','2016-09-08 19:50:50',1,4,'10:00:00','19:00:00'),(3,0,'2016-09-08 19:50:50','2016-09-08 19:50:50',1,5,'10:00:00','19:00:00'),(4,0,'2016-09-08 19:50:50','2016-09-08 19:50:50',1,6,'10:00:00','19:00:00'),(5,0,'2016-10-25 13:19:00','2016-10-25 13:19:00',2,3,'10:00:00','19:00:00'),(6,0,'2016-10-25 13:19:00','2016-10-25 13:19:00',2,4,'10:00:00','19:00:00'),(7,0,'2016-10-25 13:19:00','2016-10-25 13:19:00',2,5,'10:00:00','19:00:00'),(8,0,'2016-10-25 13:19:00','2016-10-25 13:19:00',2,6,'10:00:00','19:00:00');
/*!40000 ALTER TABLE `staff_work_times` ENABLE KEYS */;
UNLOCK TABLES;

--
-- Table structure for table `staff_works`
--

DROP TABLE IF EXISTS `staff_works`;
/*!40101 SET @saved_cs_client     = @@character_set_client */;
/*!40101 SET character_set_client = utf8 */;
CREATE TABLE `staff_works` (
  `id` int(11) NOT NULL AUTO_INCREMENT,
  `del_flg` tinyint(1) unsigned NOT NULL DEFAULT '0',
  `created` datetime NOT NULL,
  `modified` datetime NOT NULL,
  `staffs_id` int(11) NOT NULL,
  `reserved_tables_id` int(11) NOT NULL,
  `seq` int(11) NOT NULL COMMENT '表示順',
  `transaction_num` int(11) NOT NULL COMMENT '処理件数',
  `holiday_flg` tinyint(2) unsigned NOT NULL DEFAULT '0' COMMENT '休みフラグ 0:休みではない　1:休み',
  PRIMARY KEY (`id`),
  KEY `fk_staff_works_reserved_tables1_idx` (`reserved_tables_id`),
  CONSTRAINT `fk_staff_works_reserved_tables1` FOREIGN KEY (`reserved_tables_id`) REFERENCES `reserved_tables` (`id`) ON DELETE NO ACTION ON UPDATE NO ACTION
) ENGINE=InnoDB AUTO_INCREMENT=11 DEFAULT CHARSET=utf8;
/*!40101 SET character_set_client = @saved_cs_client */;

--
-- Dumping data for table `staff_works`
--

LOCK TABLES `staff_works` WRITE;
/*!40000 ALTER TABLE `staff_works` DISABLE KEYS */;
INSERT INTO `staff_works` VALUES (1,0,'2016-09-08 19:50:50','2016-09-08 19:50:50',3,1,1,3,0),(2,0,'2016-09-08 19:50:50','2016-09-08 19:50:50',4,1,2,3,0),(3,0,'2016-09-08 19:50:50','2016-09-08 19:50:50',5,1,3,3,0),(4,0,'2016-09-08 19:50:50','2016-09-08 19:50:50',6,1,4,3,0),(5,0,'2016-09-08 19:50:50','2016-09-08 19:50:50',1,1,99,2,0),(6,0,'2016-10-25 13:19:00','2016-10-25 13:19:00',3,2,1,3,0),(7,0,'2016-10-25 13:19:00','2016-10-25 13:19:00',4,2,2,3,0),(8,0,'2016-10-25 13:19:00','2016-10-25 13:19:00',5,2,3,3,0),(9,0,'2016-10-25 13:19:00','2016-10-25 13:19:00',6,2,4,3,0),(10,0,'2016-10-25 13:19:00','2016-10-25 13:19:00',1,2,99,2,0);
/*!40000 ALTER TABLE `staff_works` ENABLE KEYS */;
UNLOCK TABLES;

--
-- Table structure for table `staffs`
--

DROP TABLE IF EXISTS `staffs`;
/*!40101 SET @saved_cs_client     = @@character_set_client */;
/*!40101 SET character_set_client = utf8 */;
CREATE TABLE `staffs` (
  `id` int(11) NOT NULL AUTO_INCREMENT,
  `del_flg` tinyint(1) unsigned NOT NULL DEFAULT '0',
  `created` datetime NOT NULL,
  `modified` datetime NOT NULL,
  `contractors_id` int(11) NOT NULL,
  `default_shops_id` int(11) NOT NULL COMMENT '常勤店舗のid',
  `specific_code` varchar(50) DEFAULT NULL COMMENT '特殊コード\nオーナーが自身の影響範囲下にある要素に対して、定義できるコード',
  `staff_name` varchar(50) NOT NULL,
  `staff_web_name` varchar(50) DEFAULT NULL COMMENT 'web用表記名',
  `sex` int(10) unsigned NOT NULL COMMENT '性別\n0 : 未設定\n1 : 男性\n2 : 女性',
  `free_flg` tinyint(2) unsigned NOT NULL DEFAULT '0',
  `default_transaction_num` int(11) DEFAULT '0' COMMENT '同時対応可能人数',
  `relocate_flg` tinyint(2) unsigned NOT NULL DEFAULT '0' COMMENT '他店舗へのヘルプ可能フラグ\n0 : ヘルプ不可\n1 : ヘルプ可能',
  `bc_approval_flg` tinyint(2) unsigned NOT NULL DEFAULT '0' COMMENT 'Belle-Callaでスタッフとして表示してもよいかどうか\n0 : 表示不可\n1 : 表示可',
  `enter_date` datetime NOT NULL DEFAULT '1970-01-01 00:00:00',
  `retire_date` datetime NOT NULL DEFAULT '9999-12-31 23:59:59',
  `pin` varchar(200) DEFAULT NULL COMMENT 'スタッフの暗証番号（数字4桁）\n※POSの会計と棚卸担当の選択時のみ使用（2016.10.13現在）',
  PRIMARY KEY (`id`),
  KEY `fk_staffs_contractors1_idx` (`contractors_id`),
  KEY `fk_staffs_shops1_idx` (`default_shops_id`),
  CONSTRAINT `fk_staffs_contractors1` FOREIGN KEY (`contractors_id`) REFERENCES `contractors` (`id`) ON DELETE NO ACTION ON UPDATE NO ACTION,
  CONSTRAINT `fk_staffs_shops1` FOREIGN KEY (`default_shops_id`) REFERENCES `shops` (`id`) ON DELETE NO ACTION ON UPDATE NO ACTION
) ENGINE=InnoDB AUTO_INCREMENT=10 DEFAULT CHARSET=utf8;
/*!40101 SET character_set_client = @saved_cs_client */;

--
-- Dumping data for table `staffs`
--

LOCK TABLES `staffs` WRITE;
/*!40000 ALTER TABLE `staffs` DISABLE KEYS */;
INSERT INTO `staffs` VALUES (1,0,'2016-09-01 00:00:00','2016-09-01 00:00:00',1,1,NULL,'Free',NULL,0,1,2,0,1,'1970-01-01 00:00:00','9999-12-31 23:59:59',NULL),(2,0,'2016-09-01 00:00:00','2016-09-01 00:00:00',1,2,NULL,'Free',NULL,0,1,2,0,1,'1970-01-01 00:00:00','9999-12-31 23:59:59',NULL),(3,0,'2016-09-01 00:00:00','2016-09-01 00:00:00',1,1,NULL,'神山 早紀','カミヤマ',2,0,3,0,1,'1970-01-01 00:00:00','9999-12-31 23:59:59','8a46afc82a86dfcf78752effc530ff2716498bb3'),(4,0,'2016-09-01 00:00:00','2016-09-01 00:00:00',1,1,NULL,'田崎 詩織','タザキ',2,0,3,0,1,'1970-01-01 00:00:00','9999-12-31 23:59:59','8a46afc82a86dfcf78752effc530ff2716498bb3'),(5,0,'2016-09-01 00:00:00','2016-09-01 00:00:00',1,1,NULL,'石倉 あい','イシクラ',2,0,3,0,1,'1970-01-01 00:00:00','9999-12-31 23:59:59','8a46afc82a86dfcf78752effc530ff2716498bb3'),(6,0,'2016-09-01 00:00:00','2016-09-01 00:00:00',1,1,NULL,'武藤 薫','ムトウ',2,0,3,0,1,'1970-01-01 00:00:00','9999-12-31 23:59:59','8a46afc82a86dfcf78752effc530ff2716498bb3'),(7,0,'2016-09-01 00:00:00','2016-09-01 00:00:00',1,2,NULL,'堤 勇介','堤',1,0,3,0,1,'1970-01-01 00:00:00','9999-12-31 23:59:59','8a46afc82a86dfcf78752effc530ff2716498bb3'),(8,0,'2016-09-01 00:00:00','2016-09-01 00:00:00',1,2,NULL,'宇都宮 敦','宇都宮',1,0,3,0,1,'1970-01-01 00:00:00','9999-12-31 23:59:59','8a46afc82a86dfcf78752effc530ff2716498bb3'),(9,0,'2016-09-01 00:00:00','2016-09-01 00:00:00',1,2,NULL,'足立 さとみ','足立',2,0,3,0,1,'1970-01-01 00:00:00','9999-12-31 23:59:59','8a46afc82a86dfcf78752effc530ff2716498bb3');
/*!40000 ALTER TABLE `staffs` ENABLE KEYS */;
UNLOCK TABLES;

--
-- Table structure for table `stock_money_logs`
--

DROP TABLE IF EXISTS `stock_money_logs`;
/*!40101 SET @saved_cs_client     = @@character_set_client */;
/*!40101 SET character_set_client = utf8 */;
CREATE TABLE `stock_money_logs` (
  `id` int(11) NOT NULL AUTO_INCREMENT,
  `del_flg` tinyint(1) unsigned NOT NULL DEFAULT '0',
  `created` datetime NOT NULL,
  `modified` datetime NOT NULL,
  `shops_id` int(11) NOT NULL,
  `staffs_id` int(11) DEFAULT NULL COMMENT '残金確認担当者',
  `stock_money_code` varchar(50) NOT NULL DEFAULT '' COMMENT '精算コード\n以下のABCを順に結合したもの\nA ＝ 精算時の西暦年下2桁をA-Jのアルファベット変換したもの\nB ＝ idを36進数変換したもの\nD ＝ 保存時点時間の分',
  `operation_start_time` datetime NOT NULL COMMENT '作業開始の日時',
  `cash_sales_amount` int(11) NOT NULL COMMENT '（作業開始時点での）現金売上げ額',
  `settlement_condition_type` char(1) NOT NULL DEFAULT 'A' COMMENT '精算コンディションタイプ\nA : 精算作業中\nZ : 精算完了',
  `settlement_role_type` char(1) NOT NULL COMMENT '精算ユーザータイプ\nA : 店舗スタッフ\nZ : システム',
  `settlement_type` char(1) NOT NULL COMMENT '精算タイプ\nA : 開店（営業開始前）\nB : 中間（営業開始〜営業終了）\nC : 精算（営業終了後）',
  `settlement_cd` char(2) NOT NULL COMMENT '精算コード\n1 : 入金\n2 : 過剰調整\n3 : 出金\n4 : 不足調整\n5 : 点検\n6 : 銀行預け入れ\n7 : 釣銭準備',
  `total_amount` int(11) NOT NULL COMMENT '合計金額',
  `ten_thousand_bill` int(11) DEFAULT NULL COMMENT '1万円札',
  `five_thousand_bill` int(11) DEFAULT NULL COMMENT '5千円札',
  `two_thousand_bill` int(11) DEFAULT NULL COMMENT '2千円札',
  `one_thousand_bill` int(11) DEFAULT NULL COMMENT '千円札',
  `five_hundred_coin` int(11) DEFAULT NULL COMMENT '500円硬貨',
  `one_hundred_coin` int(11) DEFAULT NULL COMMENT '100円硬貨',
  `fifty_coin` int(11) DEFAULT NULL COMMENT '50円硬貨',
  `ten_coin` int(11) DEFAULT NULL COMMENT '10円硬貨',
  `five_coin` int(11) DEFAULT NULL COMMENT '5円硬貨',
  `one_coin` int(11) DEFAULT NULL COMMENT '1円硬貨',
  `rep_comment` text COMMENT '担当者コメント',
  PRIMARY KEY (`id`),
  KEY `fk_stock_money_logs_staffs1_idx` (`staffs_id`),
  KEY `fk_stock_money_logs_shops1_idx` (`shops_id`),
  CONSTRAINT `fk_stock_money_logs_shops1` FOREIGN KEY (`shops_id`) REFERENCES `shops` (`id`) ON DELETE NO ACTION ON UPDATE NO ACTION,
  CONSTRAINT `fk_stock_money_logs_staffs1` FOREIGN KEY (`staffs_id`) REFERENCES `staffs` (`id`) ON DELETE NO ACTION ON UPDATE NO ACTION
) ENGINE=InnoDB AUTO_INCREMENT=8 DEFAULT CHARSET=utf8;
/*!40101 SET character_set_client = @saved_cs_client */;

--
-- Dumping data for table `stock_money_logs`
--

LOCK TABLES `stock_money_logs` WRITE;
/*!40000 ALTER TABLE `stock_money_logs` DISABLE KEYS */;
INSERT INTO `stock_money_logs` VALUES (1,0,'2016-09-01 00:00:00','2016-09-01 00:00:00',1,1,'BG100','2016-09-01 00:00:00',0,'Z','A','A','',2000,NULL,NULL,NULL,NULL,NULL,NULL,NULL,NULL,NULL,NULL,'立替て出金していた2000円を戻しました'),(2,0,'2016-09-01 00:00:00','2016-09-01 00:00:00',1,1,'BG200','2016-09-01 00:00:00',0,'Z','A','C','',3000,NULL,NULL,NULL,NULL,NULL,NULL,NULL,NULL,NULL,NULL,'代引料立替のため、3000円出金'),(3,0,'2016-09-01 00:00:00','2016-09-01 00:00:00',1,1,'BG300','2016-09-01 00:00:00',0,'Z','A','E','',34160,0,4,0,10,5,10,10,10,10,10,NULL),(4,0,'2016-09-01 00:00:00','2016-09-01 00:00:00',1,1,'BG400','2016-09-01 00:00:00',0,'Z','A','F','',34160,0,4,0,10,5,10,10,10,10,10,'レジ金の過不足なし'),(5,0,'2016-09-01 00:00:00','2016-09-01 00:00:00',1,1,'BG500','2016-09-01 00:00:00',0,'Z','A','G','',146231,10,5,3,6,13,21,11,6,4,1,NULL),(6,0,'2016-09-01 00:00:00','2016-09-01 00:00:00',1,1,'BG600','2016-09-01 00:00:00',0,'Z','A','H','',112071,NULL,NULL,NULL,NULL,NULL,NULL,NULL,NULL,NULL,NULL,NULL),(7,0,'2016-09-01 00:00:00','2016-09-01 00:00:00',1,1,'BG700','2016-09-01 00:00:00',0,'Z','A','I','',34160,0,4,0,10,5,10,10,10,10,10,NULL);
/*!40000 ALTER TABLE `stock_money_logs` ENABLE KEYS */;
UNLOCK TABLES;

--
-- Table structure for table `supplier4shops`
--

DROP TABLE IF EXISTS `supplier4shops`;
/*!40101 SET @saved_cs_client     = @@character_set_client */;
/*!40101 SET character_set_client = utf8 */;
CREATE TABLE `supplier4shops` (
  `id` int(11) NOT NULL AUTO_INCREMENT,
  `del_flg` tinyint(1) unsigned NOT NULL DEFAULT '0',
  `created` datetime NOT NULL,
  `modified` datetime NOT NULL,
  `suppliers_id` int(11) NOT NULL,
  `shops_id` int(11) NOT NULL,
  PRIMARY KEY (`id`),
  KEY `fk_supplier4shops_shops1_idx` (`shops_id`),
  KEY `fk_supplier4shops_suppliers1_idx` (`suppliers_id`),
  CONSTRAINT `fk_supplier4shops_shops1` FOREIGN KEY (`shops_id`) REFERENCES `shops` (`id`) ON DELETE NO ACTION ON UPDATE NO ACTION,
  CONSTRAINT `fk_supplier4shops_suppliers1` FOREIGN KEY (`suppliers_id`) REFERENCES `suppliers` (`id`) ON DELETE NO ACTION ON UPDATE NO ACTION
) ENGINE=InnoDB DEFAULT CHARSET=utf8;
/*!40101 SET character_set_client = @saved_cs_client */;

--
-- Dumping data for table `supplier4shops`
--

LOCK TABLES `supplier4shops` WRITE;
/*!40000 ALTER TABLE `supplier4shops` DISABLE KEYS */;
/*!40000 ALTER TABLE `supplier4shops` ENABLE KEYS */;
UNLOCK TABLES;

--
-- Table structure for table `suppliers`
--

DROP TABLE IF EXISTS `suppliers`;
/*!40101 SET @saved_cs_client     = @@character_set_client */;
/*!40101 SET character_set_client = utf8 */;
CREATE TABLE `suppliers` (
  `id` int(11) NOT NULL AUTO_INCREMENT,
  `del_flg` tinyint(1) unsigned NOT NULL DEFAULT '0',
  `created` datetime NOT NULL,
  `modified` datetime NOT NULL,
  `contractors_id` int(11) NOT NULL,
  `shops_id` int(11) DEFAULT NULL COMMENT '仕入先店舗（他店融通）',
  `specific_code` varchar(50) DEFAULT NULL COMMENT '特殊コード\nオーナーが自身の影響範囲下にある要素に対して、定義できるコード',
  `name` varchar(200) NOT NULL DEFAULT '' COMMENT '仕入先企業名',
  `name_kana` varchar(200) NOT NULL DEFAULT '' COMMENT '仕入先企業名（カナ）',
  `notes` text NOT NULL COMMENT '仕入先の備考',
  `seq` int(11) NOT NULL COMMENT '表示順',
  PRIMARY KEY (`id`),
  KEY `fk_suppliers_shops1_idx` (`shops_id`),
  KEY `fk_suppliers_contractors1_idx` (`contractors_id`),
  CONSTRAINT `fk_suppliers_contractors1` FOREIGN KEY (`contractors_id`) REFERENCES `contractors` (`id`) ON DELETE NO ACTION ON UPDATE NO ACTION,
  CONSTRAINT `fk_suppliers_shops1` FOREIGN KEY (`shops_id`) REFERENCES `shops` (`id`) ON DELETE NO ACTION ON UPDATE NO ACTION
) ENGINE=InnoDB AUTO_INCREMENT=5 DEFAULT CHARSET=utf8;
/*!40101 SET character_set_client = @saved_cs_client */;

--
-- Dumping data for table `suppliers`
--

LOCK TABLES `suppliers` WRITE;
/*!40000 ALTER TABLE `suppliers` DISABLE KEYS */;
INSERT INTO `suppliers` VALUES (1,0,'2016-09-01 00:00:00','2016-09-01 00:00:00',1,1,NULL,'Eyelash SHOP1','アイラッシュ ショップ イチ','Eyelash SHOP1からの他店融通用',1),(2,0,'2016-09-01 00:00:00','2016-09-01 00:00:00',1,2,NULL,'Hair SHOP1','ヘア ショップ イチ','Hair SHOP1からの他店融通用',2),(3,0,'2016-09-01 00:00:00','2016-09-01 00:00:00',1,NULL,NULL,'購買先A','コウバイサキ エー','',3),(4,0,'2016-09-01 00:00:00','2016-09-01 00:00:00',1,NULL,NULL,'購買先B','コウバイサキ ビー','',4);
/*!40000 ALTER TABLE `suppliers` ENABLE KEYS */;
UNLOCK TABLES;

--
-- Table structure for table `taxes`
--

DROP TABLE IF EXISTS `taxes`;
/*!40101 SET @saved_cs_client     = @@character_set_client */;
/*!40101 SET character_set_client = utf8 */;
CREATE TABLE `taxes` (
  `id` int(11) NOT NULL AUTO_INCREMENT,
  `del_flg` tinyint(1) unsigned NOT NULL DEFAULT '0',
  `created` datetime NOT NULL,
  `modified` datetime NOT NULL,
  `tax_cd` char(3) NOT NULL COMMENT '01: 8%',
  `tax_rate` int(11) NOT NULL COMMENT '消費税率\n8 = 8%',
  `start_time` datetime NOT NULL,
  `end_time` datetime NOT NULL,
  PRIMARY KEY (`id`)
) ENGINE=InnoDB AUTO_INCREMENT=2 DEFAULT CHARSET=utf8;
/*!40101 SET character_set_client = @saved_cs_client */;

--
-- Dumping data for table `taxes`
--

LOCK TABLES `taxes` WRITE;
/*!40000 ALTER TABLE `taxes` DISABLE KEYS */;
INSERT INTO `taxes` VALUES (1,0,'2014-12-01 00:00:00','2014-12-01 00:00:00','01',8,'2014-04-01 00:00:00','9999-12-31 00:00:00');
/*!40000 ALTER TABLE `taxes` ENABLE KEYS */;
UNLOCK TABLES;

--
-- Table structure for table `tx_result_details`
--

DROP TABLE IF EXISTS `tx_result_details`;
/*!40101 SET @saved_cs_client     = @@character_set_client */;
/*!40101 SET character_set_client = utf8 */;
CREATE TABLE `tx_result_details` (
  `id` int(11) NOT NULL AUTO_INCREMENT,
  `del_flg` tinyint(1) unsigned NOT NULL DEFAULT '0',
  `created` datetime NOT NULL,
  `modified` datetime NOT NULL,
  `tx_results_id` int(11) NOT NULL,
  `staffs_id` int(11) DEFAULT NULL,
  `designate_fig` tinyint(2) unsigned NOT NULL DEFAULT '0' COMMENT '指名フラグ\n0 : 指名なし\n1 : 指名あり',
  `tx_start_time` time NOT NULL COMMENT '予約時間（開始）',
  `tx_end_time` time NOT NULL COMMENT '予約時間（終了）',
  `industry_type` char(1) NOT NULL COMMENT '業種タイプ\nA : 美容\nB : 理容\nC : ネイル\nD : アイ',
  `tx_cd` char(2) NOT NULL COMMENT '施術コード\nA1 : カット\nA2 : カラー\nA3 : パーマ\nA4 : ストレート\nA5 : トリートメント\nA6 : セット\nC1 : ネイル\nD1 : アイラッシュ',
  PRIMARY KEY (`id`),
  KEY `fk_tx_result_details_staffs1_idx` (`staffs_id`),
  KEY `fk_tx_result_details_tx_results1_idx` (`tx_results_id`),
  CONSTRAINT `fk_tx_result_details_staffs1` FOREIGN KEY (`staffs_id`) REFERENCES `staffs` (`id`) ON DELETE NO ACTION ON UPDATE NO ACTION,
  CONSTRAINT `fk_tx_result_details_tx_results1` FOREIGN KEY (`tx_results_id`) REFERENCES `tx_results` (`id`) ON DELETE NO ACTION ON UPDATE NO ACTION
) ENGINE=InnoDB DEFAULT CHARSET=utf8;
/*!40101 SET character_set_client = @saved_cs_client */;

--
-- Dumping data for table `tx_result_details`
--

LOCK TABLES `tx_result_details` WRITE;
/*!40000 ALTER TABLE `tx_result_details` DISABLE KEYS */;
/*!40000 ALTER TABLE `tx_result_details` ENABLE KEYS */;
UNLOCK TABLES;

--
-- Table structure for table `tx_results`
--

DROP TABLE IF EXISTS `tx_results`;
/*!40101 SET @saved_cs_client     = @@character_set_client */;
/*!40101 SET character_set_client = utf8 */;
CREATE TABLE `tx_results` (
  `id` int(11) NOT NULL AUTO_INCREMENT,
  `del_flg` tinyint(1) unsigned NOT NULL DEFAULT '0',
  `created` datetime NOT NULL,
  `modified` datetime NOT NULL,
  `shops_id` int(11) NOT NULL,
  `customers_id` int(11) NOT NULL,
  `staffs_id` int(11) NOT NULL,
  `designate_flg` tinyint(2) unsigned NOT NULL DEFAULT '0' COMMENT '指名フラグ\n0 : 指名なし\n1 : 指名あり',
  `introduction_flg` tinyint(2) unsigned NOT NULL DEFAULT '0' COMMENT '紹介フラグ 0:紹介ではない 1:紹介',
  `tx_date` date NOT NULL,
  `tx_start_time` time NOT NULL COMMENT '予約時間（開始）',
  `tx_end_time` time NOT NULL COMMENT '予約時間（終了）',
  PRIMARY KEY (`id`),
  KEY `fk_tx_results_staffs1_idx` (`staffs_id`),
  KEY `fk_tx_results_shops1_idx` (`shops_id`),
  KEY `fk_tx_results_customers1_idx` (`customers_id`),
  CONSTRAINT `fk_tx_results_customers1` FOREIGN KEY (`customers_id`) REFERENCES `customers` (`id`) ON DELETE NO ACTION ON UPDATE NO ACTION,
  CONSTRAINT `fk_tx_results_shops1` FOREIGN KEY (`shops_id`) REFERENCES `shops` (`id`) ON DELETE NO ACTION ON UPDATE NO ACTION,
  CONSTRAINT `fk_tx_results_staffs1` FOREIGN KEY (`staffs_id`) REFERENCES `staffs` (`id`) ON DELETE NO ACTION ON UPDATE NO ACTION
) ENGINE=InnoDB DEFAULT CHARSET=utf8;
/*!40101 SET character_set_client = @saved_cs_client */;

--
-- Dumping data for table `tx_results`
--

LOCK TABLES `tx_results` WRITE;
/*!40000 ALTER TABLE `tx_results` DISABLE KEYS */;
/*!40000 ALTER TABLE `tx_results` ENABLE KEYS */;
UNLOCK TABLES;

--
-- Table structure for table `user4contractor_devices`
--

DROP TABLE IF EXISTS `user4contractor_devices`;
/*!40101 SET @saved_cs_client     = @@character_set_client */;
/*!40101 SET character_set_client = utf8 */;
CREATE TABLE `user4contractor_devices` (
  `id` int(11) NOT NULL AUTO_INCREMENT,
  `del_flg` tinyint(1) unsigned NOT NULL DEFAULT '0',
  `created` datetime NOT NULL,
  `modified` datetime NOT NULL,
  `contractor_devices_id` int(11) NOT NULL,
  `users_id` int(11) NOT NULL,
  `approval_condition_type` char(1) NOT NULL DEFAULT 'A' COMMENT '認証ステータス\nA : 承認待ち\nB : 承認済み\nZ : 拒否',
  `request_notes` text NOT NULL COMMENT '店舗からの認証連絡メモ',
  PRIMARY KEY (`id`),
  KEY `fk_contractor_devices_copy1_contractor_devices1_idx` (`contractor_devices_id`),
  KEY `fk_contractor_devices_copy1_users1_idx` (`users_id`),
  CONSTRAINT `fk_contractor_devices_copy1_contractor_devices1` FOREIGN KEY (`contractor_devices_id`) REFERENCES `contractor_devices` (`id`) ON DELETE NO ACTION ON UPDATE NO ACTION,
  CONSTRAINT `fk_contractor_devices_copy1_users1` FOREIGN KEY (`users_id`) REFERENCES `users` (`id`) ON DELETE NO ACTION ON UPDATE NO ACTION
) ENGINE=InnoDB DEFAULT CHARSET=utf8;
/*!40101 SET character_set_client = @saved_cs_client */;

--
-- Dumping data for table `user4contractor_devices`
--

LOCK TABLES `user4contractor_devices` WRITE;
/*!40000 ALTER TABLE `user4contractor_devices` DISABLE KEYS */;
/*!40000 ALTER TABLE `user4contractor_devices` ENABLE KEYS */;
UNLOCK TABLES;

--
-- Table structure for table `user_available_raspis`
--

DROP TABLE IF EXISTS `user_available_raspis`;
/*!40101 SET @saved_cs_client     = @@character_set_client */;
/*!40101 SET character_set_client = utf8 */;
CREATE TABLE `user_available_raspis` (
  `id` int(11) NOT NULL AUTO_INCREMENT,
  `del_flg` tinyint(1) unsigned NOT NULL DEFAULT '0',
  `created` datetime NOT NULL,
  `modified` datetime NOT NULL,
  `raspis_id` int(11) NOT NULL,
  `users_id` int(11) NOT NULL,
  PRIMARY KEY (`id`),
  KEY `fk_user_available_raspis_users1_idx` (`users_id`),
  KEY `fk_user_available_raspis_raspis1_idx` (`raspis_id`),
  CONSTRAINT `fk_user_available_raspis_raspis1` FOREIGN KEY (`raspis_id`) REFERENCES `raspis` (`id`) ON DELETE NO ACTION ON UPDATE NO ACTION,
  CONSTRAINT `fk_user_available_raspis_users1` FOREIGN KEY (`users_id`) REFERENCES `users` (`id`) ON DELETE NO ACTION ON UPDATE NO ACTION
) ENGINE=InnoDB DEFAULT CHARSET=utf8;
/*!40101 SET character_set_client = @saved_cs_client */;

--
-- Dumping data for table `user_available_raspis`
--

LOCK TABLES `user_available_raspis` WRITE;
/*!40000 ALTER TABLE `user_available_raspis` DISABLE KEYS */;
/*!40000 ALTER TABLE `user_available_raspis` ENABLE KEYS */;
UNLOCK TABLES;

--
-- Table structure for table `users`
--

DROP TABLE IF EXISTS `users`;
/*!40101 SET @saved_cs_client     = @@character_set_client */;
/*!40101 SET character_set_client = utf8 */;
CREATE TABLE `users` (
  `id` int(11) NOT NULL AUTO_INCREMENT,
  `del_flg` tinyint(2) unsigned NOT NULL DEFAULT '0',
  `created` datetime NOT NULL,
  `modified` datetime NOT NULL,
  `specific_code` varchar(50) DEFAULT NULL COMMENT '特殊コード\nオーナーが自身の影響範囲下にある要素に対して、定義できるコード',
  `user_id` varchar(200) NOT NULL,
  `password` varchar(200) NOT NULL,
  `user_name` varchar(45) NOT NULL,
  `contractors_id` int(11) NOT NULL,
  `mail_addr` varchar(200) NOT NULL,
  PRIMARY KEY (`id`),
  KEY `fk_users_contractors1_idx` (`contractors_id`),
  CONSTRAINT `fk_users_contractors1` FOREIGN KEY (`contractors_id`) REFERENCES `contractors` (`id`) ON DELETE NO ACTION ON UPDATE NO ACTION
) ENGINE=InnoDB AUTO_INCREMENT=3 DEFAULT CHARSET=utf8;
/*!40101 SET character_set_client = @saved_cs_client */;

--
-- Dumping data for table `users`
--

LOCK TABLES `users` WRITE;
/*!40000 ALTER TABLE `users` DISABLE KEYS */;
INSERT INTO `users` VALUES (1,0,'2016-09-01 00:00:00','2016-09-01 00:00:00',NULL,'dummy1','6979936a488290349da6152aa8c97284a03f810a','ダミーユーザー1',1,'sample@rdcl-opti.co.jp'),(2,1,'2016-09-01 00:00:00','2016-09-01 00:00:00',NULL,'dummy2','6979936a488290349da6152aa8c97284a03f810a','ダミーユーザー2',1,'sample@rdcl-opti.co.jp');
/*!40000 ALTER TABLE `users` ENABLE KEYS */;
UNLOCK TABLES;

--
-- Table structure for table `web_cus_change_mails`
--

DROP TABLE IF EXISTS `web_cus_change_mails`;
/*!40101 SET @saved_cs_client     = @@character_set_client */;
/*!40101 SET character_set_client = utf8 */;
CREATE TABLE `web_cus_change_mails` (
  `id` int(11) NOT NULL AUTO_INCREMENT,
  `del_flg` tinyint(1) unsigned NOT NULL DEFAULT '0',
  `created` datetime NOT NULL,
  `modified` datetime NOT NULL,
  `web_customers_id` int(11) NOT NULL,
  `mail_addr` varchar(100) NOT NULL COMMENT 'メールアドレス',
  `url_hash` varchar(200) NOT NULL COMMENT 'メールアドレスから生成したハッシュ',
  `complete_flg` tinyint(2) unsigned NOT NULL DEFAULT '0' COMMENT '0：未完了 1：完了済',
  PRIMARY KEY (`id`),
  KEY `fk_web_cus_change_mails_web_customers1_idx` (`web_customers_id`),
  CONSTRAINT `fk_web_cus_change_mails_web_customers1` FOREIGN KEY (`web_customers_id`) REFERENCES `web_customers` (`id`) ON DELETE NO ACTION ON UPDATE NO ACTION
) ENGINE=InnoDB DEFAULT CHARSET=utf8;
/*!40101 SET character_set_client = @saved_cs_client */;

--
-- Dumping data for table `web_cus_change_mails`
--

LOCK TABLES `web_cus_change_mails` WRITE;
/*!40000 ALTER TABLE `web_cus_change_mails` DISABLE KEYS */;
/*!40000 ALTER TABLE `web_cus_change_mails` ENABLE KEYS */;
UNLOCK TABLES;

--
-- Table structure for table `web_cus_first_mails`
--

DROP TABLE IF EXISTS `web_cus_first_mails`;
/*!40101 SET @saved_cs_client     = @@character_set_client */;
/*!40101 SET character_set_client = utf8 */;
CREATE TABLE `web_cus_first_mails` (
  `id` int(11) NOT NULL AUTO_INCREMENT,
  `del_flg` tinyint(1) unsigned NOT NULL DEFAULT '0',
  `created` datetime NOT NULL,
  `modified` datetime NOT NULL,
  `mail_addr` varchar(100) NOT NULL COMMENT 'メールアドレス',
  `url_hash` varchar(200) NOT NULL COMMENT 'メールアドレスから生成したハッシュ',
  `complete_flg` tinyint(2) unsigned NOT NULL DEFAULT '0' COMMENT '0：未完了 1：完了済',
  PRIMARY KEY (`id`)
) ENGINE=InnoDB DEFAULT CHARSET=utf8;
/*!40101 SET character_set_client = @saved_cs_client */;

--
-- Dumping data for table `web_cus_first_mails`
--

LOCK TABLES `web_cus_first_mails` WRITE;
/*!40000 ALTER TABLE `web_cus_first_mails` DISABLE KEYS */;
/*!40000 ALTER TABLE `web_cus_first_mails` ENABLE KEYS */;
UNLOCK TABLES;

--
-- Table structure for table `web_cus_reset_passwords`
--

DROP TABLE IF EXISTS `web_cus_reset_passwords`;
/*!40101 SET @saved_cs_client     = @@character_set_client */;
/*!40101 SET character_set_client = utf8 */;
CREATE TABLE `web_cus_reset_passwords` (
  `id` int(11) NOT NULL AUTO_INCREMENT,
  `del_flg` tinyint(1) unsigned NOT NULL DEFAULT '0',
  `created` datetime NOT NULL,
  `modified` datetime NOT NULL,
  `mail_addr` varchar(100) NOT NULL COMMENT 'メールアドレス',
  `url_hash` varchar(200) NOT NULL COMMENT 'メールアドレスから生成したハッシュ',
  `complete_flg` tinyint(2) unsigned NOT NULL DEFAULT '0' COMMENT '0：未完了 1：完了済',
  PRIMARY KEY (`id`)
) ENGINE=InnoDB DEFAULT CHARSET=utf8;
/*!40101 SET character_set_client = @saved_cs_client */;

--
-- Dumping data for table `web_cus_reset_passwords`
--

LOCK TABLES `web_cus_reset_passwords` WRITE;
/*!40000 ALTER TABLE `web_cus_reset_passwords` DISABLE KEYS */;
/*!40000 ALTER TABLE `web_cus_reset_passwords` ENABLE KEYS */;
UNLOCK TABLES;

--
-- Table structure for table `web_cus_users`
--

DROP TABLE IF EXISTS `web_cus_users`;
/*!40101 SET @saved_cs_client     = @@character_set_client */;
/*!40101 SET character_set_client = utf8 */;
CREATE TABLE `web_cus_users` (
  `id` int(11) NOT NULL AUTO_INCREMENT,
  `del_flg` tinyint(1) unsigned NOT NULL DEFAULT '0',
  `created` datetime NOT NULL,
  `modified` datetime NOT NULL,
  `user_id` varchar(200) NOT NULL,
  `password` varchar(200) NOT NULL,
  `last_login` datetime DEFAULT NULL,
  `login_flg` tinyint(2) unsigned DEFAULT '0',
  `verification_cd` varchar(100) DEFAULT NULL,
  PRIMARY KEY (`id`)
) ENGINE=InnoDB AUTO_INCREMENT=21 DEFAULT CHARSET=utf8;
/*!40101 SET character_set_client = @saved_cs_client */;

--
-- Dumping data for table `web_cus_users`
--

LOCK TABLES `web_cus_users` WRITE;
/*!40000 ALTER TABLE `web_cus_users` DISABLE KEYS */;
INSERT INTO `web_cus_users` VALUES (1,0,'2016-09-01 00:00:00','2016-09-01 00:00:00','maika_oikawa','6979936a488290349da6152aa8c97284a03f810a',NULL,0,NULL),(2,0,'2016-09-01 00:00:00','2016-09-01 00:00:00','sanaehayakawa','6979936a488290349da6152aa8c97284a03f810a',NULL,0,NULL),(3,0,'2016-09-01 00:00:00','2016-09-01 00:00:00','souichitanahashi','6979936a488290349da6152aa8c97284a03f810a',NULL,0,NULL),(4,0,'2016-09-01 00:00:00','2016-09-01 00:00:00','dvqynlryxusyoshikazu492','6979936a488290349da6152aa8c97284a03f810a',NULL,0,NULL),(5,0,'2016-09-01 00:00:00','2016-09-01 00:00:00','asukafujishima','6979936a488290349da6152aa8c97284a03f810a',NULL,0,NULL),(6,0,'2016-09-01 00:00:00','2016-09-01 00:00:00','hiromitsu9896','6979936a488290349da6152aa8c97284a03f810a',NULL,0,NULL),(7,0,'2016-09-01 00:00:00','2016-09-01 00:00:00','itakahata','6979936a488290349da6152aa8c97284a03f810a',NULL,0,NULL),(8,0,'2016-09-01 00:00:00','2016-09-01 00:00:00','eiji_fukuda','6979936a488290349da6152aa8c97284a03f810a',NULL,0,NULL),(9,0,'2016-09-01 00:00:00','2016-09-01 00:00:00','vtzvny==hrywtetsuo74060','6979936a488290349da6152aa8c97284a03f810a',NULL,0,NULL),(10,0,'2016-09-01 00:00:00','2016-09-01 00:00:00','bwims=nnam-emi332','6979936a488290349da6152aa8c97284a03f810a',NULL,0,NULL),(11,0,'2016-09-01 00:00:00','2016-09-01 00:00:00','harukakan','6979936a488290349da6152aa8c97284a03f810a',NULL,0,NULL),(12,0,'2016-09-01 00:00:00','2016-09-01 00:00:00','karin6800','6979936a488290349da6152aa8c97284a03f810a',NULL,0,NULL),(13,0,'2016-09-01 00:00:00','2016-09-01 00:00:00','lelxuh=eh-tterieko26103','6979936a488290349da6152aa8c97284a03f810a',NULL,0,NULL),(14,0,'2016-09-01 00:00:00','2016-09-01 00:00:00','hisamichi_yoshii','6979936a488290349da6152aa8c97284a03f810a',NULL,0,NULL),(15,0,'2016-09-01 00:00:00','2016-09-01 00:00:00','isugai','6979936a488290349da6152aa8c97284a03f810a',NULL,0,NULL),(16,0,'2016-09-01 00:00:00','2016-09-01 00:00:00','nanamiiino','6979936a488290349da6152aa8c97284a03f810a',NULL,0,NULL),(17,0,'2016-09-01 00:00:00','2016-09-01 00:00:00','obaba','6979936a488290349da6152aa8c97284a03f810a',NULL,0,NULL),(18,0,'2016-09-01 00:00:00','2016-09-01 00:00:00','hisashi7965','6979936a488290349da6152aa8c97284a03f810a',NULL,0,NULL),(19,0,'2016-09-01 00:00:00','2016-09-01 00:00:00','haruka3143','6979936a488290349da6152aa8c97284a03f810a',NULL,0,NULL),(20,0,'2016-09-01 00:00:00','2016-09-01 00:00:00','ukurosawa','6979936a488290349da6152aa8c97284a03f810a',NULL,0,NULL);
/*!40000 ALTER TABLE `web_cus_users` ENABLE KEYS */;
UNLOCK TABLES;

--
-- Table structure for table `web_customer4ecsites`
--

DROP TABLE IF EXISTS `web_customer4ecsites`;
/*!40101 SET @saved_cs_client     = @@character_set_client */;
/*!40101 SET character_set_client = utf8 */;
CREATE TABLE `web_customer4ecsites` (
  `id` int(11) NOT NULL AUTO_INCREMENT,
  `del_flg` tinyint(1) unsigned NOT NULL DEFAULT '0',
  `created` datetime NOT NULL,
  `modified` datetime NOT NULL,
  `web_customers_id` int(11) NOT NULL,
  `ecsites_id` int(11) NOT NULL,
  PRIMARY KEY (`id`),
  KEY `fk_web_customer4ecsites_ecsites1_idx` (`ecsites_id`),
  KEY `fk_web_customer4ecsites_web_customers1_idx` (`web_customers_id`),
  CONSTRAINT `fk_web_customer4ecsites_ecsites1` FOREIGN KEY (`ecsites_id`) REFERENCES `ecsites` (`id`) ON DELETE NO ACTION ON UPDATE NO ACTION,
  CONSTRAINT `fk_web_customer4ecsites_web_customers1` FOREIGN KEY (`web_customers_id`) REFERENCES `web_customers` (`id`) ON DELETE NO ACTION ON UPDATE NO ACTION
) ENGINE=InnoDB DEFAULT CHARSET=utf8;
/*!40101 SET character_set_client = @saved_cs_client */;

--
-- Dumping data for table `web_customer4ecsites`
--

LOCK TABLES `web_customer4ecsites` WRITE;
/*!40000 ALTER TABLE `web_customer4ecsites` DISABLE KEYS */;
/*!40000 ALTER TABLE `web_customer4ecsites` ENABLE KEYS */;
UNLOCK TABLES;

--
-- Table structure for table `web_customers`
--

DROP TABLE IF EXISTS `web_customers`;
/*!40101 SET @saved_cs_client     = @@character_set_client */;
/*!40101 SET character_set_client = utf8 */;
CREATE TABLE `web_customers` (
  `id` int(11) NOT NULL AUTO_INCREMENT,
  `del_flg` tinyint(2) unsigned NOT NULL DEFAULT '0',
  `created` datetime NOT NULL,
  `modified` datetime NOT NULL,
  `web_cus_users_id` int(11) NOT NULL,
  `fb_users_id` int(11) NOT NULL,
  `cus_name` varchar(50) NOT NULL COMMENT '顧客名（姓）',
  `cus_name_mei` varchar(50) NOT NULL COMMENT '顧客名（名）',
  `cus_kana` varchar(50) NOT NULL COMMENT '顧客名かな（せい）',
  `cus_kana_mei` varchar(50) NOT NULL COMMENT '顧客名かな（めい）',
  `sex` int(10) unsigned NOT NULL COMMENT '性別\n0 : 未設定\n1 : 男性\n2 : 女性',
  `birthday` date DEFAULT NULL COMMENT '誕生日',
  `tel` varchar(20) NOT NULL COMMENT '電話番号（1）',
  `cp_tel` varchar(20) DEFAULT NULL COMMENT '電話番号（2）',
  `mail_addr` varchar(100) DEFAULT NULL COMMENT 'Eメールアドレス',
  `zip_no` varchar(20) NOT NULL COMMENT '郵便番号',
  `addr` varchar(255) NOT NULL COMMENT '住所',
  `web_member_num` varchar(200) DEFAULT NULL COMMENT 'Web会員番号',
  PRIMARY KEY (`id`)
) ENGINE=InnoDB AUTO_INCREMENT=21 DEFAULT CHARSET=utf8;
/*!40101 SET character_set_client = @saved_cs_client */;

--
-- Dumping data for table `web_customers`
--

LOCK TABLES `web_customers` WRITE;
/*!40000 ALTER TABLE `web_customers` DISABLE KEYS */;
INSERT INTO `web_customers` VALUES (1,0,'2016-09-01 00:00:00','2016-09-01 00:00:00',0,1,'及川','舞花','オイカワ','マイカ',2,'1979-12-27','','0881946035','maika_oikawa@hmygjferx.rkr.kj','7810111','高知県高知市池3-16-8 スイート池412',NULL),(2,0,'2016-09-01 00:00:00','2016-09-01 00:00:00',2,0,'早川','早苗','ハヤカワ','サナエ',2,'1957-05-29','','0872793996','sanaehayakawa@yeziasa.xi','7614403','香川県小豆郡小豆島町当浜1-8-17',NULL),(3,0,'2016-09-01 00:00:00','2016-09-01 00:00:00',3,0,'棚橋','宗一','タナハシ','ソウイチ',1,'1979-12-27','0857765354','0857765354','souichitanahashi@kegqoc.ygp','6800846','',NULL),(4,0,'2016-09-01 00:00:00','2016-09-01 00:00:00',4,0,'柏原','義和','カシワバラ','ヨシカズ',1,'1957-05-29','0855760356','0855760356','dvqynlryxusyoshikazu492@deatjgkjd.qsqm.jm','6902631','',NULL),(5,0,'2016-09-01 00:00:00','2016-09-01 00:00:00',5,0,'藤島','飛鳥','フジシマ','アスカ',2,'1979-12-27','0892094508','0892094508','asukafujishima@utcsvvhtb.ip','7984124','',NULL),(6,0,'2016-09-01 00:00:00','2016-09-01 00:00:00',6,0,'工藤','宏光','クドウ','ヒロミツ',1,'1957-05-29','0296777942','','hiromitsu9896@wouqjc.pfy','3001635','',NULL),(7,0,'2016-09-01 00:00:00','2016-09-01 00:00:00',7,0,'高畑','崇','タカハ','タタカシ',1,'1979-12-27','0992919594','','itakahata@xpalwlqrw.hv.tvj','8914407','',NULL),(8,0,'2016-09-01 00:00:00','2016-09-01 00:00:00',8,0,'福田','英次','フクダ','エイジ',1,'1957-05-29','0994809751','','eiji_fukuda@hqayuor.jk','8980018','',NULL),(9,0,'2016-09-01 00:00:00','2016-09-01 00:00:00',9,0,'河崎','哲夫','カワサキ','テツオ',1,'0000-00-00','083759726','083759726','vtzvny==hrywtetsuo74060@qushkenmk.lsxj.br','7520925','',NULL),(10,0,'2016-09-01 00:00:00','2016-09-01 00:00:00',10,0,'武田','江民','タケダ','エミ',2,'0000-00-00','0796147369','0796147369','bwims=nnam-emi332@gwqi.ser','6694253','',NULL),(11,0,'2016-09-01 00:00:00','2016-09-01 00:00:00',11,0,'関','遥佳','カン','ハルカ',2,'0000-00-00','0184316945','0184316945','harukakan@bxpwdeim.vw','0120867','',NULL),(12,0,'2016-09-01 00:00:00','2016-09-01 00:00:00',12,0,'竹村','華凛','タケムラ','カリン',2,'0000-00-00','','0766438876','karin6800@rtelnzag.ujx','9392721','',NULL),(13,0,'2016-09-01 00:00:00','2016-09-01 00:00:00',13,0,'浅田','理恵子','アサダ','リエコ',2,'0000-00-00','','0870454168','lelxuh=eh-tterieko26103@fkkow.pta','7614305','',NULL),(14,0,'2016-09-01 00:00:00','2016-09-01 00:00:00',14,0,'吉井','久道','ヨシイ','ヒサミチ',1,'0000-00-00','','099925305','hisamichi_yoshii@hbec.zaf','8961601','',NULL),(15,0,'2016-09-01 00:00:00','2016-09-01 00:00:00',15,0,'菅井','未来','スガイ','ミライ',2,'0000-00-00','0442820699','','isugai@lddckyblhi.xql','2500861','',NULL),(16,0,'2016-09-01 00:00:00','2016-09-01 00:00:00',16,0,'飯野','奈々美','イイノ','ナナミ',2,'0000-00-00','0766583052','','nanamiiino@clvoxulxiz.qg','9270627','',NULL),(17,0,'2016-09-01 00:00:00','2016-09-01 00:00:00',17,0,'馬場','道世','ババ','ミチヨ',2,'0000-00-00','0766583053','','obaba@pzjmbleel.pu','6751368','',NULL),(18,0,'2016-09-01 00:00:00','2016-09-01 00:00:00',18,0,'東','寿','アズマ','ヒサシ',1,'0000-00-00','','','hisashi7965@rltrohdwwv.wf.pwh','7320036','',NULL),(19,0,'2016-09-01 00:00:00','2016-09-01 00:00:00',19,0,'松岡','晴花','マツオカ','ハルカ',2,'0000-00-00','','','haruka3143@fztylyr.xep','7991333','',NULL),(20,0,'2016-09-01 00:00:00','2016-09-01 00:00:00',20,0,'黒澤','次郎','クロサワ','ジロウ',1,'0000-00-00','','','ukurosawa@ljpugdnmff.qu','8613902','',NULL);
/*!40000 ALTER TABLE `web_customers` ENABLE KEYS */;
UNLOCK TABLES;

--
-- Table structure for table `web_menu_available_menus`
--

DROP TABLE IF EXISTS `web_menu_available_menus`;
/*!40101 SET @saved_cs_client     = @@character_set_client */;
/*!40101 SET character_set_client = utf8 */;
CREATE TABLE `web_menu_available_menus` (
  `id` int(11) NOT NULL AUTO_INCREMENT COMMENT '※削除予定テーブル',
  `del_flg` tinyint(1) unsigned NOT NULL DEFAULT '0',
  `created` datetime NOT NULL,
  `modified` datetime NOT NULL,
  `web_menus_id` int(11) NOT NULL,
  `menus_id` int(11) NOT NULL,
  `categories_id` int(11) NOT NULL,
  PRIMARY KEY (`id`),
  KEY `fk_web_menu_available_menus_web_menus1_idx` (`web_menus_id`),
  KEY `fk_web_menu_available_menus_menus1_idx` (`menus_id`),
  KEY `fk_web_menu_available_menus_categories1_idx` (`categories_id`),
  CONSTRAINT `fk_web_menu_available_menus_categories1` FOREIGN KEY (`categories_id`) REFERENCES `categories` (`id`) ON DELETE NO ACTION ON UPDATE NO ACTION,
  CONSTRAINT `fk_web_menu_available_menus_menus1` FOREIGN KEY (`menus_id`) REFERENCES `menus` (`id`) ON DELETE NO ACTION ON UPDATE NO ACTION,
  CONSTRAINT `fk_web_menu_available_menus_web_menus1` FOREIGN KEY (`web_menus_id`) REFERENCES `web_menus` (`id`) ON DELETE NO ACTION ON UPDATE NO ACTION
) ENGINE=InnoDB DEFAULT CHARSET=utf8;
/*!40101 SET character_set_client = @saved_cs_client */;

--
-- Dumping data for table `web_menu_available_menus`
--

LOCK TABLES `web_menu_available_menus` WRITE;
/*!40000 ALTER TABLE `web_menu_available_menus` DISABLE KEYS */;
/*!40000 ALTER TABLE `web_menu_available_menus` ENABLE KEYS */;
UNLOCK TABLES;

--
-- Table structure for table `web_menus`
--

DROP TABLE IF EXISTS `web_menus`;
/*!40101 SET @saved_cs_client     = @@character_set_client */;
/*!40101 SET character_set_client = utf8 */;
CREATE TABLE `web_menus` (
  `id` int(11) NOT NULL AUTO_INCREMENT COMMENT '※削除予定テーブル',
  `del_flg` tinyint(1) unsigned NOT NULL DEFAULT '0',
  `created` datetime NOT NULL,
  `modified` datetime NOT NULL,
  `shops_id` int(11) NOT NULL,
  `menu_name` varchar(100) NOT NULL,
  `course_time` int(11) NOT NULL,
  `price` int(11) NOT NULL,
  `seq` int(11) NOT NULL,
  `display_flg` tinyint(2) unsigned NOT NULL DEFAULT '1' COMMENT '表示と非表示',
  `detail` text NOT NULL COMMENT 'メニュー詳細',
  PRIMARY KEY (`id`),
  KEY `fk_web_menus_shops1_idx` (`shops_id`),
  CONSTRAINT `fk_web_menus_shops1` FOREIGN KEY (`shops_id`) REFERENCES `shops` (`id`) ON DELETE NO ACTION ON UPDATE NO ACTION
) ENGINE=InnoDB DEFAULT CHARSET=utf8;
/*!40101 SET character_set_client = @saved_cs_client */;

--
-- Dumping data for table `web_menus`
--

LOCK TABLES `web_menus` WRITE;
/*!40000 ALTER TABLE `web_menus` DISABLE KEYS */;
/*!40000 ALTER TABLE `web_menus` ENABLE KEYS */;
UNLOCK TABLES;
/*!40103 SET TIME_ZONE=@OLD_TIME_ZONE */;

/*!40101 SET SQL_MODE=@OLD_SQL_MODE */;
/*!40014 SET FOREIGN_KEY_CHECKS=@OLD_FOREIGN_KEY_CHECKS */;
/*!40014 SET UNIQUE_CHECKS=@OLD_UNIQUE_CHECKS */;
/*!40101 SET CHARACTER_SET_CLIENT=@OLD_CHARACTER_SET_CLIENT */;
/*!40101 SET CHARACTER_SET_RESULTS=@OLD_CHARACTER_SET_RESULTS */;
/*!40101 SET COLLATION_CONNECTION=@OLD_COLLATION_CONNECTION */;
/*!40111 SET SQL_NOTES=@OLD_SQL_NOTES */;

-- Dump completed on 2016-11-07 22:06:18
